[2026-08-04 23:58:46] local.ERROR: rename(C:\Users\Jessa\Downloads\pairfect-paws-web (2)\pairfect-paws-web\bootstrap\cache\ser3186.tmp,C:\Users\Jessa\Downloads\pairfect-paws-web (2)\pairfect-paws-web\bootstrap\cache/services.php): Access is denied (code: 5) {"exception":"[object] (ErrorException(code: 0): rename(C:\\Users\\Jessa\\Downloads\\pairfect-paws-web (2)\\pairfect-paws-web\\bootstrap\\cache\\ser3186.tmp,C:\\Users\\Jessa\\Downloads\\pairfect-paws-web (2)\\pairfect-paws-web\\bootstrap\\cache/services.php): Access is denied (code: 5) at C:/Users/Jessa/Downloads/pairfect-paws-web (2)/pairfect-paws-web/vendor/laravel/framework/src/Illuminate/Filesystem/Filesystem.php:233)
[stacktrace]
#0 C:/Users/Jessa/Downloads/pairfect-paws-web (2)/pairfect-paws-web/vendor/laravel/framework/src/Illuminate/Foundation/Bootstrap/HandleExceptions.php(262): Illuminate/Foundation/Bootstrap/HandleExceptions->handleError(2, 'rename(C://Users...', 'C://Users//Jessa//...', 233)
#1 [internal function]: Illuminate/Foundation/Bootstrap/HandleExceptions->Illuminate/Foundation/Bootstrap/{closure}(2, 'rename(C://Users...', 'C://Users//Jessa//...', 233)
#2 C:/Users/Jessa/Downloads/pairfect-paws-web (2)/pairfect-paws-web/vendor/laravel/framework/src/Illuminate/Filesystem/Filesystem.php(233): rename('C://Users//Jessa//...', 'C://Users//Jessa//...')
#3 C:/Users/Jessa/Downloads/pairfect-paws-web (2)/pairfect-paws-web/vendor/laravel/framework/src/Illuminate/Foundation/ProviderRepository.php(190): Illuminate/Filesystem/Filesystem->replace('C://Users//Jessa//...', '<?php return ar...')
#4 C:/Users/Jessa/Downloads/pairfect-paws-web (2)/pairfect-paws-web/vendor/laravel/framework/src/Illuminate/Foundation/ProviderRepository.php(162): Illuminate/Foundation/ProviderRepository->writeManifest(Array)
#5 C:/Users/Jessa/Downloads/pairfect-paws-web (2)/pairfect-paws-web/vendor/laravel/framework/src/Illuminate/Foundation/ProviderRepository.php(60): Illuminate/Foundation/ProviderRepository->compileManifest(Array)
#6 C:/Users/Jessa/Downloads/pairfect-paws-web (2)/pairfect-paws-web/vendor/laravel/framework/src/Illuminate/Foundation/Application.php(871): Illuminate/Foundation/ProviderRepository->load(Array)
#7 C:/Users/Jessa/Downloads/pairfect-paws-web (2)/pairfect-paws-web/vendor/laravel/framework/src/Illuminate/Foundation/Bootstrap/RegisterProviders.php(37): Illuminate/Foundation/Application->registerConfiguredProviders()
#8 C:/Users/Jessa/Downloads/pairfect-paws-web (2)/pairfect-paws-web/vendor/laravel/framework/src/Illuminate/Foundation/Application.php(342): Illuminate/Foundation/Bootstrap/RegisterProviders->bootstrap(Object(Illuminate/Foundation/Application))
#9 C:/Users/Jessa/Downloads/pairfect-paws-web (2)/pairfect-paws-web/vendor/laravel/framework/src/Illuminate/Foundation/Console/Kernel.php(494): Illuminate/Foundation/Application->bootstrapWith(Array)
#10 C:/Users/Jessa/Downloads/pairfect-paws-web (2)/pairfect-paws-web/vendor/laravel/framework/src/Illuminate/Foundation/Console/Kernel.php(196): Illuminate/Foundation/Console/Kernel->bootstrap()
#11 C:/Users/Jessa/Downloads/pairfect-paws-web (2)/pairfect-paws-web/vendor/laravel/framework/src/Illuminate/Foundation/Application.php(1235): Illuminate/Foundation/Console/Kernel->handle(Object(Symfony/Component/Console/Input/ArgvInput), Object(Symfony/Component/Console/Output/ConsoleOutput))
#12 C:/Users/Jessa/Downloads/pairfect-paws-web (2)/pairfect-paws-web/artisan(14): Illuminate/Foundation/Application->handleCommand(Object(Symfony/Component/Console/Input/ArgvInput))
#13 {main}
"} 
[2026-08-04 23:59:24] local.ERROR: SQLSTATE[42S01]: Base table or view already exists: 1050 Table 'cache' already exists (Connection: mysql, Host: 127.0.0.1, Port: 3306, Database: pairfect_paws, SQL: create table `cache` (`key` varchar(255) not null, `value` mediumtext not null, `expiration` int not null, primary key (`key`)) default character set utf8mb4 collate 'utf8mb4_unicode_ci') {"exception":"[object] (Illuminate\\Database\\QueryException(code: 42S01): SQLSTATE[42S01]: Base table or view already exists: 1050 Table 'cache' already exists (Connection: mysql, Host: 127.0.0.1, Port: 3306, Database: pairfect_paws, SQL: create table `cache` (`key` varchar(255) not null, `value` mediumtext not null, `expiration` int not null, primary key (`key`)) default character set utf8mb4 collate 'utf8mb4_unicode_ci') at C:/Users/Jessa/Downloads/pairfect-paws-web (2)/pairfect-paws-web/vendor/laravel/framework/src/Illuminate/Database/Connection.php:838)
[stacktrace]
#0 C:/Users/Jessa/Downloads/pairfect-paws-web (2)/pairfect-paws-web/vendor/laravel/framework/src/Illuminate/Database/Connection.php(794): Illuminate/Database/Connection->runQueryCallback('create table `c...', Array, Object(Closure))
#1 C:/Users/Jessa/Downloads/pairfect-paws-web (2)/pairfect-paws-web/vendor/laravel/framework/src/Illuminate/Database/Connection.php(573): Illuminate/Database/Connection->run('create table `c...', Array, Object(Closure))
#2 C:/Users/Jessa/Downloads/pairfect-paws-web (2)/pairfect-paws-web/vendor/laravel/framework/src/Illuminate/Database/Schema/Blueprint.php(121): Illuminate/Database/Connection->statement('create table `c...')
#3 C:/Users/Jessa/Downloads/pairfect-paws-web (2)/pairfect-paws-web/vendor/laravel/framework/src/Illuminate/Database/Schema/Builder.php(686): Illuminate/Database/Schema/Blueprint->build()
#4 C:/Users/Jessa/Downloads/pairfect-paws-web (2)/pairfect-paws-web/vendor/laravel/framework/src/Illuminate/Database/Schema/Builder.php(506): Illuminate/Database/Schema/Builder->build(Object(Illuminate/Database/Schema/Blueprint))
#5 C:/Users/Jessa/Downloads/pairfect-paws-web (2)/pairfect-paws-web/vendor/laravel/framework/src/Illuminate/Support/Facades/Facade.php(363): Illuminate/Database/Schema/Builder->create('cache', Object(Closure))
#6 C:/Users/Jessa/Downloads/pairfect-paws-web (2)/pairfect-paws-web/database/migrations/2024_01_00_000001_create_cache_table.php(10): Illuminate/Support/Facades/Facade::__callStatic('create', Array)
#7 C:/Users/Jessa/Downloads/pairfect-paws-web (2)/pairfect-paws-web/vendor/laravel/framework/src/Illuminate/Database/Migrations/Migrator.php(517): Illuminate/Database/Migrations/Migration@anonymous->up()
#8 C:/Users/Jessa/Downloads/pairfect-paws-web (2)/pairfect-paws-web/vendor/laravel/framework/src/Illuminate/Database/Migrations/Migrator.php(442): Illuminate/Database/Migrations/Migrator->runMethod(Object(Illuminate/Database/MySqlConnection), Object(Illuminate/Database/Migrations/Migration@anonymous), 'up')
#9 C:/Users/Jessa/Downloads/pairfect-paws-web (2)/pairfect-paws-web/vendor/laravel/framework/src/Illuminate/Database/Migrations/Migrator.php(451): Illuminate/Database/Migrations/Migrator->Illuminate/Database/Migrations/{closure}()
#10 C:/Users/Jessa/Downloads/pairfect-paws-web (2)/pairfect-paws-web/vendor/laravel/framework/src/Illuminate/Database/Migrations/Migrator.php(253): Illuminate/Database/Migrations/Migrator->runMigration(Object(Illuminate/Database/Migrations/Migration@anonymous), 'up')
#11 C:/Users/Jessa/Downloads/pairfect-paws-web (2)/pairfect-paws-web/vendor/laravel/framework/src/Illuminate/Console/View/Components/Task.php(41): Illuminate/Database/Migrations/Migrator->Illuminate/Database/Migrations/{closure}()
#12 C:/Users/Jessa/Downloads/pairfect-paws-web (2)/pairfect-paws-web/vendor/laravel/framework/src/Illuminate/Database/Migrations/Migrator.php(814): Illuminate/Console/View/Components/Task->render('2024_01_00_0000...', Object(Closure))
#13 C:/Users/Jessa/Downloads/pairfect-paws-web (2)/pairfect-paws-web/vendor/laravel/framework/src/Illuminate/Database/Migrations/Migrator.php(253): Illuminate/Database/Migrations/Migrator->write('Illuminate//Cons...', '2024_01_00_0000...', Object(Closure))
#14 C:/Users/Jessa/Downloads/pairfect-paws-web (2)/pairfect-paws-web/vendor/laravel/framework/src/Illuminate/Database/Migrations/Migrator.php(211): Illuminate/Database/Migrations/Migrator->runUp('C://Users//Jessa//...', 2, false)
#15 C:/Users/Jessa/Downloads/pairfect-paws-web (2)/pairfect-paws-web/vendor/laravel/framework/src/Illuminate/Database/Migrations/Migrator.php(138): Illuminate/Database/Migrations/Migrator->runPending(Array, Array)
#16 C:/Users/Jessa/Downloads/pairfect-paws-web (2)/pairfect-paws-web/vendor/laravel/framework/src/Illuminate/Database/Console/Migrations/MigrateCommand.php(116): Illuminate/Database/Migrations/Migrator->run(Array, Array)
#17 C:/Users/Jessa/Downloads/pairfect-paws-web (2)/pairfect-paws-web/vendor/laravel/framework/src/Illuminate/Database/Migrations/Migrator.php(671): Illuminate/Database/Console/Migrations/MigrateCommand->Illuminate/Database/Console/Migrations/{closure}()
#18 C:/Users/Jessa/Downloads/pairfect-paws-web (2)/pairfect-paws-web/vendor/laravel/framework/src/Illuminate/Database/Console/Migrations/MigrateCommand.php(109): Illuminate/Database/Migrations/Migrator->usingConnection(NULL, Object(Closure))
#19 C:/Users/Jessa/Downloads/pairfect-paws-web (2)/pairfect-paws-web/vendor/laravel/framework/src/Illuminate/Database/Console/Migrations/MigrateCommand.php(88): Illuminate/Database/Console/Migrations/MigrateCommand->runMigrations()
#20 C:/Users/Jessa/Downloads/pairfect-paws-web (2)/pairfect-paws-web/vendor/laravel/framework/src/Illuminate/Container/BoundMethod.php(36): Illuminate/Database/Console/Migrations/MigrateCommand->handle()
#21 C:/Users/Jessa/Downloads/pairfect-paws-web (2)/pairfect-paws-web/vendor/laravel/framework/src/Illuminate/Container/Util.php(43): Illuminate/Container/BoundMethod::Illuminate/Container/{closure}()
#22 C:/Users/Jessa/Downloads/pairfect-paws-web (2)/pairfect-paws-web/vendor/laravel/framework/src/Illuminate/Container/BoundMethod.php(96): Illuminate/Container/Util::unwrapIfClosure(Object(Closure))
#23 C:/Users/Jessa/Downloads/pairfect-paws-web (2)/pairfect-paws-web/vendor/laravel/framework/src/Illuminate/Container/BoundMethod.php(35): Illuminate/Container/BoundMethod::callBoundMethod(Object(Illuminate/Foundation/Application), Array, Object(Closure))
#24 C:/Users/Jessa/Downloads/pairfect-paws-web (2)/pairfect-paws-web/vendor/laravel/framework/src/Illuminate/Container/Container.php(799): Illuminate/Container/BoundMethod::call(Object(Illuminate/Foundation/Application), Array, Array, NULL)
#25 C:/Users/Jessa/Downloads/pairfect-paws-web (2)/pairfect-paws-web/vendor/laravel/framework/src/Illuminate/Console/Command.php(211): Illuminate/Container/Container->call(Array)
#26 C:/Users/Jessa/Downloads/pairfect-paws-web (2)/pairfect-paws-web/vendor/symfony/console/Command/Command.php(341): Illuminate/Console/Command->execute(Object(Symfony/Component/Console/Input/ArgvInput), Object(Illuminate/Console/OutputStyle))
#27 C:/Users/Jessa/Downloads/pairfect-paws-web (2)/pairfect-paws-web/vendor/laravel/framework/src/Illuminate/Console/Command.php(180): Symfony/Component/Console/Command/Command->run(Object(Symfony/Component/Console/Input/ArgvInput), Object(Illuminate/Console/OutputStyle))
#28 C:/Users/Jessa/Downloads/pairfect-paws-web (2)/pairfect-paws-web/vendor/symfony/console/Application.php(1117): Illuminate/Console/Command->run(Object(Symfony/Component/Console/Input/ArgvInput), Object(Symfony/Component/Console/Output/ConsoleOutput))
#29 C:/Users/Jessa/Downloads/pairfect-paws-web (2)/pairfect-paws-web/vendor/symfony/console/Application.php(356): Symfony/Component/Console/Application->doRunCommand(Object(Illuminate/Database/Console/Migrations/MigrateCommand), Object(Symfony/Component/Console/Input/ArgvInput), Object(Symfony/Component/Console/Output/ConsoleOutput))
#30 C:/Users/Jessa/Downloads/pairfect-paws-web (2)/pairfect-paws-web/vendor/symfony/console/Application.php(195): Symfony/Component/Console/Application->doRun(Object(Symfony/Component/Console/Input/ArgvInput), Object(Symfony/Component/Console/Output/ConsoleOutput))
#31 C:/Users/Jessa/Downloads/pairfect-paws-web (2)/pairfect-paws-web/vendor/laravel/framework/src/Illuminate/Foundation/Console/Kernel.php(198): Symfony/Component/Console/Application->run(Object(Symfony/Component/Console/Input/ArgvInput), Object(Symfony/Component/Console/Output/ConsoleOutput))
#32 C:/Users/Jessa/Downloads/pairfect-paws-web (2)/pairfect-paws-web/vendor/laravel/framework/src/Illuminate/Foundation/Application.php(1235): Illuminate/Foundation/Console/Kernel->handle(Object(Symfony/Component/Console/Input/ArgvInput), Object(Symfony/Component/Console/Output/ConsoleOutput))
#33 C:/Users/Jessa/Downloads/pairfect-paws-web (2)/pairfect-paws-web/artisan(14): Illuminate/Foundation/Application->handleCommand(Object(Symfony/Component/Console/Input/ArgvInput))
#34 {main}

[previous exception] [object] (PDOException(code: 42S01): SQLSTATE[42S01]: Base table or view already exists: 1050 Table 'cache' already exists at C:/Users/Jessa/Downloads/pairfect-paws-web (2)/pairfect-paws-web/vendor/laravel/framework/src/Illuminate/Database/Connection.php:584)
[stacktrace]
#0 C:/Users/Jessa/Downloads/pairfect-paws-web (2)/pairfect-paws-web/vendor/laravel/framework/src/Illuminate/Database/Connection.php(584): PDOStatement->execute()
#1 C:/Users/Jessa/Downloads/pairfect-paws-web (2)/pairfect-paws-web/vendor/laravel/framework/src/Illuminate/Database/Connection.php(827): Illuminate/Database/Connection->Illuminate/Database/{closure}('create table `c...', Array)
#2 C:/Users/Jessa/Downloads/pairfect-paws-web (2)/pairfect-paws-web/vendor/laravel/framework/src/Illuminate/Database/Connection.php(794): Illuminate/Database/Connection->runQueryCallback('create table `c...', Array, Object(Closure))
#3 C:/Users/Jessa/Downloads/pairfect-paws-web (2)/pairfect-paws-web/vendor/laravel/framework/src/Illuminate/Database/Connection.php(573): Illuminate/Database/Connection->run('create table `c...', Array, Object(Closure))
#4 C:/Users/Jessa/Downloads/pairfect-paws-web (2)/pairfect-paws-web/vendor/laravel/framework/src/Illuminate/Database/Schema/Blueprint.php(121): Illuminate/Database/Connection->statement('create table `c...')
#5 C:/Users/Jessa/Downloads/pairfect-paws-web (2)/pairfect-paws-web/vendor/laravel/framework/src/Illuminate/Database/Schema/Builder.php(686): Illuminate/Database/Schema/Blueprint->build()
#6 C:/Users/Jessa/Downloads/pairfect-paws-web (2)/pairfect-paws-web/vendor/laravel/framework/src/Illuminate/Database/Schema/Builder.php(506): Illuminate/Database/Schema/Builder->build(Object(Illuminate/Database/Schema/Blueprint))
#7 C:/Users/Jessa/Downloads/pairfect-paws-web (2)/pairfect-paws-web/vendor/laravel/framework/src/Illuminate/Support/Facades/Facade.php(363): Illuminate/Database/Schema/Builder->create('cache', Object(Closure))
#8 C:/Users/Jessa/Downloads/pairfect-paws-web (2)/pairfect-paws-web/database/migrations/2024_01_00_000001_create_cache_table.php(10): Illuminate/Support/Facades/Facade::__callStatic('create', Array)
#9 C:/Users/Jessa/Downloads/pairfect-paws-web (2)/pairfect-paws-web/vendor/laravel/framework/src/Illuminate/Database/Migrations/Migrator.php(517): Illuminate/Database/Migrations/Migration@anonymous->up()
#10 C:/Users/Jessa/Downloads/pairfect-paws-web (2)/pairfect-paws-web/vendor/laravel/framework/src/Illuminate/Database/Migrations/Migrator.php(442): Illuminate/Database/Migrations/Migrator->runMethod(Object(Illuminate/Database/MySqlConnection), Object(Illuminate/Database/Migrations/Migration@anonymous), 'up')
#11 C:/Users/Jessa/Downloads/pairfect-paws-web (2)/pairfect-paws-web/vendor/laravel/framework/src/Illuminate/Database/Migrations/Migrator.php(451): Illuminate/Database/Migrations/Migrator->Illuminate/Database/Migrations/{closure}()
#12 C:/Users/Jessa/Downloads/pairfect-paws-web (2)/pairfect-paws-web/vendor/laravel/framework/src/Illuminate/Database/Migrations/Migrator.php(253): Illuminate/Database/Migrations/Migrator->runMigration(Object(Illuminate/Database/Migrations/Migration@anonymous), 'up')
#13 C:/Users/Jessa/Downloads/pairfect-paws-web (2)/pairfect-paws-web/vendor/laravel/framework/src/Illuminate/Console/View/Components/Task.php(41): Illuminate/Database/Migrations/Migrator->Illuminate/Database/Migrations/{closure}()
#14 C:/Users/Jessa/Downloads/pairfect-paws-web (2)/pairfect-paws-web/vendor/laravel/framework/src/Illuminate/Database/Migrations/Migrator.php(814): Illuminate/Console/View/Components/Task->render('2024_01_00_0000...', Object(Closure))
#15 C:/Users/Jessa/Downloads/pairfect-paws-web (2)/pairfect-paws-web/vendor/laravel/framework/src/Illuminate/Database/Migrations/Migrator.php(253): Illuminate/Database/Migrations/Migrator->write('Illuminate//Cons...', '2024_01_00_0000...', Object(Closure))
#16 C:/Users/Jessa/Downloads/pairfect-paws-web (2)/pairfect-paws-web/vendor/laravel/framework/src/Illuminate/Database/Migrations/Migrator.php(211): Illuminate/Database/Migrations/Migrator->runUp('C://Users//Jessa//...', 2, false)
#17 C:/Users/Jessa/Downloads/pairfect-paws-web (2)/pairfect-paws-web/vendor/laravel/framework/src/Illuminate/Database/Migrations/Migrator.php(138): Illuminate/Database/Migrations/Migrator->runPending(Array, Array)
#18 C:/Users/Jessa/Downloads/pairfect-paws-web (2)/pairfect-paws-web/vendor/laravel/framework/src/Illuminate/Database/Console/Migrations/MigrateCommand.php(116): Illuminate/Database/Migrations/Migrator->run(Array, Array)
#19 C:/Users/Jessa/Downloads/pairfect-paws-web (2)/pairfect-paws-web/vendor/laravel/framework/src/Illuminate/Database/Migrations/Migrator.php(671): Illuminate/Database/Console/Migrations/MigrateCommand->Illuminate/Database/Console/Migrations/{closure}()
#20 C:/Users/Jessa/Downloads/pairfect-paws-web (2)/pairfect-paws-web/vendor/laravel/framework/src/Illuminate/Database/Console/Migrations/MigrateCommand.php(109): Illuminate/Database/Migrations/Migrator->usingConnection(NULL, Object(Closure))
#21 C:/Users/Jessa/Downloads/pairfect-paws-web (2)/pairfect-paws-web/vendor/laravel/framework/src/Illuminate/Database/Console/Migrations/MigrateCommand.php(88): Illuminate/Database/Console/Migrations/MigrateCommand->runMigrations()
#22 C:/Users/Jessa/Downloads/pairfect-paws-web (2)/pairfect-paws-web/vendor/laravel/framework/src/Illuminate/Container/BoundMethod.php(36): Illuminate/Database/Console/Migrations/MigrateCommand->handle()
#23 C:/Users/Jessa/Downloads/pairfect-paws-web (2)/pairfect-paws-web/vendor/laravel/framework/src/Illuminate/Container/Util.php(43): Illuminate/Container/BoundMethod::Illuminate/Container/{closure}()
#24 C:/Users/Jessa/Downloads/pairfect-paws-web (2)/pairfect-paws-web/vendor/laravel/framework/src/Illuminate/Container/BoundMethod.php(96): Illuminate/Container/Util::unwrapIfClosure(Object(Closure))
#25 C:/Users/Jessa/Downloads/pairfect-paws-web (2)/pairfect-paws-web/vendor/laravel/framework/src/Illuminate/Container/BoundMethod.php(35): Illuminate/Container/BoundMethod::callBoundMethod(Object(Illuminate/Foundation/Application), Array, Object(Closure))
#26 C:/Users/Jessa/Downloads/pairfect-paws-web (2)/pairfect-paws-web/vendor/laravel/framework/src/Illuminate/Container/Container.php(799): Illuminate/Container/BoundMethod::call(Object(Illuminate/Foundation/Application), Array, Array, NULL)
#27 C:/Users/Jessa/Downloads/pairfect-paws-web (2)/pairfect-paws-web/vendor/laravel/framework/src/Illuminate/Console/Command.php(211): Illuminate/Container/Container->call(Array)
#28 C:/Users/Jessa/Downloads/pairfect-paws-web (2)/pairfect-paws-web/vendor/symfony/console/Command/Command.php(341): Illuminate/Console/Command->execute(Object(Symfony/Component/Console/Input/ArgvInput), Object(Illuminate/Console/OutputStyle))
#29 C:/Users/Jessa/Downloads/pairfect-paws-web (2)/pairfect-paws-web/vendor/laravel/framework/src/Illuminate/Console/Command.php(180): Symfony/Component/Console/Command/Command->run(Object(Symfony/Component/Console/Input/ArgvInput), Object(Illuminate/Console/OutputStyle))
#30 C:/Users/Jessa/Downloads/pairfect-paws-web (2)/pairfect-paws-web/vendor/symfony/console/Application.php(1117): Illuminate/Console/Command->run(Object(Symfony/Component/Console/Input/ArgvInput), Object(Symfony/Component/Console/Output/ConsoleOutput))
#31 C:/Users/Jessa/Downloads/pairfect-paws-web (2)/pairfect-paws-web/vendor/symfony/console/Application.php(356): Symfony/Component/Console/Application->doRunCommand(Object(Illuminate/Database/Console/Migrations/MigrateCommand), Object(Symfony/Component/Console/Input/ArgvInput), Object(Symfony/Component/Console/Output/ConsoleOutput))
#32 C:/Users/Jessa/Downloads/pairfect-paws-web (2)/pairfect-paws-web/vendor/symfony/console/Application.php(195): Symfony/Component/Console/Application->doRun(Object(Symfony/Component/Console/Input/ArgvInput), Object(Symfony/Component/Console/Output/ConsoleOutput))
#33 C:/Users/Jessa/Downloads/pairfect-paws-web (2)/pairfect-paws-web/vendor/laravel/framework/src/Illuminate/Foundation/Console/Kernel.php(198): Symfony/Component/Console/Application->run(Object(Symfony/Component/Console/Input/ArgvInput), Object(Symfony/Component/Console/Output/ConsoleOutput))
#34 C:/Users/Jessa/Downloads/pairfect-paws-web (2)/pairfect-paws-web/vendor/laravel/framework/src/Illuminate/Foundation/Application.php(1235): Illuminate/Foundation/Console/Kernel->handle(Object(Symfony/Component/Console/Input/ArgvInput), Object(Symfony/Component/Console/Output/ConsoleOutput))
#35 C:/Users/Jessa/Downloads/pairfect-paws-web (2)/pairfect-paws-web/artisan(14): Illuminate/Foundation/Application->handleCommand(Object(Symfony/Component/Console/Input/ArgvInput))
#36 {main}
"} 
[2026-08-05 00:37:26] local.ERROR: SQLSTATE[HY000] [2002] No connection could be made because the target machine actively refused it (Connection: mysql, Host: 127.0.0.1, Port: 3306, Database: pairfect_paws, SQL: select * from `sessions` where `id` = d9X0DqkHrp1jaCJYp1rLp5TpSKSe0j3JstSS0AhD limit 1) {"exception":"[object] (Illuminate\\Database\\QueryException(code: 2002): SQLSTATE[HY000] [2002] No connection could be made because the target machine actively refused it (Connection: mysql, Host: 127.0.0.1, Port: 3306, Database: pairfect_paws, SQL: select * from `sessions` where `id` = d9X0DqkHrp1jaCJYp1rLp5TpSKSe0j3JstSS0AhD limit 1) at C:/Users/Jessa/Downloads/pairfect-paws-web (2)/pairfect-paws-web/vendor/laravel/framework/src/Illuminate/Database/Connection.php:838)
[stacktrace]
#0 C:/Users/Jessa/Downloads/pairfect-paws-web (2)/pairfect-paws-web/vendor/laravel/framework/src/Illuminate/Database/Connection.php(999): Illuminate/Database/Connection->runQueryCallback('select * from `...', Array, Object(Closure))
#1 C:/Users/Jessa/Downloads/pairfect-paws-web (2)/pairfect-paws-web/vendor/laravel/framework/src/Illuminate/Database/Connection.php(978): Illuminate/Database/Connection->tryAgainIfCausedByLostConnection(Object(Illuminate/Database/QueryException), 'select * from `...', Array, Object(Closure))
#2 C:/Users/Jessa/Downloads/pairfect-paws-web (2)/pairfect-paws-web/vendor/laravel/framework/src/Illuminate/Database/Connection.php(796): Illuminate/Database/Connection->handleQueryException(Object(Illuminate/Database/QueryException), 'select * from `...', Array, Object(Closure))
#3 C:/Users/Jessa/Downloads/pairfect-paws-web (2)/pairfect-paws-web/vendor/laravel/framework/src/Illuminate/Database/Connection.php(411): Illuminate/Database/Connection->run('select * from `...', Array, Object(Closure))
#4 C:/Users/Jessa/Downloads/pairfect-paws-web (2)/pairfect-paws-web/vendor/laravel/framework/src/Illuminate/Database/Query/Builder.php(3505): Illuminate/Database/Connection->select('select * from `...', Array, false)
#5 C:/Users/Jessa/Downloads/pairfect-paws-web (2)/pairfect-paws-web/vendor/laravel/framework/src/Illuminate/Database/Query/Builder.php(3490): Illuminate/Database/Query/Builder->runSelect()
#6 C:/Users/Jessa/Downloads/pairfect-paws-web (2)/pairfect-paws-web/vendor/laravel/framework/src/Illuminate/Database/Query/Builder.php(4080): Illuminate/Database/Query/Builder->Illuminate/Database/Query/{closure}()
#7 C:/Users/Jessa/Downloads/pairfect-paws-web (2)/pairfect-paws-web/vendor/laravel/framework/src/Illuminate/Database/Query/Builder.php(3489): Illuminate/Database/Query/Builder->onceWithColumns(Array, Object(Closure))
#8 C:/Users/Jessa/Downloads/pairfect-paws-web (2)/pairfect-paws-web/vendor/laravel/framework/src/Illuminate/Database/Concerns/BuildsQueries.php(366): Illuminate/Database/Query/Builder->get(Array)
#9 C:/Users/Jessa/Downloads/pairfect-paws-web (2)/pairfect-paws-web/vendor/laravel/framework/src/Illuminate/Database/Query/Builder.php(3412): Illuminate/Database/Query/Builder->first(Array)
#10 C:/Users/Jessa/Downloads/pairfect-paws-web (2)/pairfect-paws-web/vendor/laravel/framework/src/Illuminate/Session/DatabaseSessionHandler.php(96): Illuminate/Database/Query/Builder->find('d9X0DqkHrp1jaCJ...')
#11 C:/Users/Jessa/Downloads/pairfect-paws-web (2)/pairfect-paws-web/vendor/laravel/framework/src/Illuminate/Session/Store.php(128): Illuminate/Session/DatabaseSessionHandler->read('d9X0DqkHrp1jaCJ...')
#12 C:/Users/Jessa/Downloads/pairfect-paws-web (2)/pairfect-paws-web/vendor/laravel/framework/src/Illuminate/Session/Store.php(116): Illuminate/Session/Store->readFromHandler()
#13 C:/Users/Jessa/Downloads/pairfect-paws-web (2)/pairfect-paws-web/vendor/laravel/framework/src/Illuminate/Session/Store.php(100): Illuminate/Session/Store->loadSession()
#14 C:/Users/Jessa/Downloads/pairfect-paws-web (2)/pairfect-paws-web/vendor/laravel/framework/src/Illuminate/Session/Middleware/StartSession.php(146): Illuminate/Session/Store->start()
#15 C:/Users/Jessa/Downloads/pairfect-paws-web (2)/pairfect-paws-web/vendor/laravel/framework/src/Illuminate/Support/helpers.php(393): Illuminate/Session/Middleware/StartSession->Illuminate/Session/Middleware/{closure}(Object(Illuminate/Session/EncryptedStore))
#16 C:/Users/Jessa/Downloads/pairfect-paws-web (2)/pairfect-paws-web/vendor/laravel/framework/src/Illuminate/Session/Middleware/StartSession.php(143): tap(Object(Illuminate/Session/EncryptedStore), Object(Closure))
#17 C:/Users/Jessa/Downloads/pairfect-paws-web (2)/pairfect-paws-web/vendor/laravel/framework/src/Illuminate/Session/Middleware/StartSession.php(115): Illuminate/Session/Middleware/StartSession->startSession(Object(Illuminate/Http/Request), Object(Illuminate/Session/EncryptedStore))
#18 C:/Users/Jessa/Downloads/pairfect-paws-web (2)/pairfect-paws-web/vendor/laravel/framework/src/Illuminate/Session/Middleware/StartSession.php(63): Illuminate/Session/Middleware/StartSession->handleStatefulRequest(Object(Illuminate/Http/Request), Object(Illuminate/Session/EncryptedStore), Object(Closure))
#19 C:/Users/Jessa/Downloads/pairfect-paws-web (2)/pairfect-paws-web/vendor/laravel/framework/src/Illuminate/Pipeline/Pipeline.php(219): Illuminate/Session/Middleware/StartSession->handle(Object(Illuminate/Http/Request), Object(Closure))
#20 C:/Users/Jessa/Downloads/pairfect-paws-web (2)/pairfect-paws-web/vendor/laravel/framework/src/Illuminate/Cookie/Middleware/AddQueuedCookiesToResponse.php(36): Illuminate/Pipeline/Pipeline->Illuminate/Pipeline/{closure}(Object(Illuminate/Http/Request))
#21 C:/Users/Jessa/Downloads/pairfect-paws-web (2)/pairfect-paws-web/vendor/laravel/framework/src/Illuminate/Pipeline/Pipeline.php(219): Illuminate/Cookie/Middleware/AddQueuedCookiesToResponse->handle(Object(Illuminate/Http/Request), Object(Closure))
#22 C:/Users/Jessa/Downloads/pairfect-paws-web (2)/pairfect-paws-web/vendor/laravel/framework/src/Illuminate/Cookie/Middleware/EncryptCookies.php(74): Illuminate/Pipeline/Pipeline->Illuminate/Pipeline/{closure}(Object(Illuminate/Http/Request))
#23 C:/Users/Jessa/Downloads/pairfect-paws-web (2)/pairfect-paws-web/vendor/laravel/framework/src/Illuminate/Pipeline/Pipeline.php(219): Illuminate/Cookie/Middleware/EncryptCookies->handle(Object(Illuminate/Http/Request), Object(Closure))
#24 C:/Users/Jessa/Downloads/pairfect-paws-web (2)/pairfect-paws-web/vendor/laravel/framework/src/Illuminate/Pipeline/Pipeline.php(137): Illuminate/Pipeline/Pipeline->Illuminate/Pipeline/{closure}(Object(Illuminate/Http/Request))
#25 C:/Users/Jessa/Downloads/pairfect-paws-web (2)/pairfect-paws-web/vendor/laravel/framework/src/Illuminate/Routing/Router.php(821): Illuminate/Pipeline/Pipeline->then(Object(Closure))
#26 C:/Users/Jessa/Downloads/pairfect-paws-web (2)/pairfect-paws-web/vendor/laravel/framework/src/Illuminate/Routing/Router.php(800): Illuminate/Routing/Router->runRouteWithinStack(Object(Illuminate/Routing/Route), Object(Illuminate/Http/Request))
#27 C:/Users/Jessa/Downloads/pairfect-paws-web (2)/pairfect-paws-web/vendor/laravel/framework/src/Illuminate/Routing/Router.php(764): Illuminate/Routing/Router->runRoute(Object(Illuminate/Http/Request), Object(Illuminate/Routing/Route))
#28 C:/Users/Jessa/Downloads/pairfect-paws-web (2)/pairfect-paws-web/vendor/laravel/framework/src/Illuminate/Routing/Router.php(753): Illuminate/Routing/Router->dispatchToRoute(Object(Illuminate/Http/Request))
#29 C:/Users/Jessa/Downloads/pairfect-paws-web (2)/pairfect-paws-web/vendor/laravel/framework/src/Illuminate/Foundation/Http/Kernel.php(200): Illuminate/Routing/Router->dispatch(Object(Illuminate/Http/Request))
#30 C:/Users/Jessa/Downloads/pairfect-paws-web (2)/pairfect-paws-web/vendor/laravel/framework/src/Illuminate/Pipeline/Pipeline.php(180): Illuminate/Foundation/Http/Kernel->Illuminate/Foundation/Http/{closure}(Object(Illuminate/Http/Request))
#31 C:/Users/Jessa/Downloads/pairfect-paws-web (2)/pairfect-paws-web/vendor/laravel/framework/src/Illuminate/Foundation/Http/Middleware/TransformsRequest.php(21): Illuminate/Pipeline/Pipeline->Illuminate/Pipeline/{closure}(Object(Illuminate/Http/Request))
#32 C:/Users/Jessa/Downloads/pairfect-paws-web (2)/pairfect-paws-web/vendor/laravel/framework/src/Illuminate/Foundation/Http/Middleware/ConvertEmptyStringsToNull.php(31): Illuminate/Foundation/Http/Middleware/TransformsRequest->handle(Object(Illuminate/Http/Request), Object(Closure))
#33 C:/Users/Jessa/Downloads/pairfect-paws-web (2)/pairfect-paws-web/vendor/laravel/framework/src/Illuminate/Pipeline/Pipeline.php(219): Illuminate/Foundation/Http/Middleware/ConvertEmptyStringsToNull->handle(Object(Illuminate/Http/Request), Object(Closure))
#34 C:/Users/Jessa/Downloads/pairfect-paws-web (2)/pairfect-paws-web/vendor/laravel/framework/src/Illuminate/Foundation/Http/Middleware/TransformsRequest.php(21): Illuminate/Pipeline/Pipeline->Illuminate/Pipeline/{closure}(Object(Illuminate/Http/Request))
#35 C:/Users/Jessa/Downloads/pairfect-paws-web (2)/pairfect-paws-web/vendor/laravel/framework/src/Illuminate/Foundation/Http/Middleware/TrimStrings.php(51): Illuminate/Foundation/Http/Middleware/TransformsRequest->handle(Object(Illuminate/Http/Request), Object(Closure))
#36 C:/Users/Jessa/Downloads/pairfect-paws-web (2)/pairfect-paws-web/vendor/laravel/framework/src/Illuminate/Pipeline/Pipeline.php(219): Illuminate/Foundation/Http/Middleware/TrimStrings->handle(Object(Illuminate/Http/Request), Object(Closure))
#37 C:/Users/Jessa/Downloads/pairfect-paws-web (2)/pairfect-paws-web/vendor/laravel/framework/src/Illuminate/Http/Middleware/ValidatePostSize.php(27): Illuminate/Pipeline/Pipeline->Illuminate/Pipeline/{closure}(Object(Illuminate/Http/Request))
#38 C:/Users/Jessa/Downloads/pairfect-paws-web (2)/pairfect-paws-web/vendor/laravel/framework/src/Illuminate/Pipeline/Pipeline.php(219): Illuminate/Http/Middleware/ValidatePostSize->handle(Object(Illuminate/Http/Request), Object(Closure))
#39 C:/Users/Jessa/Downloads/pairfect-paws-web (2)/pairfect-paws-web/vendor/laravel/framework/src/Illuminate/Foundation/Http/Middleware/PreventRequestsDuringMaintenance.php(109): Illuminate/Pipeline/Pipeline->Illuminate/Pipeline/{closure}(Object(Illuminate/Http/Request))
#40 C:/Users/Jessa/Downloads/pairfect-paws-web (2)/pairfect-paws-web/vendor/laravel/framework/src/Illuminate/Pipeline/Pipeline.php(219): Illuminate/Foundation/Http/Middleware/PreventRequestsDuringMaintenance->handle(Object(Illuminate/Http/Request), Object(Closure))
#41 C:/Users/Jessa/Downloads/pairfect-paws-web (2)/pairfect-paws-web/vendor/laravel/framework/src/Illuminate/Http/Middleware/HandleCors.php(61): Illuminate/Pipeline/Pipeline->Illuminate/Pipeline/{closure}(Object(Illuminate/Http/Request))
#42 C:/Users/Jessa/Downloads/pairfect-paws-web (2)/pairfect-paws-web/vendor/laravel/framework/src/Illuminate/Pipeline/Pipeline.php(219): Illuminate/Http/Middleware/HandleCors->handle(Object(Illuminate/Http/Request), Object(Closure))
#43 C:/Users/Jessa/Downloads/pairfect-paws-web (2)/pairfect-paws-web/vendor/laravel/framework/src/Illuminate/Http/Middleware/TrustProxies.php(58): Illuminate/Pipeline/Pipeline->Illuminate/Pipeline/{closure}(Object(Illuminate/Http/Request))
#44 C:/Users/Jessa/Downloads/pairfect-paws-web (2)/pairfect-paws-web/vendor/laravel/framework/src/Illuminate/Pipeline/Pipeline.php(219): Illuminate/Http/Middleware/TrustProxies->handle(Object(Illuminate/Http/Request), Object(Closure))
#45 C:/Users/Jessa/Downloads/pairfect-paws-web (2)/pairfect-paws-web/vendor/laravel/framework/src/Illuminate/Foundation/Http/Middleware/InvokeDeferredCallbacks.php(22): Illuminate/Pipeline/Pipeline->Illuminate/Pipeline/{closure}(Object(Illuminate/Http/Request))
#46 C:/Users/Jessa/Downloads/pairfect-paws-web (2)/pairfect-paws-web/vendor/laravel/framework/src/Illuminate/Pipeline/Pipeline.php(219): Illuminate/Foundation/Http/Middleware/InvokeDeferredCallbacks->handle(Object(Illuminate/Http/Request), Object(Closure))
#47 C:/Users/Jessa/Downloads/pairfect-paws-web (2)/pairfect-paws-web/vendor/laravel/framework/src/Illuminate/Http/Middleware/ValidatePathEncoding.php(26): Illuminate/Pipeline/Pipeline->Illuminate/Pipeline/{closure}(Object(Illuminate/Http/Request))
#48 C:/Users/Jessa/Downloads/pairfect-paws-web (2)/pairfect-paws-web/vendor/laravel/framework/src/Illuminate/Pipeline/Pipeline.php(219): Illuminate/Http/Middleware/ValidatePathEncoding->handle(Object(Illuminate/Http/Request), Object(Closure))
#49 C:/Users/Jessa/Downloads/pairfect-paws-web (2)/pairfect-paws-web/vendor/laravel/framework/src/Illuminate/Pipeline/Pipeline.php(137): Illuminate/Pipeline/Pipeline->Illuminate/Pipeline/{closure}(Object(Illuminate/Http/Request))
#50 C:/Users/Jessa/Downloads/pairfect-paws-web (2)/pairfect-paws-web/vendor/laravel/framework/src/Illuminate/Foundation/Http/Kernel.php(175): Illuminate/Pipeline/Pipeline->then(Object(Closure))
#51 C:/Users/Jessa/Downloads/pairfect-paws-web (2)/pairfect-paws-web/vendor/laravel/framework/src/Illuminate/Foundation/Http/Kernel.php(144): Illuminate/Foundation/Http/Kernel->sendRequestThroughRouter(Object(Illuminate/Http/Request))
#52 C:/Users/Jessa/Downloads/pairfect-paws-web (2)/pairfect-paws-web/vendor/laravel/framework/src/Illuminate/Foundation/Application.php(1220): Illuminate/Foundation/Http/Kernel->handle(Object(Illuminate/Http/Request))
#53 C:/Users/Jessa/Downloads/pairfect-paws-web (2)/pairfect-paws-web/public/index.php(18): Illuminate/Foundation/Application->handleRequest(Object(Illuminate/Http/Request))
#54 C:/Users/Jessa/Downloads/pairfect-paws-web (2)/pairfect-paws-web/vendor/laravel/framework/src/Illuminate/Foundation/resources/server.php(23): require_once('C://Users//Jessa//...')
#55 {main}

[previous exception] [object] (PDOException(code: 2002): SQLSTATE[HY000] [2002] No connection could be made because the target machine actively refused it at C:/Users/Jessa/Downloads/pairfect-paws-web (2)/pairfect-paws-web/vendor/laravel/framework/src/Illuminate/Database/Connectors/Connector.php:66)
[stacktrace]
#0 C:/Users/Jessa/Downloads/pairfect-paws-web (2)/pairfect-paws-web/vendor/laravel/framework/src/Illuminate/Database/Connectors/Connector.php(66): PDO->__construct('mysql:host=127....', 'root', Object(SensitiveParameterValue), Array)
#1 C:/Users/Jessa/Downloads/pairfect-paws-web (2)/pairfect-paws-web/vendor/laravel/framework/src/Illuminate/Database/Connectors/Connector.php(85): Illuminate/Database/Connectors/Connector->createPdoConnection('mysql:host=127....', 'root', Object(SensitiveParameterValue), Array)
#2 C:/Users/Jessa/Downloads/pairfect-paws-web (2)/pairfect-paws-web/vendor/laravel/framework/src/Illuminate/Database/Connectors/Connector.php(48): Illuminate/Database/Connectors/Connector->tryAgainIfCausedByLostConnection(Object(PDOException), 'mysql:host=127....', 'root', Object(SensitiveParameterValue), Array)
#3 C:/Users/Jessa/Downloads/pairfect-paws-web (2)/pairfect-paws-web/vendor/laravel/framework/src/Illuminate/Database/Connectors/MySqlConnector.php(24): Illuminate/Database/Connectors/Connector->createConnection('mysql:host=127....', Array, Array)
#4 C:/Users/Jessa/Downloads/pairfect-paws-web (2)/pairfect-paws-web/vendor/laravel/framework/src/Illuminate/Database/Connectors/ConnectionFactory.php(186): Illuminate/Database/Connectors/MySqlConnector->connect(Array)
#5 [internal function]: Illuminate/Database/Connectors/ConnectionFactory->Illuminate/Database/Connectors/{closure}()
#6 C:/Users/Jessa/Downloads/pairfect-paws-web (2)/pairfect-paws-web/vendor/laravel/framework/src/Illuminate/Database/Connection.php(1257): call_user_func(Object(Closure))
#7 C:/Users/Jessa/Downloads/pairfect-paws-web (2)/pairfect-paws-web/vendor/laravel/framework/src/Illuminate/Database/Connection.php(525): Illuminate/Database/Connection->getPdo()
#8 C:/Users/Jessa/Downloads/pairfect-paws-web (2)/pairfect-paws-web/vendor/laravel/framework/src/Illuminate/Database/Connection.php(420): Illuminate/Database/Connection->getPdoForSelect(false)
#9 C:/Users/Jessa/Downloads/pairfect-paws-web (2)/pairfect-paws-web/vendor/laravel/framework/src/Illuminate/Database/Connection.php(827): Illuminate/Database/Connection->Illuminate/Database/{closure}('select * from `...', Array)
#10 C:/Users/Jessa/Downloads/pairfect-paws-web (2)/pairfect-paws-web/vendor/laravel/framework/src/Illuminate/Database/Connection.php(999): Illuminate/Database/Connection->runQueryCallback('select * from `...', Array, Object(Closure))
#11 C:/Users/Jessa/Downloads/pairfect-paws-web (2)/pairfect-paws-web/vendor/laravel/framework/src/Illuminate/Database/Connection.php(978): Illuminate/Database/Connection->tryAgainIfCausedByLostConnection(Object(Illuminate/Database/QueryException), 'select * from `...', Array, Object(Closure))
#12 C:/Users/Jessa/Downloads/pairfect-paws-web (2)/pairfect-paws-web/vendor/laravel/framework/src/Illuminate/Database/Connection.php(796): Illuminate/Database/Connection->handleQueryException(Object(Illuminate/Database/QueryException), 'select * from `...', Array, Object(Closure))
#13 C:/Users/Jessa/Downloads/pairfect-paws-web (2)/pairfect-paws-web/vendor/laravel/framework/src/Illuminate/Database/Connection.php(411): Illuminate/Database/Connection->run('select * from `...', Array, Object(Closure))
#14 C:/Users/Jessa/Downloads/pairfect-paws-web (2)/pairfect-paws-web/vendor/laravel/framework/src/Illuminate/Database/Query/Builder.php(3505): Illuminate/Database/Connection->select('select * from `...', Array, false)
#15 C:/Users/Jessa/Downloads/pairfect-paws-web (2)/pairfect-paws-web/vendor/laravel/framework/src/Illuminate/Database/Query/Builder.php(3490): Illuminate/Database/Query/Builder->runSelect()
#16 C:/Users/Jessa/Downloads/pairfect-paws-web (2)/pairfect-paws-web/vendor/laravel/framework/src/Illuminate/Database/Query/Builder.php(4080): Illuminate/Database/Query/Builder->Illuminate/Database/Query/{closure}()
#17 C:/Users/Jessa/Downloads/pairfect-paws-web (2)/pairfect-paws-web/vendor/laravel/framework/src/Illuminate/Database/Query/Builder.php(3489): Illuminate/Database/Query/Builder->onceWithColumns(Array, Object(Closure))
#18 C:/Users/Jessa/Downloads/pairfect-paws-web (2)/pairfect-paws-web/vendor/laravel/framework/src/Illuminate/Database/Concerns/BuildsQueries.php(366): Illuminate/Database/Query/Builder->get(Array)
#19 C:/Users/Jessa/Downloads/pairfect-paws-web (2)/pairfect-paws-web/vendor/laravel/framework/src/Illuminate/Database/Query/Builder.php(3412): Illuminate/Database/Query/Builder->first(Array)
#20 C:/Users/Jessa/Downloads/pairfect-paws-web (2)/pairfect-paws-web/vendor/laravel/framework/src/Illuminate/Session/DatabaseSessionHandler.php(96): Illuminate/Database/Query/Builder->find('d9X0DqkHrp1jaCJ...')
#21 C:/Users/Jessa/Downloads/pairfect-paws-web (2)/pairfect-paws-web/vendor/laravel/framework/src/Illuminate/Session/Store.php(128): Illuminate/Session/DatabaseSessionHandler->read('d9X0DqkHrp1jaCJ...')
#22 C:/Users/Jessa/Downloads/pairfect-paws-web (2)/pairfect-paws-web/vendor/laravel/framework/src/Illuminate/Session/Store.php(116): Illuminate/Session/Store->readFromHandler()
#23 C:/Users/Jessa/Downloads/pairfect-paws-web (2)/pairfect-paws-web/vendor/laravel/framework/src/Illuminate/Session/Store.php(100): Illuminate/Session/Store->loadSession()
#24 C:/Users/Jessa/Downloads/pairfect-paws-web (2)/pairfect-paws-web/vendor/laravel/framework/src/Illuminate/Session/Middleware/StartSession.php(146): Illuminate/Session/Store->start()
#25 C:/Users/Jessa/Downloads/pairfect-paws-web (2)/pairfect-paws-web/vendor/laravel/framework/src/Illuminate/Support/helpers.php(393): Illuminate/Session/Middleware/StartSession->Illuminate/Session/Middleware/{closure}(Object(Illuminate/Session/EncryptedStore))
#26 C:/Users/Jessa/Downloads/pairfect-paws-web (2)/pairfect-paws-web/vendor/laravel/framework/src/Illuminate/Session/Middleware/StartSession.php(143): tap(Object(Illuminate/Session/EncryptedStore), Object(Closure))
#27 C:/Users/Jessa/Downloads/pairfect-paws-web (2)/pairfect-paws-web/vendor/laravel/framework/src/Illuminate/Session/Middleware/StartSession.php(115): Illuminate/Session/Middleware/StartSession->startSession(Object(Illuminate/Http/Request), Object(Illuminate/Session/EncryptedStore))
#28 C:/Users/Jessa/Downloads/pairfect-paws-web (2)/pairfect-paws-web/vendor/laravel/framework/src/Illuminate/Session/Middleware/StartSession.php(63): Illuminate/Session/Middleware/StartSession->handleStatefulRequest(Object(Illuminate/Http/Request), Object(Illuminate/Session/EncryptedStore), Object(Closure))
#29 C:/Users/Jessa/Downloads/pairfect-paws-web (2)/pairfect-paws-web/vendor/laravel/framework/src/Illuminate/Pipeline/Pipeline.php(219): Illuminate/Session/Middleware/StartSession->handle(Object(Illuminate/Http/Request), Object(Closure))
#30 C:/Users/Jessa/Downloads/pairfect-paws-web (2)/pairfect-paws-web/vendor/laravel/framework/src/Illuminate/Cookie/Middleware/AddQueuedCookiesToResponse.php(36): Illuminate/Pipeline/Pipeline->Illuminate/Pipeline/{closure}(Object(Illuminate/Http/Request))
#31 C:/Users/Jessa/Downloads/pairfect-paws-web (2)/pairfect-paws-web/vendor/laravel/framework/src/Illuminate/Pipeline/Pipeline.php(219): Illuminate/Cookie/Middleware/AddQueuedCookiesToResponse->handle(Object(Illuminate/Http/Request), Object(Closure))
#32 C:/Users/Jessa/Downloads/pairfect-paws-web (2)/pairfect-paws-web/vendor/laravel/framework/src/Illuminate/Cookie/Middleware/EncryptCookies.php(74): Illuminate/Pipeline/Pipeline->Illuminate/Pipeline/{closure}(Object(Illuminate/Http/Request))
#33 C:/Users/Jessa/Downloads/pairfect-paws-web (2)/pairfect-paws-web/vendor/laravel/framework/src/Illuminate/Pipeline/Pipeline.php(219): Illuminate/Cookie/Middleware/EncryptCookies->handle(Object(Illuminate/Http/Request), Object(Closure))
#34 C:/Users/Jessa/Downloads/pairfect-paws-web (2)/pairfect-paws-web/vendor/laravel/framework/src/Illuminate/Pipeline/Pipeline.php(137): Illuminate/Pipeline/Pipeline->Illuminate/Pipeline/{closure}(Object(Illuminate/Http/Request))
#35 C:/Users/Jessa/Downloads/pairfect-paws-web (2)/pairfect-paws-web/vendor/laravel/framework/src/Illuminate/Routing/Router.php(821): Illuminate/Pipeline/Pipeline->then(Object(Closure))
#36 C:/Users/Jessa/Downloads/pairfect-paws-web (2)/pairfect-paws-web/vendor/laravel/framework/src/Illuminate/Routing/Router.php(800): Illuminate/Routing/Router->runRouteWithinStack(Object(Illuminate/Routing/Route), Object(Illuminate/Http/Request))
#37 C:/Users/Jessa/Downloads/pairfect-paws-web (2)/pairfect-paws-web/vendor/laravel/framework/src/Illuminate/Routing/Router.php(764): Illuminate/Routing/Router->runRoute(Object(Illuminate/Http/Request), Object(Illuminate/Routing/Route))
#38 C:/Users/Jessa/Downloads/pairfect-paws-web (2)/pairfect-paws-web/vendor/laravel/framework/src/Illuminate/Routing/Router.php(753): Illuminate/Routing/Router->dispatchToRoute(Object(Illuminate/Http/Request))
#39 C:/Users/Jessa/Downloads/pairfect-paws-web (2)/pairfect-paws-web/vendor/laravel/framework/src/Illuminate/Foundation/Http/Kernel.php(200): Illuminate/Routing/Router->dispatch(Object(Illuminate/Http/Request))
#40 C:/Users/Jessa/Downloads/pairfect-paws-web (2)/pairfect-paws-web/vendor/laravel/framework/src/Illuminate/Pipeline/Pipeline.php(180): Illuminate/Foundation/Http/Kernel->Illuminate/Foundation/Http/{closure}(Object(Illuminate/Http/Request))
#41 C:/Users/Jessa/Downloads/pairfect-paws-web (2)/pairfect-paws-web/vendor/laravel/framework/src/Illuminate/Foundation/Http/Middleware/TransformsRequest.php(21): Illuminate/Pipeline/Pipeline->Illuminate/Pipeline/{closure}(Object(Illuminate/Http/Request))
#42 C:/Users/Jessa/Downloads/pairfect-paws-web (2)/pairfect-paws-web/vendor/laravel/framework/src/Illuminate/Foundation/Http/Middleware/ConvertEmptyStringsToNull.php(31): Illuminate/Foundation/Http/Middleware/TransformsRequest->handle(Object(Illuminate/Http/Request), Object(Closure))
#43 C:/Users/Jessa/Downloads/pairfect-paws-web (2)/pairfect-paws-web/vendor/laravel/framework/src/Illuminate/Pipeline/Pipeline.php(219): Illuminate/Foundation/Http/Middleware/ConvertEmptyStringsToNull->handle(Object(Illuminate/Http/Request), Object(Closure))
#44 C:/Users/Jessa/Downloads/pairfect-paws-web (2)/pairfect-paws-web/vendor/laravel/framework/src/Illuminate/Foundation/Http/Middleware/TransformsRequest.php(21): Illuminate/Pipeline/Pipeline->Illuminate/Pipeline/{closure}(Object(Illuminate/Http/Request))
#45 C:/Users/Jessa/Downloads/pairfect-paws-web (2)/pairfect-paws-web/vendor/laravel/framework/src/Illuminate/Foundation/Http/Middleware/TrimStrings.php(51): Illuminate/Foundation/Http/Middleware/TransformsRequest->handle(Object(Illuminate/Http/Request), Object(Closure))
#46 C:/Users/Jessa/Downloads/pairfect-paws-web (2)/pairfect-paws-web/vendor/laravel/framework/src/Illuminate/Pipeline/Pipeline.php(219): Illuminate/Foundation/Http/Middleware/TrimStrings->handle(Object(Illuminate/Http/Request), Object(Closure))
#47 C:/Users/Jessa/Downloads/pairfect-paws-web (2)/pairfect-paws-web/vendor/laravel/framework/src/Illuminate/Http/Middleware/ValidatePostSize.php(27): Illuminate/Pipeline/Pipeline->Illuminate/Pipeline/{closure}(Object(Illuminate/Http/Request))
#48 C:/Users/Jessa/Downloads/pairfect-paws-web (2)/pairfect-paws-web/vendor/laravel/framework/src/Illuminate/Pipeline/Pipeline.php(219): Illuminate/Http/Middleware/ValidatePostSize->handle(Object(Illuminate/Http/Request), Object(Closure))
#49 C:/Users/Jessa/Downloads/pairfect-paws-web (2)/pairfect-paws-web/vendor/laravel/framework/src/Illuminate/Foundation/Http/Middleware/PreventRequestsDuringMaintenance.php(109): Illuminate/Pipeline/Pipeline->Illuminate/Pipeline/{closure}(Object(Illuminate/Http/Request))
#50 C:/Users/Jessa/Downloads/pairfect-paws-web (2)/pairfect-paws-web/vendor/laravel/framework/src/Illuminate/Pipeline/Pipeline.php(219): Illuminate/Foundation/Http/Middleware/PreventRequestsDuringMaintenance->handle(Object(Illuminate/Http/Request), Object(Closure))
#51 C:/Users/Jessa/Downloads/pairfect-paws-web (2)/pairfect-paws-web/vendor/laravel/framework/src/Illuminate/Http/Middleware/HandleCors.php(61): Illuminate/Pipeline/Pipeline->Illuminate/Pipeline/{closure}(Object(Illuminate/Http/Request))
#52 C:/Users/Jessa/Downloads/pairfect-paws-web (2)/pairfect-paws-web/vendor/laravel/framework/src/Illuminate/Pipeline/Pipeline.php(219): Illuminate/Http/Middleware/HandleCors->handle(Object(Illuminate/Http/Request), Object(Closure))
#53 C:/Users/Jessa/Downloads/pairfect-paws-web (2)/pairfect-paws-web/vendor/laravel/framework/src/Illuminate/Http/Middleware/TrustProxies.php(58): Illuminate/Pipeline/Pipeline->Illuminate/Pipeline/{closure}(Object(Illuminate/Http/Request))
#54 C:/Users/Jessa/Downloads/pairfect-paws-web (2)/pairfect-paws-web/vendor/laravel/framework/src/Illuminate/Pipeline/Pipeline.php(219): Illuminate/Http/Middleware/TrustProxies->handle(Object(Illuminate/Http/Request), Object(Closure))
#55 C:/Users/Jessa/Downloads/pairfect-paws-web (2)/pairfect-paws-web/vendor/laravel/framework/src/Illuminate/Foundation/Http/Middleware/InvokeDeferredCallbacks.php(22): Illuminate/Pipeline/Pipeline->Illuminate/Pipeline/{closure}(Object(Illuminate/Http/Request))
#56 C:/Users/Jessa/Downloads/pairfect-paws-web (2)/pairfect-paws-web/vendor/laravel/framework/src/Illuminate/Pipeline/Pipeline.php(219): Illuminate/Foundation/Http/Middleware/InvokeDeferredCallbacks->handle(Object(Illuminate/Http/Request), Object(Closure))
#57 C:/Users/Jessa/Downloads/pairfect-paws-web (2)/pairfect-paws-web/vendor/laravel/framework/src/Illuminate/Http/Middleware/ValidatePathEncoding.php(26): Illuminate/Pipeline/Pipeline->Illuminate/Pipeline/{closure}(Object(Illuminate/Http/Request))
#58 C:/Users/Jessa/Downloads/pairfect-paws-web (2)/pairfect-paws-web/vendor/laravel/framework/src/Illuminate/Pipeline/Pipeline.php(219): Illuminate/Http/Middleware/ValidatePathEncoding->handle(Object(Illuminate/Http/Request), Object(Closure))
#59 C:/Users/Jessa/Downloads/pairfect-paws-web (2)/pairfect-paws-web/vendor/laravel/framework/src/Illuminate/Pipeline/Pipeline.php(137): Illuminate/Pipeline/Pipeline->Illuminate/Pipeline/{closure}(Object(Illuminate/Http/Request))
#60 C:/Users/Jessa/Downloads/pairfect-paws-web (2)/pairfect-paws-web/vendor/laravel/framework/src/Illuminate/Foundation/Http/Kernel.php(175): Illuminate/Pipeline/Pipeline->then(Object(Closure))
#61 C:/Users/Jessa/Downloads/pairfect-paws-web (2)/pairfect-paws-web/vendor/laravel/framework/src/Illuminate/Foundation/Http/Kernel.php(144): Illuminate/Foundation/Http/Kernel->sendRequestThroughRouter(Object(Illuminate/Http/Request))
#62 C:/Users/Jessa/Downloads/pairfect-paws-web (2)/pairfect-paws-web/vendor/laravel/framework/src/Illuminate/Foundation/Application.php(1220): Illuminate/Foundation/Http/Kernel->handle(Object(Illuminate/Http/Request))
#63 C:/Users/Jessa/Downloads/pairfect-paws-web (2)/pairfect-paws-web/public/index.php(18): Illuminate/Foundation/Application->handleRequest(Object(Illuminate/Http/Request))
#64 C:/Users/Jessa/Downloads/pairfect-paws-web (2)/pairfect-paws-web/vendor/laravel/framework/src/Illuminate/Foundation/resources/server.php(23): require_once('C://Users//Jessa//...')
#65 {main}
"} 
[2026-08-05 00:38:07] local.ERROR: SQLSTATE[HY000] [2002] No connection could be made because the target machine actively refused it (Connection: mysql, Host: 127.0.0.1, Port: 3306, Database: pairfect_paws, SQL: select * from `sessions` where `id` = d9X0DqkHrp1jaCJYp1rLp5TpSKSe0j3JstSS0AhD limit 1) {"exception":"[object] (Illuminate\\Database\\QueryException(code: 2002): SQLSTATE[HY000] [2002] No connection could be made because the target machine actively refused it (Connection: mysql, Host: 127.0.0.1, Port: 3306, Database: pairfect_paws, SQL: select * from `sessions` where `id` = d9X0DqkHrp1jaCJYp1rLp5TpSKSe0j3JstSS0AhD limit 1) at C:/Users/Jessa/Downloads/pairfect-paws-web (2)/pairfect-paws-web/vendor/laravel/framework/src/Illuminate/Database/Connection.php:838)
[stacktrace]
#0 C:/Users/Jessa/Downloads/pairfect-paws-web (2)/pairfect-paws-web/vendor/laravel/framework/src/Illuminate/Database/Connection.php(999): Illuminate/Database/Connection->runQueryCallback('select * from `...', Array, Object(Closure))
#1 C:/Users/Jessa/Downloads/pairfect-paws-web (2)/pairfect-paws-web/vendor/laravel/framework/src/Illuminate/Database/Connection.php(978): Illuminate/Database/Connection->tryAgainIfCausedByLostConnection(Object(Illuminate/Database/QueryException), 'select * from `...', Array, Object(Closure))
#2 C:/Users/Jessa/Downloads/pairfect-paws-web (2)/pairfect-paws-web/vendor/laravel/framework/src/Illuminate/Database/Connection.php(796): Illuminate/Database/Connection->handleQueryException(Object(Illuminate/Database/QueryException), 'select * from `...', Array, Object(Closure))
#3 C:/Users/Jessa/Downloads/pairfect-paws-web (2)/pairfect-paws-web/vendor/laravel/framework/src/Illuminate/Database/Connection.php(411): Illuminate/Database/Connection->run('select * from `...', Array, Object(Closure))
#4 C:/Users/Jessa/Downloads/pairfect-paws-web (2)/pairfect-paws-web/vendor/laravel/framework/src/Illuminate/Database/Query/Builder.php(3505): Illuminate/Database/Connection->select('select * from `...', Array, false)
#5 C:/Users/Jessa/Downloads/pairfect-paws-web (2)/pairfect-paws-web/vendor/laravel/framework/src/Illuminate/Database/Query/Builder.php(3490): Illuminate/Database/Query/Builder->runSelect()
#6 C:/Users/Jessa/Downloads/pairfect-paws-web (2)/pairfect-paws-web/vendor/laravel/framework/src/Illuminate/Database/Query/Builder.php(4080): Illuminate/Database/Query/Builder->Illuminate/Database/Query/{closure}()
#7 C:/Users/Jessa/Downloads/pairfect-paws-web (2)/pairfect-paws-web/vendor/laravel/framework/src/Illuminate/Database/Query/Builder.php(3489): Illuminate/Database/Query/Builder->onceWithColumns(Array, Object(Closure))
#8 C:/Users/Jessa/Downloads/pairfect-paws-web (2)/pairfect-paws-web/vendor/laravel/framework/src/Illuminate/Database/Concerns/BuildsQueries.php(366): Illuminate/Database/Query/Builder->get(Array)
#9 C:/Users/Jessa/Downloads/pairfect-paws-web (2)/pairfect-paws-web/vendor/laravel/framework/src/Illuminate/Database/Query/Builder.php(3412): Illuminate/Database/Query/Builder->first(Array)
#10 C:/Users/Jessa/Downloads/pairfect-paws-web (2)/pairfect-paws-web/vendor/laravel/framework/src/Illuminate/Session/DatabaseSessionHandler.php(96): Illuminate/Database/Query/Builder->find('d9X0DqkHrp1jaCJ...')
#11 C:/Users/Jessa/Downloads/pairfect-paws-web (2)/pairfect-paws-web/vendor/laravel/framework/src/Illuminate/Session/Store.php(128): Illuminate/Session/DatabaseSessionHandler->read('d9X0DqkHrp1jaCJ...')
#12 C:/Users/Jessa/Downloads/pairfect-paws-web (2)/pairfect-paws-web/vendor/laravel/framework/src/Illuminate/Session/Store.php(116): Illuminate/Session/Store->readFromHandler()
#13 C:/Users/Jessa/Downloads/pairfect-paws-web (2)/pairfect-paws-web/vendor/laravel/framework/src/Illuminate/Session/Store.php(100): Illuminate/Session/Store->loadSession()
#14 C:/Users/Jessa/Downloads/pairfect-paws-web (2)/pairfect-paws-web/vendor/laravel/framework/src/Illuminate/Session/Middleware/StartSession.php(146): Illuminate/Session/Store->start()
#15 C:/Users/Jessa/Downloads/pairfect-paws-web (2)/pairfect-paws-web/vendor/laravel/framework/src/Illuminate/Support/helpers.php(393): Illuminate/Session/Middleware/StartSession->Illuminate/Session/Middleware/{closure}(Object(Illuminate/Session/EncryptedStore))
#16 C:/Users/Jessa/Downloads/pairfect-paws-web (2)/pairfect-paws-web/vendor/laravel/framework/src/Illuminate/Session/Middleware/StartSession.php(143): tap(Object(Illuminate/Session/EncryptedStore), Object(Closure))
#17 C:/Users/Jessa/Downloads/pairfect-paws-web (2)/pairfect-paws-web/vendor/laravel/framework/src/Illuminate/Session/Middleware/StartSession.php(115): Illuminate/Session/Middleware/StartSession->startSession(Object(Illuminate/Http/Request), Object(Illuminate/Session/EncryptedStore))
#18 C:/Users/Jessa/Downloads/pairfect-paws-web (2)/pairfect-paws-web/vendor/laravel/framework/src/Illuminate/Session/Middleware/StartSession.php(63): Illuminate/Session/Middleware/StartSession->handleStatefulRequest(Object(Illuminate/Http/Request), Object(Illuminate/Session/EncryptedStore), Object(Closure))
#19 C:/Users/Jessa/Downloads/pairfect-paws-web (2)/pairfect-paws-web/vendor/laravel/framework/src/Illuminate/Pipeline/Pipeline.php(219): Illuminate/Session/Middleware/StartSession->handle(Object(Illuminate/Http/Request), Object(Closure))
#20 C:/Users/Jessa/Downloads/pairfect-paws-web (2)/pairfect-paws-web/vendor/laravel/framework/src/Illuminate/Cookie/Middleware/AddQueuedCookiesToResponse.php(36): Illuminate/Pipeline/Pipeline->Illuminate/Pipeline/{closure}(Object(Illuminate/Http/Request))
#21 C:/Users/Jessa/Downloads/pairfect-paws-web (2)/pairfect-paws-web/vendor/laravel/framework/src/Illuminate/Pipeline/Pipeline.php(219): Illuminate/Cookie/Middleware/AddQueuedCookiesToResponse->handle(Object(Illuminate/Http/Request), Object(Closure))
#22 C:/Users/Jessa/Downloads/pairfect-paws-web (2)/pairfect-paws-web/vendor/laravel/framework/src/Illuminate/Cookie/Middleware/EncryptCookies.php(74): Illuminate/Pipeline/Pipeline->Illuminate/Pipeline/{closure}(Object(Illuminate/Http/Request))
#23 C:/Users/Jessa/Downloads/pairfect-paws-web (2)/pairfect-paws-web/vendor/laravel/framework/src/Illuminate/Pipeline/Pipeline.php(219): Illuminate/Cookie/Middleware/EncryptCookies->handle(Object(Illuminate/Http/Request), Object(Closure))
#24 C:/Users/Jessa/Downloads/pairfect-paws-web (2)/pairfect-paws-web/vendor/laravel/framework/src/Illuminate/Pipeline/Pipeline.php(137): Illuminate/Pipeline/Pipeline->Illuminate/Pipeline/{closure}(Object(Illuminate/Http/Request))
#25 C:/Users/Jessa/Downloads/pairfect-paws-web (2)/pairfect-paws-web/vendor/laravel/framework/src/Illuminate/Routing/Router.php(821): Illuminate/Pipeline/Pipeline->then(Object(Closure))
#26 C:/Users/Jessa/Downloads/pairfect-paws-web (2)/pairfect-paws-web/vendor/laravel/framework/src/Illuminate/Routing/Router.php(800): Illuminate/Routing/Router->runRouteWithinStack(Object(Illuminate/Routing/Route), Object(Illuminate/Http/Request))
#27 C:/Users/Jessa/Downloads/pairfect-paws-web (2)/pairfect-paws-web/vendor/laravel/framework/src/Illuminate/Routing/Router.php(764): Illuminate/Routing/Router->runRoute(Object(Illuminate/Http/Request), Object(Illuminate/Routing/Route))
#28 C:/Users/Jessa/Downloads/pairfect-paws-web (2)/pairfect-paws-web/vendor/laravel/framework/src/Illuminate/Routing/Router.php(753): Illuminate/Routing/Router->dispatchToRoute(Object(Illuminate/Http/Request))
#29 C:/Users/Jessa/Downloads/pairfect-paws-web (2)/pairfect-paws-web/vendor/laravel/framework/src/Illuminate/Foundation/Http/Kernel.php(200): Illuminate/Routing/Router->dispatch(Object(Illuminate/Http/Request))
#30 C:/Users/Jessa/Downloads/pairfect-paws-web (2)/pairfect-paws-web/vendor/laravel/framework/src/Illuminate/Pipeline/Pipeline.php(180): Illuminate/Foundation/Http/Kernel->Illuminate/Foundation/Http/{closure}(Object(Illuminate/Http/Request))
#31 C:/Users/Jessa/Downloads/pairfect-paws-web (2)/pairfect-paws-web/vendor/laravel/framework/src/Illuminate/Foundation/Http/Middleware/TransformsRequest.php(21): Illuminate/Pipeline/Pipeline->Illuminate/Pipeline/{closure}(Object(Illuminate/Http/Request))
#32 C:/Users/Jessa/Downloads/pairfect-paws-web (2)/pairfect-paws-web/vendor/laravel/framework/src/Illuminate/Foundation/Http/Middleware/ConvertEmptyStringsToNull.php(31): Illuminate/Foundation/Http/Middleware/TransformsRequest->handle(Object(Illuminate/Http/Request), Object(Closure))
#33 C:/Users/Jessa/Downloads/pairfect-paws-web (2)/pairfect-paws-web/vendor/laravel/framework/src/Illuminate/Pipeline/Pipeline.php(219): Illuminate/Foundation/Http/Middleware/ConvertEmptyStringsToNull->handle(Object(Illuminate/Http/Request), Object(Closure))
#34 C:/Users/Jessa/Downloads/pairfect-paws-web (2)/pairfect-paws-web/vendor/laravel/framework/src/Illuminate/Foundation/Http/Middleware/TransformsRequest.php(21): Illuminate/Pipeline/Pipeline->Illuminate/Pipeline/{closure}(Object(Illuminate/Http/Request))
#35 C:/Users/Jessa/Downloads/pairfect-paws-web (2)/pairfect-paws-web/vendor/laravel/framework/src/Illuminate/Foundation/Http/Middleware/TrimStrings.php(51): Illuminate/Foundation/Http/Middleware/TransformsRequest->handle(Object(Illuminate/Http/Request), Object(Closure))
#36 C:/Users/Jessa/Downloads/pairfect-paws-web (2)/pairfect-paws-web/vendor/laravel/framework/src/Illuminate/Pipeline/Pipeline.php(219): Illuminate/Foundation/Http/Middleware/TrimStrings->handle(Object(Illuminate/Http/Request), Object(Closure))
#37 C:/Users/Jessa/Downloads/pairfect-paws-web (2)/pairfect-paws-web/vendor/laravel/framework/src/Illuminate/Http/Middleware/ValidatePostSize.php(27): Illuminate/Pipeline/Pipeline->Illuminate/Pipeline/{closure}(Object(Illuminate/Http/Request))
#38 C:/Users/Jessa/Downloads/pairfect-paws-web (2)/pairfect-paws-web/vendor/laravel/framework/src/Illuminate/Pipeline/Pipeline.php(219): Illuminate/Http/Middleware/ValidatePostSize->handle(Object(Illuminate/Http/Request), Object(Closure))
#39 C:/Users/Jessa/Downloads/pairfect-paws-web (2)/pairfect-paws-web/vendor/laravel/framework/src/Illuminate/Foundation/Http/Middleware/PreventRequestsDuringMaintenance.php(109): Illuminate/Pipeline/Pipeline->Illuminate/Pipeline/{closure}(Object(Illuminate/Http/Request))
#40 C:/Users/Jessa/Downloads/pairfect-paws-web (2)/pairfect-paws-web/vendor/laravel/framework/src/Illuminate/Pipeline/Pipeline.php(219): Illuminate/Foundation/Http/Middleware/PreventRequestsDuringMaintenance->handle(Object(Illuminate/Http/Request), Object(Closure))
#41 C:/Users/Jessa/Downloads/pairfect-paws-web (2)/pairfect-paws-web/vendor/laravel/framework/src/Illuminate/Http/Middleware/HandleCors.php(61): Illuminate/Pipeline/Pipeline->Illuminate/Pipeline/{closure}(Object(Illuminate/Http/Request))
#42 C:/Users/Jessa/Downloads/pairfect-paws-web (2)/pairfect-paws-web/vendor/laravel/framework/src/Illuminate/Pipeline/Pipeline.php(219): Illuminate/Http/Middleware/HandleCors->handle(Object(Illuminate/Http/Request), Object(Closure))
#43 C:/Users/Jessa/Downloads/pairfect-paws-web (2)/pairfect-paws-web/vendor/laravel/framework/src/Illuminate/Http/Middleware/TrustProxies.php(58): Illuminate/Pipeline/Pipeline->Illuminate/Pipeline/{closure}(Object(Illuminate/Http/Request))
#44 C:/Users/Jessa/Downloads/pairfect-paws-web (2)/pairfect-paws-web/vendor/laravel/framework/src/Illuminate/Pipeline/Pipeline.php(219): Illuminate/Http/Middleware/TrustProxies->handle(Object(Illuminate/Http/Request), Object(Closure))
#45 C:/Users/Jessa/Downloads/pairfect-paws-web (2)/pairfect-paws-web/vendor/laravel/framework/src/Illuminate/Foundation/Http/Middleware/InvokeDeferredCallbacks.php(22): Illuminate/Pipeline/Pipeline->Illuminate/Pipeline/{closure}(Object(Illuminate/Http/Request))
#46 C:/Users/Jessa/Downloads/pairfect-paws-web (2)/pairfect-paws-web/vendor/laravel/framework/src/Illuminate/Pipeline/Pipeline.php(219): Illuminate/Foundation/Http/Middleware/InvokeDeferredCallbacks->handle(Object(Illuminate/Http/Request), Object(Closure))
#47 C:/Users/Jessa/Downloads/pairfect-paws-web (2)/pairfect-paws-web/vendor/laravel/framework/src/Illuminate/Http/Middleware/ValidatePathEncoding.php(26): Illuminate/Pipeline/Pipeline->Illuminate/Pipeline/{closure}(Object(Illuminate/Http/Request))
#48 C:/Users/Jessa/Downloads/pairfect-paws-web (2)/pairfect-paws-web/vendor/laravel/framework/src/Illuminate/Pipeline/Pipeline.php(219): Illuminate/Http/Middleware/ValidatePathEncoding->handle(Object(Illuminate/Http/Request), Object(Closure))
#49 C:/Users/Jessa/Downloads/pairfect-paws-web (2)/pairfect-paws-web/vendor/laravel/framework/src/Illuminate/Pipeline/Pipeline.php(137): Illuminate/Pipeline/Pipeline->Illuminate/Pipeline/{closure}(Object(Illuminate/Http/Request))
#50 C:/Users/Jessa/Downloads/pairfect-paws-web (2)/pairfect-paws-web/vendor/laravel/framework/src/Illuminate/Foundation/Http/Kernel.php(175): Illuminate/Pipeline/Pipeline->then(Object(Closure))
#51 C:/Users/Jessa/Downloads/pairfect-paws-web (2)/pairfect-paws-web/vendor/laravel/framework/src/Illuminate/Foundation/Http/Kernel.php(144): Illuminate/Foundation/Http/Kernel->sendRequestThroughRouter(Object(Illuminate/Http/Request))
#52 C:/Users/Jessa/Downloads/pairfect-paws-web (2)/pairfect-paws-web/vendor/laravel/framework/src/Illuminate/Foundation/Application.php(1220): Illuminate/Foundation/Http/Kernel->handle(Object(Illuminate/Http/Request))
#53 C:/Users/Jessa/Downloads/pairfect-paws-web (2)/pairfect-paws-web/public/index.php(18): Illuminate/Foundation/Application->handleRequest(Object(Illuminate/Http/Request))
#54 C:/Users/Jessa/Downloads/pairfect-paws-web (2)/pairfect-paws-web/vendor/laravel/framework/src/Illuminate/Foundation/resources/server.php(23): require_once('C://Users//Jessa//...')
#55 {main}

[previous exception] [object] (PDOException(code: 2002): SQLSTATE[HY000] [2002] No connection could be made because the target machine actively refused it at C:/Users/Jessa/Downloads/pairfect-paws-web (2)/pairfect-paws-web/vendor/laravel/framework/src/Illuminate/Database/Connectors/Connector.php:66)
[stacktrace]
#0 C:/Users/Jessa/Downloads/pairfect-paws-web (2)/pairfect-paws-web/vendor/laravel/framework/src/Illuminate/Database/Connectors/Connector.php(66): PDO->__construct('mysql:host=127....', 'root', Object(SensitiveParameterValue), Array)
#1 C:/Users/Jessa/Downloads/pairfect-paws-web (2)/pairfect-paws-web/vendor/laravel/framework/src/Illuminate/Database/Connectors/Connector.php(85): Illuminate/Database/Connectors/Connector->createPdoConnection('mysql:host=127....', 'root', Object(SensitiveParameterValue), Array)
#2 C:/Users/Jessa/Downloads/pairfect-paws-web (2)/pairfect-paws-web/vendor/laravel/framework/src/Illuminate/Database/Connectors/Connector.php(48): Illuminate/Database/Connectors/Connector->tryAgainIfCausedByLostConnection(Object(PDOException), 'mysql:host=127....', 'root', Object(SensitiveParameterValue), Array)
#3 C:/Users/Jessa/Downloads/pairfect-paws-web (2)/pairfect-paws-web/vendor/laravel/framework/src/Illuminate/Database/Connectors/MySqlConnector.php(24): Illuminate/Database/Connectors/Connector->createConnection('mysql:host=127....', Array, Array)
#4 C:/Users/Jessa/Downloads/pairfect-paws-web (2)/pairfect-paws-web/vendor/laravel/framework/src/Illuminate/Database/Connectors/ConnectionFactory.php(186): Illuminate/Database/Connectors/MySqlConnector->connect(Array)
#5 [internal function]: Illuminate/Database/Connectors/ConnectionFactory->Illuminate/Database/Connectors/{closure}()
#6 C:/Users/Jessa/Downloads/pairfect-paws-web (2)/pairfect-paws-web/vendor/laravel/framework/src/Illuminate/Database/Connection.php(1257): call_user_func(Object(Closure))
#7 C:/Users/Jessa/Downloads/pairfect-paws-web (2)/pairfect-paws-web/vendor/laravel/framework/src/Illuminate/Database/Connection.php(525): Illuminate/Database/Connection->getPdo()
#8 C:/Users/Jessa/Downloads/pairfect-paws-web (2)/pairfect-paws-web/vendor/laravel/framework/src/Illuminate/Database/Connection.php(420): Illuminate/Database/Connection->getPdoForSelect(false)
#9 C:/Users/Jessa/Downloads/pairfect-paws-web (2)/pairfect-paws-web/vendor/laravel/framework/src/Illuminate/Database/Connection.php(827): Illuminate/Database/Connection->Illuminate/Database/{closure}('select * from `...', Array)
#10 C:/Users/Jessa/Downloads/pairfect-paws-web (2)/pairfect-paws-web/vendor/laravel/framework/src/Illuminate/Database/Connection.php(999): Illuminate/Database/Connection->runQueryCallback('select * from `...', Array, Object(Closure))
#11 C:/Users/Jessa/Downloads/pairfect-paws-web (2)/pairfect-paws-web/vendor/laravel/framework/src/Illuminate/Database/Connection.php(978): Illuminate/Database/Connection->tryAgainIfCausedByLostConnection(Object(Illuminate/Database/QueryException), 'select * from `...', Array, Object(Closure))
#12 C:/Users/Jessa/Downloads/pairfect-paws-web (2)/pairfect-paws-web/vendor/laravel/framework/src/Illuminate/Database/Connection.php(796): Illuminate/Database/Connection->handleQueryException(Object(Illuminate/Database/QueryException), 'select * from `...', Array, Object(Closure))
#13 C:/Users/Jessa/Downloads/pairfect-paws-web (2)/pairfect-paws-web/vendor/laravel/framework/src/Illuminate/Database/Connection.php(411): Illuminate/Database/Connection->run('select * from `...', Array, Object(Closure))
#14 C:/Users/Jessa/Downloads/pairfect-paws-web (2)/pairfect-paws-web/vendor/laravel/framework/src/Illuminate/Database/Query/Builder.php(3505): Illuminate/Database/Connection->select('select * from `...', Array, false)
#15 C:/Users/Jessa/Downloads/pairfect-paws-web (2)/pairfect-paws-web/vendor/laravel/framework/src/Illuminate/Database/Query/Builder.php(3490): Illuminate/Database/Query/Builder->runSelect()
#16 C:/Users/Jessa/Downloads/pairfect-paws-web (2)/pairfect-paws-web/vendor/laravel/framework/src/Illuminate/Database/Query/Builder.php(4080): Illuminate/Database/Query/Builder->Illuminate/Database/Query/{closure}()
#17 C:/Users/Jessa/Downloads/pairfect-paws-web (2)/pairfect-paws-web/vendor/laravel/framework/src/Illuminate/Database/Query/Builder.php(3489): Illuminate/Database/Query/Builder->onceWithColumns(Array, Object(Closure))
#18 C:/Users/Jessa/Downloads/pairfect-paws-web (2)/pairfect-paws-web/vendor/laravel/framework/src/Illuminate/Database/Concerns/BuildsQueries.php(366): Illuminate/Database/Query/Builder->get(Array)
#19 C:/Users/Jessa/Downloads/pairfect-paws-web (2)/pairfect-paws-web/vendor/laravel/framework/src/Illuminate/Database/Query/Builder.php(3412): Illuminate/Database/Query/Builder->first(Array)
#20 C:/Users/Jessa/Downloads/pairfect-paws-web (2)/pairfect-paws-web/vendor/laravel/framework/src/Illuminate/Session/DatabaseSessionHandler.php(96): Illuminate/Database/Query/Builder->find('d9X0DqkHrp1jaCJ...')
#21 C:/Users/Jessa/Downloads/pairfect-paws-web (2)/pairfect-paws-web/vendor/laravel/framework/src/Illuminate/Session/Store.php(128): Illuminate/Session/DatabaseSessionHandler->read('d9X0DqkHrp1jaCJ...')
#22 C:/Users/Jessa/Downloads/pairfect-paws-web (2)/pairfect-paws-web/vendor/laravel/framework/src/Illuminate/Session/Store.php(116): Illuminate/Session/Store->readFromHandler()
#23 C:/Users/Jessa/Downloads/pairfect-paws-web (2)/pairfect-paws-web/vendor/laravel/framework/src/Illuminate/Session/Store.php(100): Illuminate/Session/Store->loadSession()
#24 C:/Users/Jessa/Downloads/pairfect-paws-web (2)/pairfect-paws-web/vendor/laravel/framework/src/Illuminate/Session/Middleware/StartSession.php(146): Illuminate/Session/Store->start()
#25 C:/Users/Jessa/Downloads/pairfect-paws-web (2)/pairfect-paws-web/vendor/laravel/framework/src/Illuminate/Support/helpers.php(393): Illuminate/Session/Middleware/StartSession->Illuminate/Session/Middleware/{closure}(Object(Illuminate/Session/EncryptedStore))
#26 C:/Users/Jessa/Downloads/pairfect-paws-web (2)/pairfect-paws-web/vendor/laravel/framework/src/Illuminate/Session/Middleware/StartSession.php(143): tap(Object(Illuminate/Session/EncryptedStore), Object(Closure))
#27 C:/Users/Jessa/Downloads/pairfect-paws-web (2)/pairfect-paws-web/vendor/laravel/framework/src/Illuminate/Session/Middleware/StartSession.php(115): Illuminate/Session/Middleware/StartSession->startSession(Object(Illuminate/Http/Request), Object(Illuminate/Session/EncryptedStore))
#28 C:/Users/Jessa/Downloads/pairfect-paws-web (2)/pairfect-paws-web/vendor/laravel/framework/src/Illuminate/Session/Middleware/StartSession.php(63): Illuminate/Session/Middleware/StartSession->handleStatefulRequest(Object(Illuminate/Http/Request), Object(Illuminate/Session/EncryptedStore), Object(Closure))
#29 C:/Users/Jessa/Downloads/pairfect-paws-web (2)/pairfect-paws-web/vendor/laravel/framework/src/Illuminate/Pipeline/Pipeline.php(219): Illuminate/Session/Middleware/StartSession->handle(Object(Illuminate/Http/Request), Object(Closure))
#30 C:/Users/Jessa/Downloads/pairfect-paws-web (2)/pairfect-paws-web/vendor/laravel/framework/src/Illuminate/Cookie/Middleware/AddQueuedCookiesToResponse.php(36): Illuminate/Pipeline/Pipeline->Illuminate/Pipeline/{closure}(Object(Illuminate/Http/Request))
#31 C:/Users/Jessa/Downloads/pairfect-paws-web (2)/pairfect-paws-web/vendor/laravel/framework/src/Illuminate/Pipeline/Pipeline.php(219): Illuminate/Cookie/Middleware/AddQueuedCookiesToResponse->handle(Object(Illuminate/Http/Request), Object(Closure))
#32 C:/Users/Jessa/Downloads/pairfect-paws-web (2)/pairfect-paws-web/vendor/laravel/framework/src/Illuminate/Cookie/Middleware/EncryptCookies.php(74): Illuminate/Pipeline/Pipeline->Illuminate/Pipeline/{closure}(Object(Illuminate/Http/Request))
#33 C:/Users/Jessa/Downloads/pairfect-paws-web (2)/pairfect-paws-web/vendor/laravel/framework/src/Illuminate/Pipeline/Pipeline.php(219): Illuminate/Cookie/Middleware/EncryptCookies->handle(Object(Illuminate/Http/Request), Object(Closure))
#34 C:/Users/Jessa/Downloads/pairfect-paws-web (2)/pairfect-paws-web/vendor/laravel/framework/src/Illuminate/Pipeline/Pipeline.php(137): Illuminate/Pipeline/Pipeline->Illuminate/Pipeline/{closure}(Object(Illuminate/Http/Request))
#35 C:/Users/Jessa/Downloads/pairfect-paws-web (2)/pairfect-paws-web/vendor/laravel/framework/src/Illuminate/Routing/Router.php(821): Illuminate/Pipeline/Pipeline->then(Object(Closure))
#36 C:/Users/Jessa/Downloads/pairfect-paws-web (2)/pairfect-paws-web/vendor/laravel/framework/src/Illuminate/Routing/Router.php(800): Illuminate/Routing/Router->runRouteWithinStack(Object(Illuminate/Routing/Route), Object(Illuminate/Http/Request))
#37 C:/Users/Jessa/Downloads/pairfect-paws-web (2)/pairfect-paws-web/vendor/laravel/framework/src/Illuminate/Routing/Router.php(764): Illuminate/Routing/Router->runRoute(Object(Illuminate/Http/Request), Object(Illuminate/Routing/Route))
#38 C:/Users/Jessa/Downloads/pairfect-paws-web (2)/pairfect-paws-web/vendor/laravel/framework/src/Illuminate/Routing/Router.php(753): Illuminate/Routing/Router->dispatchToRoute(Object(Illuminate/Http/Request))
#39 C:/Users/Jessa/Downloads/pairfect-paws-web (2)/pairfect-paws-web/vendor/laravel/framework/src/Illuminate/Foundation/Http/Kernel.php(200): Illuminate/Routing/Router->dispatch(Object(Illuminate/Http/Request))
#40 C:/Users/Jessa/Downloads/pairfect-paws-web (2)/pairfect-paws-web/vendor/laravel/framework/src/Illuminate/Pipeline/Pipeline.php(180): Illuminate/Foundation/Http/Kernel->Illuminate/Foundation/Http/{closure}(Object(Illuminate/Http/Request))
#41 C:/Users/Jessa/Downloads/pairfect-paws-web (2)/pairfect-paws-web/vendor/laravel/framework/src/Illuminate/Foundation/Http/Middleware/TransformsRequest.php(21): Illuminate/Pipeline/Pipeline->Illuminate/Pipeline/{closure}(Object(Illuminate/Http/Request))
#42 C:/Users/Jessa/Downloads/pairfect-paws-web (2)/pairfect-paws-web/vendor/laravel/framework/src/Illuminate/Foundation/Http/Middleware/ConvertEmptyStringsToNull.php(31): Illuminate/Foundation/Http/Middleware/TransformsRequest->handle(Object(Illuminate/Http/Request), Object(Closure))
#43 C:/Users/Jessa/Downloads/pairfect-paws-web (2)/pairfect-paws-web/vendor/laravel/framework/src/Illuminate/Pipeline/Pipeline.php(219): Illuminate/Foundation/Http/Middleware/ConvertEmptyStringsToNull->handle(Object(Illuminate/Http/Request), Object(Closure))
#44 C:/Users/Jessa/Downloads/pairfect-paws-web (2)/pairfect-paws-web/vendor/laravel/framework/src/Illuminate/Foundation/Http/Middleware/TransformsRequest.php(21): Illuminate/Pipeline/Pipeline->Illuminate/Pipeline/{closure}(Object(Illuminate/Http/Request))
#45 C:/Users/Jessa/Downloads/pairfect-paws-web (2)/pairfect-paws-web/vendor/laravel/framework/src/Illuminate/Foundation/Http/Middleware/TrimStrings.php(51): Illuminate/Foundation/Http/Middleware/TransformsRequest->handle(Object(Illuminate/Http/Request), Object(Closure))
#46 C:/Users/Jessa/Downloads/pairfect-paws-web (2)/pairfect-paws-web/vendor/laravel/framework/src/Illuminate/Pipeline/Pipeline.php(219): Illuminate/Foundation/Http/Middleware/TrimStrings->handle(Object(Illuminate/Http/Request), Object(Closure))
#47 C:/Users/Jessa/Downloads/pairfect-paws-web (2)/pairfect-paws-web/vendor/laravel/framework/src/Illuminate/Http/Middleware/ValidatePostSize.php(27): Illuminate/Pipeline/Pipeline->Illuminate/Pipeline/{closure}(Object(Illuminate/Http/Request))
#48 C:/Users/Jessa/Downloads/pairfect-paws-web (2)/pairfect-paws-web/vendor/laravel/framework/src/Illuminate/Pipeline/Pipeline.php(219): Illuminate/Http/Middleware/ValidatePostSize->handle(Object(Illuminate/Http/Request), Object(Closure))
#49 C:/Users/Jessa/Downloads/pairfect-paws-web (2)/pairfect-paws-web/vendor/laravel/framework/src/Illuminate/Foundation/Http/Middleware/PreventRequestsDuringMaintenance.php(109): Illuminate/Pipeline/Pipeline->Illuminate/Pipeline/{closure}(Object(Illuminate/Http/Request))
#50 C:/Users/Jessa/Downloads/pairfect-paws-web (2)/pairfect-paws-web/vendor/laravel/framework/src/Illuminate/Pipeline/Pipeline.php(219): Illuminate/Foundation/Http/Middleware/PreventRequestsDuringMaintenance->handle(Object(Illuminate/Http/Request), Object(Closure))
#51 C:/Users/Jessa/Downloads/pairfect-paws-web (2)/pairfect-paws-web/vendor/laravel/framework/src/Illuminate/Http/Middleware/HandleCors.php(61): Illuminate/Pipeline/Pipeline->Illuminate/Pipeline/{closure}(Object(Illuminate/Http/Request))
#52 C:/Users/Jessa/Downloads/pairfect-paws-web (2)/pairfect-paws-web/vendor/laravel/framework/src/Illuminate/Pipeline/Pipeline.php(219): Illuminate/Http/Middleware/HandleCors->handle(Object(Illuminate/Http/Request), Object(Closure))
#53 C:/Users/Jessa/Downloads/pairfect-paws-web (2)/pairfect-paws-web/vendor/laravel/framework/src/Illuminate/Http/Middleware/TrustProxies.php(58): Illuminate/Pipeline/Pipeline->Illuminate/Pipeline/{closure}(Object(Illuminate/Http/Request))
#54 C:/Users/Jessa/Downloads/pairfect-paws-web (2)/pairfect-paws-web/vendor/laravel/framework/src/Illuminate/Pipeline/Pipeline.php(219): Illuminate/Http/Middleware/TrustProxies->handle(Object(Illuminate/Http/Request), Object(Closure))
#55 C:/Users/Jessa/Downloads/pairfect-paws-web (2)/pairfect-paws-web/vendor/laravel/framework/src/Illuminate/Foundation/Http/Middleware/InvokeDeferredCallbacks.php(22): Illuminate/Pipeline/Pipeline->Illuminate/Pipeline/{closure}(Object(Illuminate/Http/Request))
#56 C:/Users/Jessa/Downloads/pairfect-paws-web (2)/pairfect-paws-web/vendor/laravel/framework/src/Illuminate/Pipeline/Pipeline.php(219): Illuminate/Foundation/Http/Middleware/InvokeDeferredCallbacks->handle(Object(Illuminate/Http/Request), Object(Closure))
#57 C:/Users/Jessa/Downloads/pairfect-paws-web (2)/pairfect-paws-web/vendor/laravel/framework/src/Illuminate/Http/Middleware/ValidatePathEncoding.php(26): Illuminate/Pipeline/Pipeline->Illuminate/Pipeline/{closure}(Object(Illuminate/Http/Request))
#58 C:/Users/Jessa/Downloads/pairfect-paws-web (2)/pairfect-paws-web/vendor/laravel/framework/src/Illuminate/Pipeline/Pipeline.php(219): Illuminate/Http/Middleware/ValidatePathEncoding->handle(Object(Illuminate/Http/Request), Object(Closure))
#59 C:/Users/Jessa/Downloads/pairfect-paws-web (2)/pairfect-paws-web/vendor/laravel/framework/src/Illuminate/Pipeline/Pipeline.php(137): Illuminate/Pipeline/Pipeline->Illuminate/Pipeline/{closure}(Object(Illuminate/Http/Request))
#60 C:/Users/Jessa/Downloads/pairfect-paws-web (2)/pairfect-paws-web/vendor/laravel/framework/src/Illuminate/Foundation/Http/Kernel.php(175): Illuminate/Pipeline/Pipeline->then(Object(Closure))
#61 C:/Users/Jessa/Downloads/pairfect-paws-web (2)/pairfect-paws-web/vendor/laravel/framework/src/Illuminate/Foundation/Http/Kernel.php(144): Illuminate/Foundation/Http/Kernel->sendRequestThroughRouter(Object(Illuminate/Http/Request))
#62 C:/Users/Jessa/Downloads/pairfect-paws-web (2)/pairfect-paws-web/vendor/laravel/framework/src/Illuminate/Foundation/Application.php(1220): Illuminate/Foundation/Http/Kernel->handle(Object(Illuminate/Http/Request))
#63 C:/Users/Jessa/Downloads/pairfect-paws-web (2)/pairfect-paws-web/public/index.php(18): Illuminate/Foundation/Application->handleRequest(Object(Illuminate/Http/Request))
#64 C:/Users/Jessa/Downloads/pairfect-paws-web (2)/pairfect-paws-web/vendor/laravel/framework/src/Illuminate/Foundation/resources/server.php(23): require_once('C://Users//Jessa//...')
#65 {main}
"} 
[2026-08-05 00:51:11] local.ERROR: syntax error, unexpected token "endif" (View: C:\Users\Jessa\Downloads\pairfect-paws-web (2)\pairfect-paws-web\resources\views\admin\dashboard\index.blade.php) {"userId":2,"exception":"[object] (Illuminate\\View\\ViewException(code: 0): syntax error, unexpected token \"endif\" (View: C:\\Users\\Jessa\\Downloads\\pairfect-paws-web (2)\\pairfect-paws-web\\resources\\views\\admin\\dashboard\\index.blade.php) at C:/Users/Jessa/Downloads/pairfect-paws-web (2)/pairfect-paws-web/storage/framework/views/a7462be9d831fa4b00fda4f1ef3205e1.php:89)
[stacktrace]
#0 C:/Users/Jessa/Downloads/pairfect-paws-web (2)/pairfect-paws-web/vendor/laravel/framework/src/Illuminate/View/Engines/PhpEngine.php(59): Illuminate/View/Engines/CompilerEngine->handleViewException(Object(ParseError), 1)
#1 C:/Users/Jessa/Downloads/pairfect-paws-web (2)/pairfect-paws-web/vendor/laravel/framework/src/Illuminate/View/Engines/CompilerEngine.php(76): Illuminate/View/Engines/PhpEngine->evaluatePath('C://Users//Jessa//...', Array)
#2 C:/Users/Jessa/Downloads/pairfect-paws-web (2)/pairfect-paws-web/vendor/laravel/framework/src/Illuminate/View/View.php(208): Illuminate/View/Engines/CompilerEngine->get('C://Users//Jessa//...', Array)
#3 C:/Users/Jessa/Downloads/pairfect-paws-web (2)/pairfect-paws-web/vendor/laravel/framework/src/Illuminate/View/View.php(191): Illuminate/View/View->getContents()
#4 C:/Users/Jessa/Downloads/pairfect-paws-web (2)/pairfect-paws-web/vendor/laravel/framework/src/Illuminate/View/View.php(160): Illuminate/View/View->renderContents()
#5 C:/Users/Jessa/Downloads/pairfect-paws-web (2)/pairfect-paws-web/vendor/laravel/framework/src/Illuminate/Http/Response.php(78): Illuminate/View/View->render()
#6 C:/Users/Jessa/Downloads/pairfect-paws-web (2)/pairfect-paws-web/vendor/laravel/framework/src/Illuminate/Http/Response.php(34): Illuminate/Http/Response->setContent(Object(Illuminate/View/View))
#7 C:/Users/Jessa/Downloads/pairfect-paws-web (2)/pairfect-paws-web/vendor/laravel/framework/src/Illuminate/Routing/Router.php(939): Illuminate/Http/Response->__construct(Object(Illuminate/View/View), 200, Array)
#8 C:/Users/Jessa/Downloads/pairfect-paws-web (2)/pairfect-paws-web/vendor/laravel/framework/src/Illuminate/Routing/Router.php(906): Illuminate/Routing/Router::toResponse(Object(Illuminate/Http/Request), Object(Illuminate/View/View))
#9 C:/Users/Jessa/Downloads/pairfect-paws-web (2)/pairfect-paws-web/vendor/laravel/framework/src/Illuminate/Routing/Router.php(821): Illuminate/Routing/Router->prepareResponse(Object(Illuminate/Http/Request), Object(Illuminate/View/View))
#10 C:/Users/Jessa/Downloads/pairfect-paws-web (2)/pairfect-paws-web/vendor/laravel/framework/src/Illuminate/Pipeline/Pipeline.php(180): Illuminate/Routing/Router->Illuminate/Routing/{closure}(Object(Illuminate/Http/Request))
#11 C:/Users/Jessa/Downloads/pairfect-paws-web (2)/pairfect-paws-web/app/Http/Middleware/EnsureUserIsStaff.php(32): Illuminate/Pipeline/Pipeline->Illuminate/Pipeline/{closure}(Object(Illuminate/Http/Request))
#12 C:/Users/Jessa/Downloads/pairfect-paws-web (2)/pairfect-paws-web/vendor/laravel/framework/src/Illuminate/Pipeline/Pipeline.php(219): App/Http/Middleware/EnsureUserIsStaff->handle(Object(Illuminate/Http/Request), Object(Closure))
#13 C:/Users/Jessa/Downloads/pairfect-paws-web (2)/pairfect-paws-web/app/Http/Middleware/SecurityHeaders.php(19): Illuminate/Pipeline/Pipeline->Illuminate/Pipeline/{closure}(Object(Illuminate/Http/Request))
#14 C:/Users/Jessa/Downloads/pairfect-paws-web (2)/pairfect-paws-web/vendor/laravel/framework/src/Illuminate/Pipeline/Pipeline.php(219): App/Http/Middleware/SecurityHeaders->handle(Object(Illuminate/Http/Request), Object(Closure))
#15 C:/Users/Jessa/Downloads/pairfect-paws-web (2)/pairfect-paws-web/vendor/laravel/framework/src/Illuminate/Routing/Middleware/SubstituteBindings.php(50): Illuminate/Pipeline/Pipeline->Illuminate/Pipeline/{closure}(Object(Illuminate/Http/Request))
#16 C:/Users/Jessa/Downloads/pairfect-paws-web (2)/pairfect-paws-web/vendor/laravel/framework/src/Illuminate/Pipeline/Pipeline.php(219): Illuminate/Routing/Middleware/SubstituteBindings->handle(Object(Illuminate/Http/Request), Object(Closure))
#17 C:/Users/Jessa/Downloads/pairfect-paws-web (2)/pairfect-paws-web/vendor/laravel/framework/src/Illuminate/Auth/Middleware/Authenticate.php(63): Illuminate/Pipeline/Pipeline->Illuminate/Pipeline/{closure}(Object(Illuminate/Http/Request))
#18 C:/Users/Jessa/Downloads/pairfect-paws-web (2)/pairfect-paws-web/vendor/laravel/framework/src/Illuminate/Pipeline/Pipeline.php(219): Illuminate/Auth/Middleware/Authenticate->handle(Object(Illuminate/Http/Request), Object(Closure))
#19 C:/Users/Jessa/Downloads/pairfect-paws-web (2)/pairfect-paws-web/vendor/laravel/framework/src/Illuminate/Foundation/Http/Middleware/VerifyCsrfToken.php(87): Illuminate/Pipeline/Pipeline->Illuminate/Pipeline/{closure}(Object(Illuminate/Http/Request))
#20 C:/Users/Jessa/Downloads/pairfect-paws-web (2)/pairfect-paws-web/vendor/laravel/framework/src/Illuminate/Pipeline/Pipeline.php(219): Illuminate/Foundation/Http/Middleware/VerifyCsrfToken->handle(Object(Illuminate/Http/Request), Object(Closure))
#21 C:/Users/Jessa/Downloads/pairfect-paws-web (2)/pairfect-paws-web/vendor/laravel/framework/src/Illuminate/View/Middleware/ShareErrorsFromSession.php(48): Illuminate/Pipeline/Pipeline->Illuminate/Pipeline/{closure}(Object(Illuminate/Http/Request))
#22 C:/Users/Jessa/Downloads/pairfect-paws-web (2)/pairfect-paws-web/vendor/laravel/framework/src/Illuminate/Pipeline/Pipeline.php(219): Illuminate/View/Middleware/ShareErrorsFromSession->handle(Object(Illuminate/Http/Request), Object(Closure))
#23 C:/Users/Jessa/Downloads/pairfect-paws-web (2)/pairfect-paws-web/vendor/laravel/framework/src/Illuminate/Session/Middleware/StartSession.php(120): Illuminate/Pipeline/Pipeline->Illuminate/Pipeline/{closure}(Object(Illuminate/Http/Request))
#24 C:/Users/Jessa/Downloads/pairfect-paws-web (2)/pairfect-paws-web/vendor/laravel/framework/src/Illuminate/Session/Middleware/StartSession.php(63): Illuminate/Session/Middleware/StartSession->handleStatefulRequest(Object(Illuminate/Http/Request), Object(Illuminate/Session/EncryptedStore), Object(Closure))
#25 C:/Users/Jessa/Downloads/pairfect-paws-web (2)/pairfect-paws-web/vendor/laravel/framework/src/Illuminate/Pipeline/Pipeline.php(219): Illuminate/Session/Middleware/StartSession->handle(Object(Illuminate/Http/Request), Object(Closure))
#26 C:/Users/Jessa/Downloads/pairfect-paws-web (2)/pairfect-paws-web/vendor/laravel/framework/src/Illuminate/Cookie/Middleware/AddQueuedCookiesToResponse.php(36): Illuminate/Pipeline/Pipeline->Illuminate/Pipeline/{closure}(Object(Illuminate/Http/Request))
#27 C:/Users/Jessa/Downloads/pairfect-paws-web (2)/pairfect-paws-web/vendor/laravel/framework/src/Illuminate/Pipeline/Pipeline.php(219): Illuminate/Cookie/Middleware/AddQueuedCookiesToResponse->handle(Object(Illuminate/Http/Request), Object(Closure))
#28 C:/Users/Jessa/Downloads/pairfect-paws-web (2)/pairfect-paws-web/vendor/laravel/framework/src/Illuminate/Cookie/Middleware/EncryptCookies.php(74): Illuminate/Pipeline/Pipeline->Illuminate/Pipeline/{closure}(Object(Illuminate/Http/Request))
#29 C:/Users/Jessa/Downloads/pairfect-paws-web (2)/pairfect-paws-web/vendor/laravel/framework/src/Illuminate/Pipeline/Pipeline.php(219): Illuminate/Cookie/Middleware/EncryptCookies->handle(Object(Illuminate/Http/Request), Object(Closure))
#30 C:/Users/Jessa/Downloads/pairfect-paws-web (2)/pairfect-paws-web/vendor/laravel/framework/src/Illuminate/Pipeline/Pipeline.php(137): Illuminate/Pipeline/Pipeline->Illuminate/Pipeline/{closure}(Object(Illuminate/Http/Request))
#31 C:/Users/Jessa/Downloads/pairfect-paws-web (2)/pairfect-paws-web/vendor/laravel/framework/src/Illuminate/Routing/Router.php(821): Illuminate/Pipeline/Pipeline->then(Object(Closure))
#32 C:/Users/Jessa/Downloads/pairfect-paws-web (2)/pairfect-paws-web/vendor/laravel/framework/src/Illuminate/Routing/Router.php(800): Illuminate/Routing/Router->runRouteWithinStack(Object(Illuminate/Routing/Route), Object(Illuminate/Http/Request))
#33 C:/Users/Jessa/Downloads/pairfect-paws-web (2)/pairfect-paws-web/vendor/laravel/framework/src/Illuminate/Routing/Router.php(764): Illuminate/Routing/Router->runRoute(Object(Illuminate/Http/Request), Object(Illuminate/Routing/Route))
#34 C:/Users/Jessa/Downloads/pairfect-paws-web (2)/pairfect-paws-web/vendor/laravel/framework/src/Illuminate/Routing/Router.php(753): Illuminate/Routing/Router->dispatchToRoute(Object(Illuminate/Http/Request))
#35 C:/Users/Jessa/Downloads/pairfect-paws-web (2)/pairfect-paws-web/vendor/laravel/framework/src/Illuminate/Foundation/Http/Kernel.php(200): Illuminate/Routing/Router->dispatch(Object(Illuminate/Http/Request))
#36 C:/Users/Jessa/Downloads/pairfect-paws-web (2)/pairfect-paws-web/vendor/laravel/framework/src/Illuminate/Pipeline/Pipeline.php(180): Illuminate/Foundation/Http/Kernel->Illuminate/Foundation/Http/{closure}(Object(Illuminate/Http/Request))
#37 C:/Users/Jessa/Downloads/pairfect-paws-web (2)/pairfect-paws-web/vendor/laravel/framework/src/Illuminate/Foundation/Http/Middleware/TransformsRequest.php(21): Illuminate/Pipeline/Pipeline->Illuminate/Pipeline/{closure}(Object(Illuminate/Http/Request))
#38 C:/Users/Jessa/Downloads/pairfect-paws-web (2)/pairfect-paws-web/vendor/laravel/framework/src/Illuminate/Foundation/Http/Middleware/ConvertEmptyStringsToNull.php(31): Illuminate/Foundation/Http/Middleware/TransformsRequest->handle(Object(Illuminate/Http/Request), Object(Closure))
#39 C:/Users/Jessa/Downloads/pairfect-paws-web (2)/pairfect-paws-web/vendor/laravel/framework/src/Illuminate/Pipeline/Pipeline.php(219): Illuminate/Foundation/Http/Middleware/ConvertEmptyStringsToNull->handle(Object(Illuminate/Http/Request), Object(Closure))
#40 C:/Users/Jessa/Downloads/pairfect-paws-web (2)/pairfect-paws-web/vendor/laravel/framework/src/Illuminate/Foundation/Http/Middleware/TransformsRequest.php(21): Illuminate/Pipeline/Pipeline->Illuminate/Pipeline/{closure}(Object(Illuminate/Http/Request))
#41 C:/Users/Jessa/Downloads/pairfect-paws-web (2)/pairfect-paws-web/vendor/laravel/framework/src/Illuminate/Foundation/Http/Middleware/TrimStrings.php(51): Illuminate/Foundation/Http/Middleware/TransformsRequest->handle(Object(Illuminate/Http/Request), Object(Closure))
#42 C:/Users/Jessa/Downloads/pairfect-paws-web (2)/pairfect-paws-web/vendor/laravel/framework/src/Illuminate/Pipeline/Pipeline.php(219): Illuminate/Foundation/Http/Middleware/TrimStrings->handle(Object(Illuminate/Http/Request), Object(Closure))
#43 C:/Users/Jessa/Downloads/pairfect-paws-web (2)/pairfect-paws-web/vendor/laravel/framework/src/Illuminate/Http/Middleware/ValidatePostSize.php(27): Illuminate/Pipeline/Pipeline->Illuminate/Pipeline/{closure}(Object(Illuminate/Http/Request))
#44 C:/Users/Jessa/Downloads/pairfect-paws-web (2)/pairfect-paws-web/vendor/laravel/framework/src/Illuminate/Pipeline/Pipeline.php(219): Illuminate/Http/Middleware/ValidatePostSize->handle(Object(Illuminate/Http/Request), Object(Closure))
#45 C:/Users/Jessa/Downloads/pairfect-paws-web (2)/pairfect-paws-web/vendor/laravel/framework/src/Illuminate/Foundation/Http/Middleware/PreventRequestsDuringMaintenance.php(109): Illuminate/Pipeline/Pipeline->Illuminate/Pipeline/{closure}(Object(Illuminate/Http/Request))
#46 C:/Users/Jessa/Downloads/pairfect-paws-web (2)/pairfect-paws-web/vendor/laravel/framework/src/Illuminate/Pipeline/Pipeline.php(219): Illuminate/Foundation/Http/Middleware/PreventRequestsDuringMaintenance->handle(Object(Illuminate/Http/Request), Object(Closure))
#47 C:/Users/Jessa/Downloads/pairfect-paws-web (2)/pairfect-paws-web/vendor/laravel/framework/src/Illuminate/Http/Middleware/HandleCors.php(61): Illuminate/Pipeline/Pipeline->Illuminate/Pipeline/{closure}(Object(Illuminate/Http/Request))
#48 C:/Users/Jessa/Downloads/pairfect-paws-web (2)/pairfect-paws-web/vendor/laravel/framework/src/Illuminate/Pipeline/Pipeline.php(219): Illuminate/Http/Middleware/HandleCors->handle(Object(Illuminate/Http/Request), Object(Closure))
#49 C:/Users/Jessa/Downloads/pairfect-paws-web (2)/pairfect-paws-web/vendor/laravel/framework/src/Illuminate/Http/Middleware/TrustProxies.php(58): Illuminate/Pipeline/Pipeline->Illuminate/Pipeline/{closure}(Object(Illuminate/Http/Request))
#50 C:/Users/Jessa/Downloads/pairfect-paws-web (2)/pairfect-paws-web/vendor/laravel/framework/src/Illuminate/Pipeline/Pipeline.php(219): Illuminate/Http/Middleware/TrustProxies->handle(Object(Illuminate/Http/Request), Object(Closure))
#51 C:/Users/Jessa/Downloads/pairfect-paws-web (2)/pairfect-paws-web/vendor/laravel/framework/src/Illuminate/Foundation/Http/Middleware/InvokeDeferredCallbacks.php(22): Illuminate/Pipeline/Pipeline->Illuminate/Pipeline/{closure}(Object(Illuminate/Http/Request))
#52 C:/Users/Jessa/Downloads/pairfect-paws-web (2)/pairfect-paws-web/vendor/laravel/framework/src/Illuminate/Pipeline/Pipeline.php(219): Illuminate/Foundation/Http/Middleware/InvokeDeferredCallbacks->handle(Object(Illuminate/Http/Request), Object(Closure))
#53 C:/Users/Jessa/Downloads/pairfect-paws-web (2)/pairfect-paws-web/vendor/laravel/framework/src/Illuminate/Http/Middleware/ValidatePathEncoding.php(26): Illuminate/Pipeline/Pipeline->Illuminate/Pipeline/{closure}(Object(Illuminate/Http/Request))
#54 C:/Users/Jessa/Downloads/pairfect-paws-web (2)/pairfect-paws-web/vendor/laravel/framework/src/Illuminate/Pipeline/Pipeline.php(219): Illuminate/Http/Middleware/ValidatePathEncoding->handle(Object(Illuminate/Http/Request), Object(Closure))
#55 C:/Users/Jessa/Downloads/pairfect-paws-web (2)/pairfect-paws-web/vendor/laravel/framework/src/Illuminate/Pipeline/Pipeline.php(137): Illuminate/Pipeline/Pipeline->Illuminate/Pipeline/{closure}(Object(Illuminate/Http/Request))
#56 C:/Users/Jessa/Downloads/pairfect-paws-web (2)/pairfect-paws-web/vendor/laravel/framework/src/Illuminate/Foundation/Http/Kernel.php(175): Illuminate/Pipeline/Pipeline->then(Object(Closure))
#57 C:/Users/Jessa/Downloads/pairfect-paws-web (2)/pairfect-paws-web/vendor/laravel/framework/src/Illuminate/Foundation/Http/Kernel.php(144): Illuminate/Foundation/Http/Kernel->sendRequestThroughRouter(Object(Illuminate/Http/Request))
#58 C:/Users/Jessa/Downloads/pairfect-paws-web (2)/pairfect-paws-web/vendor/laravel/framework/src/Illuminate/Foundation/Application.php(1220): Illuminate/Foundation/Http/Kernel->handle(Object(Illuminate/Http/Request))
#59 C:/Users/Jessa/Downloads/pairfect-paws-web (2)/pairfect-paws-web/public/index.php(18): Illuminate/Foundation/Application->handleRequest(Object(Illuminate/Http/Request))
#60 C:/Users/Jessa/Downloads/pairfect-paws-web (2)/pairfect-paws-web/vendor/laravel/framework/src/Illuminate/Foundation/resources/server.php(23): require_once('C://Users//Jessa//...')
#61 {main}

[previous exception] [object] (ParseError(code: 0): syntax error, unexpected token \"endif\" at C:/Users/Jessa/Downloads/pairfect-paws-web (2)/pairfect-paws-web/storage/framework/views/a7462be9d831fa4b00fda4f1ef3205e1.php:89)
[stacktrace]
#0 C:/Users/Jessa/Downloads/pairfect-paws-web (2)/pairfect-paws-web/vendor/laravel/framework/src/Illuminate/Filesystem/Filesystem.php(124): Illuminate/Filesystem/Filesystem::Illuminate/Filesystem/{closure}()
#1 C:/Users/Jessa/Downloads/pairfect-paws-web (2)/pairfect-paws-web/vendor/laravel/framework/src/Illuminate/View/Engines/PhpEngine.php(57): Illuminate/Filesystem/Filesystem->getRequire('C://Users//Jessa//...', Array)
#2 C:/Users/Jessa/Downloads/pairfect-paws-web (2)/pairfect-paws-web/vendor/laravel/framework/src/Illuminate/View/Engines/CompilerEngine.php(76): Illuminate/View/Engines/PhpEngine->evaluatePath('C://Users//Jessa//...', Array)
#3 C:/Users/Jessa/Downloads/pairfect-paws-web (2)/pairfect-paws-web/vendor/laravel/framework/src/Illuminate/View/View.php(208): Illuminate/View/Engines/CompilerEngine->get('C://Users//Jessa//...', Array)
#4 C:/Users/Jessa/Downloads/pairfect-paws-web (2)/pairfect-paws-web/vendor/laravel/framework/src/Illuminate/View/View.php(191): Illuminate/View/View->getContents()
#5 C:/Users/Jessa/Downloads/pairfect-paws-web (2)/pairfect-paws-web/vendor/laravel/framework/src/Illuminate/View/View.php(160): Illuminate/View/View->renderContents()
#6 C:/Users/Jessa/Downloads/pairfect-paws-web (2)/pairfect-paws-web/vendor/laravel/framework/src/Illuminate/Http/Response.php(78): Illuminate/View/View->render()
#7 C:/Users/Jessa/Downloads/pairfect-paws-web (2)/pairfect-paws-web/vendor/laravel/framework/src/Illuminate/Http/Response.php(34): Illuminate/Http/Response->setContent(Object(Illuminate/View/View))
#8 C:/Users/Jessa/Downloads/pairfect-paws-web (2)/pairfect-paws-web/vendor/laravel/framework/src/Illuminate/Routing/Router.php(939): Illuminate/Http/Response->__construct(Object(Illuminate/View/View), 200, Array)
#9 C:/Users/Jessa/Downloads/pairfect-paws-web (2)/pairfect-paws-web/vendor/laravel/framework/src/Illuminate/Routing/Router.php(906): Illuminate/Routing/Router::toResponse(Object(Illuminate/Http/Request), Object(Illuminate/View/View))
#10 C:/Users/Jessa/Downloads/pairfect-paws-web (2)/pairfect-paws-web/vendor/laravel/framework/src/Illuminate/Routing/Router.php(821): Illuminate/Routing/Router->prepareResponse(Object(Illuminate/Http/Request), Object(Illuminate/View/View))
#11 C:/Users/Jessa/Downloads/pairfect-paws-web (2)/pairfect-paws-web/vendor/laravel/framework/src/Illuminate/Pipeline/Pipeline.php(180): Illuminate/Routing/Router->Illuminate/Routing/{closure}(Object(Illuminate/Http/Request))
#12 C:/Users/Jessa/Downloads/pairfect-paws-web (2)/pairfect-paws-web/app/Http/Middleware/EnsureUserIsStaff.php(32): Illuminate/Pipeline/Pipeline->Illuminate/Pipeline/{closure}(Object(Illuminate/Http/Request))
#13 C:/Users/Jessa/Downloads/pairfect-paws-web (2)/pairfect-paws-web/vendor/laravel/framework/src/Illuminate/Pipeline/Pipeline.php(219): App/Http/Middleware/EnsureUserIsStaff->handle(Object(Illuminate/Http/Request), Object(Closure))
#14 C:/Users/Jessa/Downloads/pairfect-paws-web (2)/pairfect-paws-web/app/Http/Middleware/SecurityHeaders.php(19): Illuminate/Pipeline/Pipeline->Illuminate/Pipeline/{closure}(Object(Illuminate/Http/Request))
#15 C:/Users/Jessa/Downloads/pairfect-paws-web (2)/pairfect-paws-web/vendor/laravel/framework/src/Illuminate/Pipeline/Pipeline.php(219): App/Http/Middleware/SecurityHeaders->handle(Object(Illuminate/Http/Request), Object(Closure))
#16 C:/Users/Jessa/Downloads/pairfect-paws-web (2)/pairfect-paws-web/vendor/laravel/framework/src/Illuminate/Routing/Middleware/SubstituteBindings.php(50): Illuminate/Pipeline/Pipeline->Illuminate/Pipeline/{closure}(Object(Illuminate/Http/Request))
#17 C:/Users/Jessa/Downloads/pairfect-paws-web (2)/pairfect-paws-web/vendor/laravel/framework/src/Illuminate/Pipeline/Pipeline.php(219): Illuminate/Routing/Middleware/SubstituteBindings->handle(Object(Illuminate/Http/Request), Object(Closure))
#18 C:/Users/Jessa/Downloads/pairfect-paws-web (2)/pairfect-paws-web/vendor/laravel/framework/src/Illuminate/Auth/Middleware/Authenticate.php(63): Illuminate/Pipeline/Pipeline->Illuminate/Pipeline/{closure}(Object(Illuminate/Http/Request))
#19 C:/Users/Jessa/Downloads/pairfect-paws-web (2)/pairfect-paws-web/vendor/laravel/framework/src/Illuminate/Pipeline/Pipeline.php(219): Illuminate/Auth/Middleware/Authenticate->handle(Object(Illuminate/Http/Request), Object(Closure))
#20 C:/Users/Jessa/Downloads/pairfect-paws-web (2)/pairfect-paws-web/vendor/laravel/framework/src/Illuminate/Foundation/Http/Middleware/VerifyCsrfToken.php(87): Illuminate/Pipeline/Pipeline->Illuminate/Pipeline/{closure}(Object(Illuminate/Http/Request))
#21 C:/Users/Jessa/Downloads/pairfect-paws-web (2)/pairfect-paws-web/vendor/laravel/framework/src/Illuminate/Pipeline/Pipeline.php(219): Illuminate/Foundation/Http/Middleware/VerifyCsrfToken->handle(Object(Illuminate/Http/Request), Object(Closure))
#22 C:/Users/Jessa/Downloads/pairfect-paws-web (2)/pairfect-paws-web/vendor/laravel/framework/src/Illuminate/View/Middleware/ShareErrorsFromSession.php(48): Illuminate/Pipeline/Pipeline->Illuminate/Pipeline/{closure}(Object(Illuminate/Http/Request))
#23 C:/Users/Jessa/Downloads/pairfect-paws-web (2)/pairfect-paws-web/vendor/laravel/framework/src/Illuminate/Pipeline/Pipeline.php(219): Illuminate/View/Middleware/ShareErrorsFromSession->handle(Object(Illuminate/Http/Request), Object(Closure))
#24 C:/Users/Jessa/Downloads/pairfect-paws-web (2)/pairfect-paws-web/vendor/laravel/framework/src/Illuminate/Session/Middleware/StartSession.php(120): Illuminate/Pipeline/Pipeline->Illuminate/Pipeline/{closure}(Object(Illuminate/Http/Request))
#25 C:/Users/Jessa/Downloads/pairfect-paws-web (2)/pairfect-paws-web/vendor/laravel/framework/src/Illuminate/Session/Middleware/StartSession.php(63): Illuminate/Session/Middleware/StartSession->handleStatefulRequest(Object(Illuminate/Http/Request), Object(Illuminate/Session/EncryptedStore), Object(Closure))
#26 C:/Users/Jessa/Downloads/pairfect-paws-web (2)/pairfect-paws-web/vendor/laravel/framework/src/Illuminate/Pipeline/Pipeline.php(219): Illuminate/Session/Middleware/StartSession->handle(Object(Illuminate/Http/Request), Object(Closure))
#27 C:/Users/Jessa/Downloads/pairfect-paws-web (2)/pairfect-paws-web/vendor/laravel/framework/src/Illuminate/Cookie/Middleware/AddQueuedCookiesToResponse.php(36): Illuminate/Pipeline/Pipeline->Illuminate/Pipeline/{closure}(Object(Illuminate/Http/Request))
#28 C:/Users/Jessa/Downloads/pairfect-paws-web (2)/pairfect-paws-web/vendor/laravel/framework/src/Illuminate/Pipeline/Pipeline.php(219): Illuminate/Cookie/Middleware/AddQueuedCookiesToResponse->handle(Object(Illuminate/Http/Request), Object(Closure))
#29 C:/Users/Jessa/Downloads/pairfect-paws-web (2)/pairfect-paws-web/vendor/laravel/framework/src/Illuminate/Cookie/Middleware/EncryptCookies.php(74): Illuminate/Pipeline/Pipeline->Illuminate/Pipeline/{closure}(Object(Illuminate/Http/Request))
#30 C:/Users/Jessa/Downloads/pairfect-paws-web (2)/pairfect-paws-web/vendor/laravel/framework/src/Illuminate/Pipeline/Pipeline.php(219): Illuminate/Cookie/Middleware/EncryptCookies->handle(Object(Illuminate/Http/Request), Object(Closure))
#31 C:/Users/Jessa/Downloads/pairfect-paws-web (2)/pairfect-paws-web/vendor/laravel/framework/src/Illuminate/Pipeline/Pipeline.php(137): Illuminate/Pipeline/Pipeline->Illuminate/Pipeline/{closure}(Object(Illuminate/Http/Request))
#32 C:/Users/Jessa/Downloads/pairfect-paws-web (2)/pairfect-paws-web/vendor/laravel/framework/src/Illuminate/Routing/Router.php(821): Illuminate/Pipeline/Pipeline->then(Object(Closure))
#33 C:/Users/Jessa/Downloads/pairfect-paws-web (2)/pairfect-paws-web/vendor/laravel/framework/src/Illuminate/Routing/Router.php(800): Illuminate/Routing/Router->runRouteWithinStack(Object(Illuminate/Routing/Route), Object(Illuminate/Http/Request))
#34 C:/Users/Jessa/Downloads/pairfect-paws-web (2)/pairfect-paws-web/vendor/laravel/framework/src/Illuminate/Routing/Router.php(764): Illuminate/Routing/Router->runRoute(Object(Illuminate/Http/Request), Object(Illuminate/Routing/Route))
#35 C:/Users/Jessa/Downloads/pairfect-paws-web (2)/pairfect-paws-web/vendor/laravel/framework/src/Illuminate/Routing/Router.php(753): Illuminate/Routing/Router->dispatchToRoute(Object(Illuminate/Http/Request))
#36 C:/Users/Jessa/Downloads/pairfect-paws-web (2)/pairfect-paws-web/vendor/laravel/framework/src/Illuminate/Foundation/Http/Kernel.php(200): Illuminate/Routing/Router->dispatch(Object(Illuminate/Http/Request))
#37 C:/Users/Jessa/Downloads/pairfect-paws-web (2)/pairfect-paws-web/vendor/laravel/framework/src/Illuminate/Pipeline/Pipeline.php(180): Illuminate/Foundation/Http/Kernel->Illuminate/Foundation/Http/{closure}(Object(Illuminate/Http/Request))
#38 C:/Users/Jessa/Downloads/pairfect-paws-web (2)/pairfect-paws-web/vendor/laravel/framework/src/Illuminate/Foundation/Http/Middleware/TransformsRequest.php(21): Illuminate/Pipeline/Pipeline->Illuminate/Pipeline/{closure}(Object(Illuminate/Http/Request))
#39 C:/Users/Jessa/Downloads/pairfect-paws-web (2)/pairfect-paws-web/vendor/laravel/framework/src/Illuminate/Foundation/Http/Middleware/ConvertEmptyStringsToNull.php(31): Illuminate/Foundation/Http/Middleware/TransformsRequest->handle(Object(Illuminate/Http/Request), Object(Closure))
#40 C:/Users/Jessa/Downloads/pairfect-paws-web (2)/pairfect-paws-web/vendor/laravel/framework/src/Illuminate/Pipeline/Pipeline.php(219): Illuminate/Foundation/Http/Middleware/ConvertEmptyStringsToNull->handle(Object(Illuminate/Http/Request), Object(Closure))
#41 C:/Users/Jessa/Downloads/pairfect-paws-web (2)/pairfect-paws-web/vendor/laravel/framework/src/Illuminate/Foundation/Http/Middleware/TransformsRequest.php(21): Illuminate/Pipeline/Pipeline->Illuminate/Pipeline/{closure}(Object(Illuminate/Http/Request))
#42 C:/Users/Jessa/Downloads/pairfect-paws-web (2)/pairfect-paws-web/vendor/laravel/framework/src/Illuminate/Foundation/Http/Middleware/TrimStrings.php(51): Illuminate/Foundation/Http/Middleware/TransformsRequest->handle(Object(Illuminate/Http/Request), Object(Closure))
#43 C:/Users/Jessa/Downloads/pairfect-paws-web (2)/pairfect-paws-web/vendor/laravel/framework/src/Illuminate/Pipeline/Pipeline.php(219): Illuminate/Foundation/Http/Middleware/TrimStrings->handle(Object(Illuminate/Http/Request), Object(Closure))
#44 C:/Users/Jessa/Downloads/pairfect-paws-web (2)/pairfect-paws-web/vendor/laravel/framework/src/Illuminate/Http/Middleware/ValidatePostSize.php(27): Illuminate/Pipeline/Pipeline->Illuminate/Pipeline/{closure}(Object(Illuminate/Http/Request))
#45 C:/Users/Jessa/Downloads/pairfect-paws-web (2)/pairfect-paws-web/vendor/laravel/framework/src/Illuminate/Pipeline/Pipeline.php(219): Illuminate/Http/Middleware/ValidatePostSize->handle(Object(Illuminate/Http/Request), Object(Closure))
#46 C:/Users/Jessa/Downloads/pairfect-paws-web (2)/pairfect-paws-web/vendor/laravel/framework/src/Illuminate/Foundation/Http/Middleware/PreventRequestsDuringMaintenance.php(109): Illuminate/Pipeline/Pipeline->Illuminate/Pipeline/{closure}(Object(Illuminate/Http/Request))
#47 C:/Users/Jessa/Downloads/pairfect-paws-web (2)/pairfect-paws-web/vendor/laravel/framework/src/Illuminate/Pipeline/Pipeline.php(219): Illuminate/Foundation/Http/Middleware/PreventRequestsDuringMaintenance->handle(Object(Illuminate/Http/Request), Object(Closure))
#48 C:/Users/Jessa/Downloads/pairfect-paws-web (2)/pairfect-paws-web/vendor/laravel/framework/src/Illuminate/Http/Middleware/HandleCors.php(61): Illuminate/Pipeline/Pipeline->Illuminate/Pipeline/{closure}(Object(Illuminate/Http/Request))
#49 C:/Users/Jessa/Downloads/pairfect-paws-web (2)/pairfect-paws-web/vendor/laravel/framework/src/Illuminate/Pipeline/Pipeline.php(219): Illuminate/Http/Middleware/HandleCors->handle(Object(Illuminate/Http/Request), Object(Closure))
#50 C:/Users/Jessa/Downloads/pairfect-paws-web (2)/pairfect-paws-web/vendor/laravel/framework/src/Illuminate/Http/Middleware/TrustProxies.php(58): Illuminate/Pipeline/Pipeline->Illuminate/Pipeline/{closure}(Object(Illuminate/Http/Request))
#51 C:/Users/Jessa/Downloads/pairfect-paws-web (2)/pairfect-paws-web/vendor/laravel/framework/src/Illuminate/Pipeline/Pipeline.php(219): Illuminate/Http/Middleware/TrustProxies->handle(Object(Illuminate/Http/Request), Object(Closure))
#52 C:/Users/Jessa/Downloads/pairfect-paws-web (2)/pairfect-paws-web/vendor/laravel/framework/src/Illuminate/Foundation/Http/Middleware/InvokeDeferredCallbacks.php(22): Illuminate/Pipeline/Pipeline->Illuminate/Pipeline/{closure}(Object(Illuminate/Http/Request))
#53 C:/Users/Jessa/Downloads/pairfect-paws-web (2)/pairfect-paws-web/vendor/laravel/framework/src/Illuminate/Pipeline/Pipeline.php(219): Illuminate/Foundation/Http/Middleware/InvokeDeferredCallbacks->handle(Object(Illuminate/Http/Request), Object(Closure))
#54 C:/Users/Jessa/Downloads/pairfect-paws-web (2)/pairfect-paws-web/vendor/laravel/framework/src/Illuminate/Http/Middleware/ValidatePathEncoding.php(26): Illuminate/Pipeline/Pipeline->Illuminate/Pipeline/{closure}(Object(Illuminate/Http/Request))
#55 C:/Users/Jessa/Downloads/pairfect-paws-web (2)/pairfect-paws-web/vendor/laravel/framework/src/Illuminate/Pipeline/Pipeline.php(219): Illuminate/Http/Middleware/ValidatePathEncoding->handle(Object(Illuminate/Http/Request), Object(Closure))
#56 C:/Users/Jessa/Downloads/pairfect-paws-web (2)/pairfect-paws-web/vendor/laravel/framework/src/Illuminate/Pipeline/Pipeline.php(137): Illuminate/Pipeline/Pipeline->Illuminate/Pipeline/{closure}(Object(Illuminate/Http/Request))
#57 C:/Users/Jessa/Downloads/pairfect-paws-web (2)/pairfect-paws-web/vendor/laravel/framework/src/Illuminate/Foundation/Http/Kernel.php(175): Illuminate/Pipeline/Pipeline->then(Object(Closure))
#58 C:/Users/Jessa/Downloads/pairfect-paws-web (2)/pairfect-paws-web/vendor/laravel/framework/src/Illuminate/Foundation/Http/Kernel.php(144): Illuminate/Foundation/Http/Kernel->sendRequestThroughRouter(Object(Illuminate/Http/Request))
#59 C:/Users/Jessa/Downloads/pairfect-paws-web (2)/pairfect-paws-web/vendor/laravel/framework/src/Illuminate/Foundation/Application.php(1220): Illuminate/Foundation/Http/Kernel->handle(Object(Illuminate/Http/Request))
#60 C:/Users/Jessa/Downloads/pairfect-paws-web (2)/pairfect-paws-web/public/index.php(18): Illuminate/Foundation/Application->handleRequest(Object(Illuminate/Http/Request))
#61 C:/Users/Jessa/Downloads/pairfect-paws-web (2)/pairfect-paws-web/vendor/laravel/framework/src/Illuminate/Foundation/resources/server.php(23): require_once('C://Users//Jessa//...')
#62 {main}
"} 
[2026-08-05 00:54:05] local.ERROR: syntax error, unexpected token "endif" (View: C:\Users\Jessa\Downloads\pairfect-paws-web (2)\pairfect-paws-web\resources\views\admin\dashboard\index.blade.php) {"userId":2,"exception":"[object] (Illuminate\\View\\ViewException(code: 0): syntax error, unexpected token \"endif\" (View: C:\\Users\\Jessa\\Downloads\\pairfect-paws-web (2)\\pairfect-paws-web\\resources\\views\\admin\\dashboard\\index.blade.php) at C:/Users/Jessa/Downloads/pairfect-paws-web (2)/pairfect-paws-web/storage/framework/views/a7462be9d831fa4b00fda4f1ef3205e1.php:89)
[stacktrace]
#0 C:/Users/Jessa/Downloads/pairfect-paws-web (2)/pairfect-paws-web/vendor/laravel/framework/src/Illuminate/View/Engines/PhpEngine.php(59): Illuminate/View/Engines/CompilerEngine->handleViewException(Object(ParseError), 1)
#1 C:/Users/Jessa/Downloads/pairfect-paws-web (2)/pairfect-paws-web/vendor/laravel/framework/src/Illuminate/View/Engines/CompilerEngine.php(76): Illuminate/View/Engines/PhpEngine->evaluatePath('C://Users//Jessa//...', Array)
#2 C:/Users/Jessa/Downloads/pairfect-paws-web (2)/pairfect-paws-web/vendor/laravel/framework/src/Illuminate/View/View.php(208): Illuminate/View/Engines/CompilerEngine->get('C://Users//Jessa//...', Array)
#3 C:/Users/Jessa/Downloads/pairfect-paws-web (2)/pairfect-paws-web/vendor/laravel/framework/src/Illuminate/View/View.php(191): Illuminate/View/View->getContents()
#4 C:/Users/Jessa/Downloads/pairfect-paws-web (2)/pairfect-paws-web/vendor/laravel/framework/src/Illuminate/View/View.php(160): Illuminate/View/View->renderContents()
#5 C:/Users/Jessa/Downloads/pairfect-paws-web (2)/pairfect-paws-web/vendor/laravel/framework/src/Illuminate/Http/Response.php(78): Illuminate/View/View->render()
#6 C:/Users/Jessa/Downloads/pairfect-paws-web (2)/pairfect-paws-web/vendor/laravel/framework/src/Illuminate/Http/Response.php(34): Illuminate/Http/Response->setContent(Object(Illuminate/View/View))
#7 C:/Users/Jessa/Downloads/pairfect-paws-web (2)/pairfect-paws-web/vendor/laravel/framework/src/Illuminate/Routing/Router.php(939): Illuminate/Http/Response->__construct(Object(Illuminate/View/View), 200, Array)
#8 C:/Users/Jessa/Downloads/pairfect-paws-web (2)/pairfect-paws-web/vendor/laravel/framework/src/Illuminate/Routing/Router.php(906): Illuminate/Routing/Router::toResponse(Object(Illuminate/Http/Request), Object(Illuminate/View/View))
#9 C:/Users/Jessa/Downloads/pairfect-paws-web (2)/pairfect-paws-web/vendor/laravel/framework/src/Illuminate/Routing/Router.php(821): Illuminate/Routing/Router->prepareResponse(Object(Illuminate/Http/Request), Object(Illuminate/View/View))
#10 C:/Users/Jessa/Downloads/pairfect-paws-web (2)/pairfect-paws-web/vendor/laravel/framework/src/Illuminate/Pipeline/Pipeline.php(180): Illuminate/Routing/Router->Illuminate/Routing/{closure}(Object(Illuminate/Http/Request))
#11 C:/Users/Jessa/Downloads/pairfect-paws-web (2)/pairfect-paws-web/app/Http/Middleware/EnsureUserIsStaff.php(32): Illuminate/Pipeline/Pipeline->Illuminate/Pipeline/{closure}(Object(Illuminate/Http/Request))
#12 C:/Users/Jessa/Downloads/pairfect-paws-web (2)/pairfect-paws-web/vendor/laravel/framework/src/Illuminate/Pipeline/Pipeline.php(219): App/Http/Middleware/EnsureUserIsStaff->handle(Object(Illuminate/Http/Request), Object(Closure))
#13 C:/Users/Jessa/Downloads/pairfect-paws-web (2)/pairfect-paws-web/app/Http/Middleware/SecurityHeaders.php(19): Illuminate/Pipeline/Pipeline->Illuminate/Pipeline/{closure}(Object(Illuminate/Http/Request))
#14 C:/Users/Jessa/Downloads/pairfect-paws-web (2)/pairfect-paws-web/vendor/laravel/framework/src/Illuminate/Pipeline/Pipeline.php(219): App/Http/Middleware/SecurityHeaders->handle(Object(Illuminate/Http/Request), Object(Closure))
#15 C:/Users/Jessa/Downloads/pairfect-paws-web (2)/pairfect-paws-web/vendor/laravel/framework/src/Illuminate/Routing/Middleware/SubstituteBindings.php(50): Illuminate/Pipeline/Pipeline->Illuminate/Pipeline/{closure}(Object(Illuminate/Http/Request))
#16 C:/Users/Jessa/Downloads/pairfect-paws-web (2)/pairfect-paws-web/vendor/laravel/framework/src/Illuminate/Pipeline/Pipeline.php(219): Illuminate/Routing/Middleware/SubstituteBindings->handle(Object(Illuminate/Http/Request), Object(Closure))
#17 C:/Users/Jessa/Downloads/pairfect-paws-web (2)/pairfect-paws-web/vendor/laravel/framework/src/Illuminate/Auth/Middleware/Authenticate.php(63): Illuminate/Pipeline/Pipeline->Illuminate/Pipeline/{closure}(Object(Illuminate/Http/Request))
#18 C:/Users/Jessa/Downloads/pairfect-paws-web (2)/pairfect-paws-web/vendor/laravel/framework/src/Illuminate/Pipeline/Pipeline.php(219): Illuminate/Auth/Middleware/Authenticate->handle(Object(Illuminate/Http/Request), Object(Closure))
#19 C:/Users/Jessa/Downloads/pairfect-paws-web (2)/pairfect-paws-web/vendor/laravel/framework/src/Illuminate/Foundation/Http/Middleware/VerifyCsrfToken.php(87): Illuminate/Pipeline/Pipeline->Illuminate/Pipeline/{closure}(Object(Illuminate/Http/Request))
#20 C:/Users/Jessa/Downloads/pairfect-paws-web (2)/pairfect-paws-web/vendor/laravel/framework/src/Illuminate/Pipeline/Pipeline.php(219): Illuminate/Foundation/Http/Middleware/VerifyCsrfToken->handle(Object(Illuminate/Http/Request), Object(Closure))
#21 C:/Users/Jessa/Downloads/pairfect-paws-web (2)/pairfect-paws-web/vendor/laravel/framework/src/Illuminate/View/Middleware/ShareErrorsFromSession.php(48): Illuminate/Pipeline/Pipeline->Illuminate/Pipeline/{closure}(Object(Illuminate/Http/Request))
#22 C:/Users/Jessa/Downloads/pairfect-paws-web (2)/pairfect-paws-web/vendor/laravel/framework/src/Illuminate/Pipeline/Pipeline.php(219): Illuminate/View/Middleware/ShareErrorsFromSession->handle(Object(Illuminate/Http/Request), Object(Closure))
#23 C:/Users/Jessa/Downloads/pairfect-paws-web (2)/pairfect-paws-web/vendor/laravel/framework/src/Illuminate/Session/Middleware/StartSession.php(120): Illuminate/Pipeline/Pipeline->Illuminate/Pipeline/{closure}(Object(Illuminate/Http/Request))
#24 C:/Users/Jessa/Downloads/pairfect-paws-web (2)/pairfect-paws-web/vendor/laravel/framework/src/Illuminate/Session/Middleware/StartSession.php(63): Illuminate/Session/Middleware/StartSession->handleStatefulRequest(Object(Illuminate/Http/Request), Object(Illuminate/Session/EncryptedStore), Object(Closure))
#25 C:/Users/Jessa/Downloads/pairfect-paws-web (2)/pairfect-paws-web/vendor/laravel/framework/src/Illuminate/Pipeline/Pipeline.php(219): Illuminate/Session/Middleware/StartSession->handle(Object(Illuminate/Http/Request), Object(Closure))
#26 C:/Users/Jessa/Downloads/pairfect-paws-web (2)/pairfect-paws-web/vendor/laravel/framework/src/Illuminate/Cookie/Middleware/AddQueuedCookiesToResponse.php(36): Illuminate/Pipeline/Pipeline->Illuminate/Pipeline/{closure}(Object(Illuminate/Http/Request))
#27 C:/Users/Jessa/Downloads/pairfect-paws-web (2)/pairfect-paws-web/vendor/laravel/framework/src/Illuminate/Pipeline/Pipeline.php(219): Illuminate/Cookie/Middleware/AddQueuedCookiesToResponse->handle(Object(Illuminate/Http/Request), Object(Closure))
#28 C:/Users/Jessa/Downloads/pairfect-paws-web (2)/pairfect-paws-web/vendor/laravel/framework/src/Illuminate/Cookie/Middleware/EncryptCookies.php(74): Illuminate/Pipeline/Pipeline->Illuminate/Pipeline/{closure}(Object(Illuminate/Http/Request))
#29 C:/Users/Jessa/Downloads/pairfect-paws-web (2)/pairfect-paws-web/vendor/laravel/framework/src/Illuminate/Pipeline/Pipeline.php(219): Illuminate/Cookie/Middleware/EncryptCookies->handle(Object(Illuminate/Http/Request), Object(Closure))
#30 C:/Users/Jessa/Downloads/pairfect-paws-web (2)/pairfect-paws-web/vendor/laravel/framework/src/Illuminate/Pipeline/Pipeline.php(137): Illuminate/Pipeline/Pipeline->Illuminate/Pipeline/{closure}(Object(Illuminate/Http/Request))
#31 C:/Users/Jessa/Downloads/pairfect-paws-web (2)/pairfect-paws-web/vendor/laravel/framework/src/Illuminate/Routing/Router.php(821): Illuminate/Pipeline/Pipeline->then(Object(Closure))
#32 C:/Users/Jessa/Downloads/pairfect-paws-web (2)/pairfect-paws-web/vendor/laravel/framework/src/Illuminate/Routing/Router.php(800): Illuminate/Routing/Router->runRouteWithinStack(Object(Illuminate/Routing/Route), Object(Illuminate/Http/Request))
#33 C:/Users/Jessa/Downloads/pairfect-paws-web (2)/pairfect-paws-web/vendor/laravel/framework/src/Illuminate/Routing/Router.php(764): Illuminate/Routing/Router->runRoute(Object(Illuminate/Http/Request), Object(Illuminate/Routing/Route))
#34 C:/Users/Jessa/Downloads/pairfect-paws-web (2)/pairfect-paws-web/vendor/laravel/framework/src/Illuminate/Routing/Router.php(753): Illuminate/Routing/Router->dispatchToRoute(Object(Illuminate/Http/Request))
#35 C:/Users/Jessa/Downloads/pairfect-paws-web (2)/pairfect-paws-web/vendor/laravel/framework/src/Illuminate/Foundation/Http/Kernel.php(200): Illuminate/Routing/Router->dispatch(Object(Illuminate/Http/Request))
#36 C:/Users/Jessa/Downloads/pairfect-paws-web (2)/pairfect-paws-web/vendor/laravel/framework/src/Illuminate/Pipeline/Pipeline.php(180): Illuminate/Foundation/Http/Kernel->Illuminate/Foundation/Http/{closure}(Object(Illuminate/Http/Request))
#37 C:/Users/Jessa/Downloads/pairfect-paws-web (2)/pairfect-paws-web/vendor/laravel/framework/src/Illuminate/Foundation/Http/Middleware/TransformsRequest.php(21): Illuminate/Pipeline/Pipeline->Illuminate/Pipeline/{closure}(Object(Illuminate/Http/Request))
#38 C:/Users/Jessa/Downloads/pairfect-paws-web (2)/pairfect-paws-web/vendor/laravel/framework/src/Illuminate/Foundation/Http/Middleware/ConvertEmptyStringsToNull.php(31): Illuminate/Foundation/Http/Middleware/TransformsRequest->handle(Object(Illuminate/Http/Request), Object(Closure))
#39 C:/Users/Jessa/Downloads/pairfect-paws-web (2)/pairfect-paws-web/vendor/laravel/framework/src/Illuminate/Pipeline/Pipeline.php(219): Illuminate/Foundation/Http/Middleware/ConvertEmptyStringsToNull->handle(Object(Illuminate/Http/Request), Object(Closure))
#40 C:/Users/Jessa/Downloads/pairfect-paws-web (2)/pairfect-paws-web/vendor/laravel/framework/src/Illuminate/Foundation/Http/Middleware/TransformsRequest.php(21): Illuminate/Pipeline/Pipeline->Illuminate/Pipeline/{closure}(Object(Illuminate/Http/Request))
#41 C:/Users/Jessa/Downloads/pairfect-paws-web (2)/pairfect-paws-web/vendor/laravel/framework/src/Illuminate/Foundation/Http/Middleware/TrimStrings.php(51): Illuminate/Foundation/Http/Middleware/TransformsRequest->handle(Object(Illuminate/Http/Request), Object(Closure))
#42 C:/Users/Jessa/Downloads/pairfect-paws-web (2)/pairfect-paws-web/vendor/laravel/framework/src/Illuminate/Pipeline/Pipeline.php(219): Illuminate/Foundation/Http/Middleware/TrimStrings->handle(Object(Illuminate/Http/Request), Object(Closure))
#43 C:/Users/Jessa/Downloads/pairfect-paws-web (2)/pairfect-paws-web/vendor/laravel/framework/src/Illuminate/Http/Middleware/ValidatePostSize.php(27): Illuminate/Pipeline/Pipeline->Illuminate/Pipeline/{closure}(Object(Illuminate/Http/Request))
#44 C:/Users/Jessa/Downloads/pairfect-paws-web (2)/pairfect-paws-web/vendor/laravel/framework/src/Illuminate/Pipeline/Pipeline.php(219): Illuminate/Http/Middleware/ValidatePostSize->handle(Object(Illuminate/Http/Request), Object(Closure))
#45 C:/Users/Jessa/Downloads/pairfect-paws-web (2)/pairfect-paws-web/vendor/laravel/framework/src/Illuminate/Foundation/Http/Middleware/PreventRequestsDuringMaintenance.php(109): Illuminate/Pipeline/Pipeline->Illuminate/Pipeline/{closure}(Object(Illuminate/Http/Request))
#46 C:/Users/Jessa/Downloads/pairfect-paws-web (2)/pairfect-paws-web/vendor/laravel/framework/src/Illuminate/Pipeline/Pipeline.php(219): Illuminate/Foundation/Http/Middleware/PreventRequestsDuringMaintenance->handle(Object(Illuminate/Http/Request), Object(Closure))
#47 C:/Users/Jessa/Downloads/pairfect-paws-web (2)/pairfect-paws-web/vendor/laravel/framework/src/Illuminate/Http/Middleware/HandleCors.php(61): Illuminate/Pipeline/Pipeline->Illuminate/Pipeline/{closure}(Object(Illuminate/Http/Request))
#48 C:/Users/Jessa/Downloads/pairfect-paws-web (2)/pairfect-paws-web/vendor/laravel/framework/src/Illuminate/Pipeline/Pipeline.php(219): Illuminate/Http/Middleware/HandleCors->handle(Object(Illuminate/Http/Request), Object(Closure))
#49 C:/Users/Jessa/Downloads/pairfect-paws-web (2)/pairfect-paws-web/vendor/laravel/framework/src/Illuminate/Http/Middleware/TrustProxies.php(58): Illuminate/Pipeline/Pipeline->Illuminate/Pipeline/{closure}(Object(Illuminate/Http/Request))
#50 C:/Users/Jessa/Downloads/pairfect-paws-web (2)/pairfect-paws-web/vendor/laravel/framework/src/Illuminate/Pipeline/Pipeline.php(219): Illuminate/Http/Middleware/TrustProxies->handle(Object(Illuminate/Http/Request), Object(Closure))
#51 C:/Users/Jessa/Downloads/pairfect-paws-web (2)/pairfect-paws-web/vendor/laravel/framework/src/Illuminate/Foundation/Http/Middleware/InvokeDeferredCallbacks.php(22): Illuminate/Pipeline/Pipeline->Illuminate/Pipeline/{closure}(Object(Illuminate/Http/Request))
#52 C:/Users/Jessa/Downloads/pairfect-paws-web (2)/pairfect-paws-web/vendor/laravel/framework/src/Illuminate/Pipeline/Pipeline.php(219): Illuminate/Foundation/Http/Middleware/InvokeDeferredCallbacks->handle(Object(Illuminate/Http/Request), Object(Closure))
#53 C:/Users/Jessa/Downloads/pairfect-paws-web (2)/pairfect-paws-web/vendor/laravel/framework/src/Illuminate/Http/Middleware/ValidatePathEncoding.php(26): Illuminate/Pipeline/Pipeline->Illuminate/Pipeline/{closure}(Object(Illuminate/Http/Request))
#54 C:/Users/Jessa/Downloads/pairfect-paws-web (2)/pairfect-paws-web/vendor/laravel/framework/src/Illuminate/Pipeline/Pipeline.php(219): Illuminate/Http/Middleware/ValidatePathEncoding->handle(Object(Illuminate/Http/Request), Object(Closure))
#55 C:/Users/Jessa/Downloads/pairfect-paws-web (2)/pairfect-paws-web/vendor/laravel/framework/src/Illuminate/Pipeline/Pipeline.php(137): Illuminate/Pipeline/Pipeline->Illuminate/Pipeline/{closure}(Object(Illuminate/Http/Request))
#56 C:/Users/Jessa/Downloads/pairfect-paws-web (2)/pairfect-paws-web/vendor/laravel/framework/src/Illuminate/Foundation/Http/Kernel.php(175): Illuminate/Pipeline/Pipeline->then(Object(Closure))
#57 C:/Users/Jessa/Downloads/pairfect-paws-web (2)/pairfect-paws-web/vendor/laravel/framework/src/Illuminate/Foundation/Http/Kernel.php(144): Illuminate/Foundation/Http/Kernel->sendRequestThroughRouter(Object(Illuminate/Http/Request))
#58 C:/Users/Jessa/Downloads/pairfect-paws-web (2)/pairfect-paws-web/vendor/laravel/framework/src/Illuminate/Foundation/Application.php(1220): Illuminate/Foundation/Http/Kernel->handle(Object(Illuminate/Http/Request))
#59 C:/Users/Jessa/Downloads/pairfect-paws-web (2)/pairfect-paws-web/public/index.php(18): Illuminate/Foundation/Application->handleRequest(Object(Illuminate/Http/Request))
#60 C:/Users/Jessa/Downloads/pairfect-paws-web (2)/pairfect-paws-web/vendor/laravel/framework/src/Illuminate/Foundation/resources/server.php(23): require_once('C://Users//Jessa//...')
#61 {main}

[previous exception] [object] (ParseError(code: 0): syntax error, unexpected token \"endif\" at C:/Users/Jessa/Downloads/pairfect-paws-web (2)/pairfect-paws-web/storage/framework/views/a7462be9d831fa4b00fda4f1ef3205e1.php:89)
[stacktrace]
#0 C:/Users/Jessa/Downloads/pairfect-paws-web (2)/pairfect-paws-web/vendor/laravel/framework/src/Illuminate/Filesystem/Filesystem.php(124): Illuminate/Filesystem/Filesystem::Illuminate/Filesystem/{closure}()
#1 C:/Users/Jessa/Downloads/pairfect-paws-web (2)/pairfect-paws-web/vendor/laravel/framework/src/Illuminate/View/Engines/PhpEngine.php(57): Illuminate/Filesystem/Filesystem->getRequire('C://Users//Jessa//...', Array)
#2 C:/Users/Jessa/Downloads/pairfect-paws-web (2)/pairfect-paws-web/vendor/laravel/framework/src/Illuminate/View/Engines/CompilerEngine.php(76): Illuminate/View/Engines/PhpEngine->evaluatePath('C://Users//Jessa//...', Array)
#3 C:/Users/Jessa/Downloads/pairfect-paws-web (2)/pairfect-paws-web/vendor/laravel/framework/src/Illuminate/View/View.php(208): Illuminate/View/Engines/CompilerEngine->get('C://Users//Jessa//...', Array)
#4 C:/Users/Jessa/Downloads/pairfect-paws-web (2)/pairfect-paws-web/vendor/laravel/framework/src/Illuminate/View/View.php(191): Illuminate/View/View->getContents()
#5 C:/Users/Jessa/Downloads/pairfect-paws-web (2)/pairfect-paws-web/vendor/laravel/framework/src/Illuminate/View/View.php(160): Illuminate/View/View->renderContents()
#6 C:/Users/Jessa/Downloads/pairfect-paws-web (2)/pairfect-paws-web/vendor/laravel/framework/src/Illuminate/Http/Response.php(78): Illuminate/View/View->render()
#7 C:/Users/Jessa/Downloads/pairfect-paws-web (2)/pairfect-paws-web/vendor/laravel/framework/src/Illuminate/Http/Response.php(34): Illuminate/Http/Response->setContent(Object(Illuminate/View/View))
#8 C:/Users/Jessa/Downloads/pairfect-paws-web (2)/pairfect-paws-web/vendor/laravel/framework/src/Illuminate/Routing/Router.php(939): Illuminate/Http/Response->__construct(Object(Illuminate/View/View), 200, Array)
#9 C:/Users/Jessa/Downloads/pairfect-paws-web (2)/pairfect-paws-web/vendor/laravel/framework/src/Illuminate/Routing/Router.php(906): Illuminate/Routing/Router::toResponse(Object(Illuminate/Http/Request), Object(Illuminate/View/View))
#10 C:/Users/Jessa/Downloads/pairfect-paws-web (2)/pairfect-paws-web/vendor/laravel/framework/src/Illuminate/Routing/Router.php(821): Illuminate/Routing/Router->prepareResponse(Object(Illuminate/Http/Request), Object(Illuminate/View/View))
#11 C:/Users/Jessa/Downloads/pairfect-paws-web (2)/pairfect-paws-web/vendor/laravel/framework/src/Illuminate/Pipeline/Pipeline.php(180): Illuminate/Routing/Router->Illuminate/Routing/{closure}(Object(Illuminate/Http/Request))
#12 C:/Users/Jessa/Downloads/pairfect-paws-web (2)/pairfect-paws-web/app/Http/Middleware/EnsureUserIsStaff.php(32): Illuminate/Pipeline/Pipeline->Illuminate/Pipeline/{closure}(Object(Illuminate/Http/Request))
#13 C:/Users/Jessa/Downloads/pairfect-paws-web (2)/pairfect-paws-web/vendor/laravel/framework/src/Illuminate/Pipeline/Pipeline.php(219): App/Http/Middleware/EnsureUserIsStaff->handle(Object(Illuminate/Http/Request), Object(Closure))
#14 C:/Users/Jessa/Downloads/pairfect-paws-web (2)/pairfect-paws-web/app/Http/Middleware/SecurityHeaders.php(19): Illuminate/Pipeline/Pipeline->Illuminate/Pipeline/{closure}(Object(Illuminate/Http/Request))
#15 C:/Users/Jessa/Downloads/pairfect-paws-web (2)/pairfect-paws-web/vendor/laravel/framework/src/Illuminate/Pipeline/Pipeline.php(219): App/Http/Middleware/SecurityHeaders->handle(Object(Illuminate/Http/Request), Object(Closure))
#16 C:/Users/Jessa/Downloads/pairfect-paws-web (2)/pairfect-paws-web/vendor/laravel/framework/src/Illuminate/Routing/Middleware/SubstituteBindings.php(50): Illuminate/Pipeline/Pipeline->Illuminate/Pipeline/{closure}(Object(Illuminate/Http/Request))
#17 C:/Users/Jessa/Downloads/pairfect-paws-web (2)/pairfect-paws-web/vendor/laravel/framework/src/Illuminate/Pipeline/Pipeline.php(219): Illuminate/Routing/Middleware/SubstituteBindings->handle(Object(Illuminate/Http/Request), Object(Closure))
#18 C:/Users/Jessa/Downloads/pairfect-paws-web (2)/pairfect-paws-web/vendor/laravel/framework/src/Illuminate/Auth/Middleware/Authenticate.php(63): Illuminate/Pipeline/Pipeline->Illuminate/Pipeline/{closure}(Object(Illuminate/Http/Request))
#19 C:/Users/Jessa/Downloads/pairfect-paws-web (2)/pairfect-paws-web/vendor/laravel/framework/src/Illuminate/Pipeline/Pipeline.php(219): Illuminate/Auth/Middleware/Authenticate->handle(Object(Illuminate/Http/Request), Object(Closure))
#20 C:/Users/Jessa/Downloads/pairfect-paws-web (2)/pairfect-paws-web/vendor/laravel/framework/src/Illuminate/Foundation/Http/Middleware/VerifyCsrfToken.php(87): Illuminate/Pipeline/Pipeline->Illuminate/Pipeline/{closure}(Object(Illuminate/Http/Request))
#21 C:/Users/Jessa/Downloads/pairfect-paws-web (2)/pairfect-paws-web/vendor/laravel/framework/src/Illuminate/Pipeline/Pipeline.php(219): Illuminate/Foundation/Http/Middleware/VerifyCsrfToken->handle(Object(Illuminate/Http/Request), Object(Closure))
#22 C:/Users/Jessa/Downloads/pairfect-paws-web (2)/pairfect-paws-web/vendor/laravel/framework/src/Illuminate/View/Middleware/ShareErrorsFromSession.php(48): Illuminate/Pipeline/Pipeline->Illuminate/Pipeline/{closure}(Object(Illuminate/Http/Request))
#23 C:/Users/Jessa/Downloads/pairfect-paws-web (2)/pairfect-paws-web/vendor/laravel/framework/src/Illuminate/Pipeline/Pipeline.php(219): Illuminate/View/Middleware/ShareErrorsFromSession->handle(Object(Illuminate/Http/Request), Object(Closure))
#24 C:/Users/Jessa/Downloads/pairfect-paws-web (2)/pairfect-paws-web/vendor/laravel/framework/src/Illuminate/Session/Middleware/StartSession.php(120): Illuminate/Pipeline/Pipeline->Illuminate/Pipeline/{closure}(Object(Illuminate/Http/Request))
#25 C:/Users/Jessa/Downloads/pairfect-paws-web (2)/pairfect-paws-web/vendor/laravel/framework/src/Illuminate/Session/Middleware/StartSession.php(63): Illuminate/Session/Middleware/StartSession->handleStatefulRequest(Object(Illuminate/Http/Request), Object(Illuminate/Session/EncryptedStore), Object(Closure))
#26 C:/Users/Jessa/Downloads/pairfect-paws-web (2)/pairfect-paws-web/vendor/laravel/framework/src/Illuminate/Pipeline/Pipeline.php(219): Illuminate/Session/Middleware/StartSession->handle(Object(Illuminate/Http/Request), Object(Closure))
#27 C:/Users/Jessa/Downloads/pairfect-paws-web (2)/pairfect-paws-web/vendor/laravel/framework/src/Illuminate/Cookie/Middleware/AddQueuedCookiesToResponse.php(36): Illuminate/Pipeline/Pipeline->Illuminate/Pipeline/{closure}(Object(Illuminate/Http/Request))
#28 C:/Users/Jessa/Downloads/pairfect-paws-web (2)/pairfect-paws-web/vendor/laravel/framework/src/Illuminate/Pipeline/Pipeline.php(219): Illuminate/Cookie/Middleware/AddQueuedCookiesToResponse->handle(Object(Illuminate/Http/Request), Object(Closure))
#29 C:/Users/Jessa/Downloads/pairfect-paws-web (2)/pairfect-paws-web/vendor/laravel/framework/src/Illuminate/Cookie/Middleware/EncryptCookies.php(74): Illuminate/Pipeline/Pipeline->Illuminate/Pipeline/{closure}(Object(Illuminate/Http/Request))
#30 C:/Users/Jessa/Downloads/pairfect-paws-web (2)/pairfect-paws-web/vendor/laravel/framework/src/Illuminate/Pipeline/Pipeline.php(219): Illuminate/Cookie/Middleware/EncryptCookies->handle(Object(Illuminate/Http/Request), Object(Closure))
#31 C:/Users/Jessa/Downloads/pairfect-paws-web (2)/pairfect-paws-web/vendor/laravel/framework/src/Illuminate/Pipeline/Pipeline.php(137): Illuminate/Pipeline/Pipeline->Illuminate/Pipeline/{closure}(Object(Illuminate/Http/Request))
#32 C:/Users/Jessa/Downloads/pairfect-paws-web (2)/pairfect-paws-web/vendor/laravel/framework/src/Illuminate/Routing/Router.php(821): Illuminate/Pipeline/Pipeline->then(Object(Closure))
#33 C:/Users/Jessa/Downloads/pairfect-paws-web (2)/pairfect-paws-web/vendor/laravel/framework/src/Illuminate/Routing/Router.php(800): Illuminate/Routing/Router->runRouteWithinStack(Object(Illuminate/Routing/Route), Object(Illuminate/Http/Request))
#34 C:/Users/Jessa/Downloads/pairfect-paws-web (2)/pairfect-paws-web/vendor/laravel/framework/src/Illuminate/Routing/Router.php(764): Illuminate/Routing/Router->runRoute(Object(Illuminate/Http/Request), Object(Illuminate/Routing/Route))
#35 C:/Users/Jessa/Downloads/pairfect-paws-web (2)/pairfect-paws-web/vendor/laravel/framework/src/Illuminate/Routing/Router.php(753): Illuminate/Routing/Router->dispatchToRoute(Object(Illuminate/Http/Request))
#36 C:/Users/Jessa/Downloads/pairfect-paws-web (2)/pairfect-paws-web/vendor/laravel/framework/src/Illuminate/Foundation/Http/Kernel.php(200): Illuminate/Routing/Router->dispatch(Object(Illuminate/Http/Request))
#37 C:/Users/Jessa/Downloads/pairfect-paws-web (2)/pairfect-paws-web/vendor/laravel/framework/src/Illuminate/Pipeline/Pipeline.php(180): Illuminate/Foundation/Http/Kernel->Illuminate/Foundation/Http/{closure}(Object(Illuminate/Http/Request))
#38 C:/Users/Jessa/Downloads/pairfect-paws-web (2)/pairfect-paws-web/vendor/laravel/framework/src/Illuminate/Foundation/Http/Middleware/TransformsRequest.php(21): Illuminate/Pipeline/Pipeline->Illuminate/Pipeline/{closure}(Object(Illuminate/Http/Request))
#39 C:/Users/Jessa/Downloads/pairfect-paws-web (2)/pairfect-paws-web/vendor/laravel/framework/src/Illuminate/Foundation/Http/Middleware/ConvertEmptyStringsToNull.php(31): Illuminate/Foundation/Http/Middleware/TransformsRequest->handle(Object(Illuminate/Http/Request), Object(Closure))
#40 C:/Users/Jessa/Downloads/pairfect-paws-web (2)/pairfect-paws-web/vendor/laravel/framework/src/Illuminate/Pipeline/Pipeline.php(219): Illuminate/Foundation/Http/Middleware/ConvertEmptyStringsToNull->handle(Object(Illuminate/Http/Request), Object(Closure))
#41 C:/Users/Jessa/Downloads/pairfect-paws-web (2)/pairfect-paws-web/vendor/laravel/framework/src/Illuminate/Foundation/Http/Middleware/TransformsRequest.php(21): Illuminate/Pipeline/Pipeline->Illuminate/Pipeline/{closure}(Object(Illuminate/Http/Request))
#42 C:/Users/Jessa/Downloads/pairfect-paws-web (2)/pairfect-paws-web/vendor/laravel/framework/src/Illuminate/Foundation/Http/Middleware/TrimStrings.php(51): Illuminate/Foundation/Http/Middleware/TransformsRequest->handle(Object(Illuminate/Http/Request), Object(Closure))
#43 C:/Users/Jessa/Downloads/pairfect-paws-web (2)/pairfect-paws-web/vendor/laravel/framework/src/Illuminate/Pipeline/Pipeline.php(219): Illuminate/Foundation/Http/Middleware/TrimStrings->handle(Object(Illuminate/Http/Request), Object(Closure))
#44 C:/Users/Jessa/Downloads/pairfect-paws-web (2)/pairfect-paws-web/vendor/laravel/framework/src/Illuminate/Http/Middleware/ValidatePostSize.php(27): Illuminate/Pipeline/Pipeline->Illuminate/Pipeline/{closure}(Object(Illuminate/Http/Request))
#45 C:/Users/Jessa/Downloads/pairfect-paws-web (2)/pairfect-paws-web/vendor/laravel/framework/src/Illuminate/Pipeline/Pipeline.php(219): Illuminate/Http/Middleware/ValidatePostSize->handle(Object(Illuminate/Http/Request), Object(Closure))
#46 C:/Users/Jessa/Downloads/pairfect-paws-web (2)/pairfect-paws-web/vendor/laravel/framework/src/Illuminate/Foundation/Http/Middleware/PreventRequestsDuringMaintenance.php(109): Illuminate/Pipeline/Pipeline->Illuminate/Pipeline/{closure}(Object(Illuminate/Http/Request))
#47 C:/Users/Jessa/Downloads/pairfect-paws-web (2)/pairfect-paws-web/vendor/laravel/framework/src/Illuminate/Pipeline/Pipeline.php(219): Illuminate/Foundation/Http/Middleware/PreventRequestsDuringMaintenance->handle(Object(Illuminate/Http/Request), Object(Closure))
#48 C:/Users/Jessa/Downloads/pairfect-paws-web (2)/pairfect-paws-web/vendor/laravel/framework/src/Illuminate/Http/Middleware/HandleCors.php(61): Illuminate/Pipeline/Pipeline->Illuminate/Pipeline/{closure}(Object(Illuminate/Http/Request))
#49 C:/Users/Jessa/Downloads/pairfect-paws-web (2)/pairfect-paws-web/vendor/laravel/framework/src/Illuminate/Pipeline/Pipeline.php(219): Illuminate/Http/Middleware/HandleCors->handle(Object(Illuminate/Http/Request), Object(Closure))
#50 C:/Users/Jessa/Downloads/pairfect-paws-web (2)/pairfect-paws-web/vendor/laravel/framework/src/Illuminate/Http/Middleware/TrustProxies.php(58): Illuminate/Pipeline/Pipeline->Illuminate/Pipeline/{closure}(Object(Illuminate/Http/Request))
#51 C:/Users/Jessa/Downloads/pairfect-paws-web (2)/pairfect-paws-web/vendor/laravel/framework/src/Illuminate/Pipeline/Pipeline.php(219): Illuminate/Http/Middleware/TrustProxies->handle(Object(Illuminate/Http/Request), Object(Closure))
#52 C:/Users/Jessa/Downloads/pairfect-paws-web (2)/pairfect-paws-web/vendor/laravel/framework/src/Illuminate/Foundation/Http/Middleware/InvokeDeferredCallbacks.php(22): Illuminate/Pipeline/Pipeline->Illuminate/Pipeline/{closure}(Object(Illuminate/Http/Request))
#53 C:/Users/Jessa/Downloads/pairfect-paws-web (2)/pairfect-paws-web/vendor/laravel/framework/src/Illuminate/Pipeline/Pipeline.php(219): Illuminate/Foundation/Http/Middleware/InvokeDeferredCallbacks->handle(Object(Illuminate/Http/Request), Object(Closure))
#54 C:/Users/Jessa/Downloads/pairfect-paws-web (2)/pairfect-paws-web/vendor/laravel/framework/src/Illuminate/Http/Middleware/ValidatePathEncoding.php(26): Illuminate/Pipeline/Pipeline->Illuminate/Pipeline/{closure}(Object(Illuminate/Http/Request))
#55 C:/Users/Jessa/Downloads/pairfect-paws-web (2)/pairfect-paws-web/vendor/laravel/framework/src/Illuminate/Pipeline/Pipeline.php(219): Illuminate/Http/Middleware/ValidatePathEncoding->handle(Object(Illuminate/Http/Request), Object(Closure))
#56 C:/Users/Jessa/Downloads/pairfect-paws-web (2)/pairfect-paws-web/vendor/laravel/framework/src/Illuminate/Pipeline/Pipeline.php(137): Illuminate/Pipeline/Pipeline->Illuminate/Pipeline/{closure}(Object(Illuminate/Http/Request))
#57 C:/Users/Jessa/Downloads/pairfect-paws-web (2)/pairfect-paws-web/vendor/laravel/framework/src/Illuminate/Foundation/Http/Kernel.php(175): Illuminate/Pipeline/Pipeline->then(Object(Closure))
#58 C:/Users/Jessa/Downloads/pairfect-paws-web (2)/pairfect-paws-web/vendor/laravel/framework/src/Illuminate/Foundation/Http/Kernel.php(144): Illuminate/Foundation/Http/Kernel->sendRequestThroughRouter(Object(Illuminate/Http/Request))
#59 C:/Users/Jessa/Downloads/pairfect-paws-web (2)/pairfect-paws-web/vendor/laravel/framework/src/Illuminate/Foundation/Application.php(1220): Illuminate/Foundation/Http/Kernel->handle(Object(Illuminate/Http/Request))
#60 C:/Users/Jessa/Downloads/pairfect-paws-web (2)/pairfect-paws-web/public/index.php(18): Illuminate/Foundation/Application->handleRequest(Object(Illuminate/Http/Request))
#61 C:/Users/Jessa/Downloads/pairfect-paws-web (2)/pairfect-paws-web/vendor/laravel/framework/src/Illuminate/Foundation/resources/server.php(23): require_once('C://Users//Jessa//...')
#62 {main}
"} 
[2026-08-05 00:56:12] local.ERROR: syntax error, unexpected token "endif" (View: C:\Users\Jessa\Downloads\pairfect-paws-web (2)\pairfect-paws-web\resources\views\admin\dashboard\index.blade.php) {"userId":2,"exception":"[object] (Illuminate\\View\\ViewException(code: 0): syntax error, unexpected token \"endif\" (View: C:\\Users\\Jessa\\Downloads\\pairfect-paws-web (2)\\pairfect-paws-web\\resources\\views\\admin\\dashboard\\index.blade.php) at C:/Users/Jessa/Downloads/pairfect-paws-web (2)/pairfect-paws-web/storage/framework/views/a7462be9d831fa4b00fda4f1ef3205e1.php:89)
[stacktrace]
#0 C:/Users/Jessa/Downloads/pairfect-paws-web (2)/pairfect-paws-web/vendor/laravel/framework/src/Illuminate/View/Engines/PhpEngine.php(59): Illuminate/View/Engines/CompilerEngine->handleViewException(Object(ParseError), 1)
#1 C:/Users/Jessa/Downloads/pairfect-paws-web (2)/pairfect-paws-web/vendor/laravel/framework/src/Illuminate/View/Engines/CompilerEngine.php(76): Illuminate/View/Engines/PhpEngine->evaluatePath('C://Users//Jessa//...', Array)
#2 C:/Users/Jessa/Downloads/pairfect-paws-web (2)/pairfect-paws-web/vendor/laravel/framework/src/Illuminate/View/View.php(208): Illuminate/View/Engines/CompilerEngine->get('C://Users//Jessa//...', Array)
#3 C:/Users/Jessa/Downloads/pairfect-paws-web (2)/pairfect-paws-web/vendor/laravel/framework/src/Illuminate/View/View.php(191): Illuminate/View/View->getContents()
#4 C:/Users/Jessa/Downloads/pairfect-paws-web (2)/pairfect-paws-web/vendor/laravel/framework/src/Illuminate/View/View.php(160): Illuminate/View/View->renderContents()
#5 C:/Users/Jessa/Downloads/pairfect-paws-web (2)/pairfect-paws-web/vendor/laravel/framework/src/Illuminate/Http/Response.php(78): Illuminate/View/View->render()
#6 C:/Users/Jessa/Downloads/pairfect-paws-web (2)/pairfect-paws-web/vendor/laravel/framework/src/Illuminate/Http/Response.php(34): Illuminate/Http/Response->setContent(Object(Illuminate/View/View))
#7 C:/Users/Jessa/Downloads/pairfect-paws-web (2)/pairfect-paws-web/vendor/laravel/framework/src/Illuminate/Routing/Router.php(939): Illuminate/Http/Response->__construct(Object(Illuminate/View/View), 200, Array)
#8 C:/Users/Jessa/Downloads/pairfect-paws-web (2)/pairfect-paws-web/vendor/laravel/framework/src/Illuminate/Routing/Router.php(906): Illuminate/Routing/Router::toResponse(Object(Illuminate/Http/Request), Object(Illuminate/View/View))
#9 C:/Users/Jessa/Downloads/pairfect-paws-web (2)/pairfect-paws-web/vendor/laravel/framework/src/Illuminate/Routing/Router.php(821): Illuminate/Routing/Router->prepareResponse(Object(Illuminate/Http/Request), Object(Illuminate/View/View))
#10 C:/Users/Jessa/Downloads/pairfect-paws-web (2)/pairfect-paws-web/vendor/laravel/framework/src/Illuminate/Pipeline/Pipeline.php(180): Illuminate/Routing/Router->Illuminate/Routing/{closure}(Object(Illuminate/Http/Request))
#11 C:/Users/Jessa/Downloads/pairfect-paws-web (2)/pairfect-paws-web/app/Http/Middleware/EnsureUserIsStaff.php(32): Illuminate/Pipeline/Pipeline->Illuminate/Pipeline/{closure}(Object(Illuminate/Http/Request))
#12 C:/Users/Jessa/Downloads/pairfect-paws-web (2)/pairfect-paws-web/vendor/laravel/framework/src/Illuminate/Pipeline/Pipeline.php(219): App/Http/Middleware/EnsureUserIsStaff->handle(Object(Illuminate/Http/Request), Object(Closure))
#13 C:/Users/Jessa/Downloads/pairfect-paws-web (2)/pairfect-paws-web/app/Http/Middleware/SecurityHeaders.php(19): Illuminate/Pipeline/Pipeline->Illuminate/Pipeline/{closure}(Object(Illuminate/Http/Request))
#14 C:/Users/Jessa/Downloads/pairfect-paws-web (2)/pairfect-paws-web/vendor/laravel/framework/src/Illuminate/Pipeline/Pipeline.php(219): App/Http/Middleware/SecurityHeaders->handle(Object(Illuminate/Http/Request), Object(Closure))
#15 C:/Users/Jessa/Downloads/pairfect-paws-web (2)/pairfect-paws-web/vendor/laravel/framework/src/Illuminate/Routing/Middleware/SubstituteBindings.php(50): Illuminate/Pipeline/Pipeline->Illuminate/Pipeline/{closure}(Object(Illuminate/Http/Request))
#16 C:/Users/Jessa/Downloads/pairfect-paws-web (2)/pairfect-paws-web/vendor/laravel/framework/src/Illuminate/Pipeline/Pipeline.php(219): Illuminate/Routing/Middleware/SubstituteBindings->handle(Object(Illuminate/Http/Request), Object(Closure))
#17 C:/Users/Jessa/Downloads/pairfect-paws-web (2)/pairfect-paws-web/vendor/laravel/framework/src/Illuminate/Auth/Middleware/Authenticate.php(63): Illuminate/Pipeline/Pipeline->Illuminate/Pipeline/{closure}(Object(Illuminate/Http/Request))
#18 C:/Users/Jessa/Downloads/pairfect-paws-web (2)/pairfect-paws-web/vendor/laravel/framework/src/Illuminate/Pipeline/Pipeline.php(219): Illuminate/Auth/Middleware/Authenticate->handle(Object(Illuminate/Http/Request), Object(Closure))
#19 C:/Users/Jessa/Downloads/pairfect-paws-web (2)/pairfect-paws-web/vendor/laravel/framework/src/Illuminate/Foundation/Http/Middleware/VerifyCsrfToken.php(87): Illuminate/Pipeline/Pipeline->Illuminate/Pipeline/{closure}(Object(Illuminate/Http/Request))
#20 C:/Users/Jessa/Downloads/pairfect-paws-web (2)/pairfect-paws-web/vendor/laravel/framework/src/Illuminate/Pipeline/Pipeline.php(219): Illuminate/Foundation/Http/Middleware/VerifyCsrfToken->handle(Object(Illuminate/Http/Request), Object(Closure))
#21 C:/Users/Jessa/Downloads/pairfect-paws-web (2)/pairfect-paws-web/vendor/laravel/framework/src/Illuminate/View/Middleware/ShareErrorsFromSession.php(48): Illuminate/Pipeline/Pipeline->Illuminate/Pipeline/{closure}(Object(Illuminate/Http/Request))
#22 C:/Users/Jessa/Downloads/pairfect-paws-web (2)/pairfect-paws-web/vendor/laravel/framework/src/Illuminate/Pipeline/Pipeline.php(219): Illuminate/View/Middleware/ShareErrorsFromSession->handle(Object(Illuminate/Http/Request), Object(Closure))
#23 C:/Users/Jessa/Downloads/pairfect-paws-web (2)/pairfect-paws-web/vendor/laravel/framework/src/Illuminate/Session/Middleware/StartSession.php(120): Illuminate/Pipeline/Pipeline->Illuminate/Pipeline/{closure}(Object(Illuminate/Http/Request))
#24 C:/Users/Jessa/Downloads/pairfect-paws-web (2)/pairfect-paws-web/vendor/laravel/framework/src/Illuminate/Session/Middleware/StartSession.php(63): Illuminate/Session/Middleware/StartSession->handleStatefulRequest(Object(Illuminate/Http/Request), Object(Illuminate/Session/EncryptedStore), Object(Closure))
#25 C:/Users/Jessa/Downloads/pairfect-paws-web (2)/pairfect-paws-web/vendor/laravel/framework/src/Illuminate/Pipeline/Pipeline.php(219): Illuminate/Session/Middleware/StartSession->handle(Object(Illuminate/Http/Request), Object(Closure))
#26 C:/Users/Jessa/Downloads/pairfect-paws-web (2)/pairfect-paws-web/vendor/laravel/framework/src/Illuminate/Cookie/Middleware/AddQueuedCookiesToResponse.php(36): Illuminate/Pipeline/Pipeline->Illuminate/Pipeline/{closure}(Object(Illuminate/Http/Request))
#27 C:/Users/Jessa/Downloads/pairfect-paws-web (2)/pairfect-paws-web/vendor/laravel/framework/src/Illuminate/Pipeline/Pipeline.php(219): Illuminate/Cookie/Middleware/AddQueuedCookiesToResponse->handle(Object(Illuminate/Http/Request), Object(Closure))
#28 C:/Users/Jessa/Downloads/pairfect-paws-web (2)/pairfect-paws-web/vendor/laravel/framework/src/Illuminate/Cookie/Middleware/EncryptCookies.php(74): Illuminate/Pipeline/Pipeline->Illuminate/Pipeline/{closure}(Object(Illuminate/Http/Request))
#29 C:/Users/Jessa/Downloads/pairfect-paws-web (2)/pairfect-paws-web/vendor/laravel/framework/src/Illuminate/Pipeline/Pipeline.php(219): Illuminate/Cookie/Middleware/EncryptCookies->handle(Object(Illuminate/Http/Request), Object(Closure))
#30 C:/Users/Jessa/Downloads/pairfect-paws-web (2)/pairfect-paws-web/vendor/laravel/framework/src/Illuminate/Pipeline/Pipeline.php(137): Illuminate/Pipeline/Pipeline->Illuminate/Pipeline/{closure}(Object(Illuminate/Http/Request))
#31 C:/Users/Jessa/Downloads/pairfect-paws-web (2)/pairfect-paws-web/vendor/laravel/framework/src/Illuminate/Routing/Router.php(821): Illuminate/Pipeline/Pipeline->then(Object(Closure))
#32 C:/Users/Jessa/Downloads/pairfect-paws-web (2)/pairfect-paws-web/vendor/laravel/framework/src/Illuminate/Routing/Router.php(800): Illuminate/Routing/Router->runRouteWithinStack(Object(Illuminate/Routing/Route), Object(Illuminate/Http/Request))
#33 C:/Users/Jessa/Downloads/pairfect-paws-web (2)/pairfect-paws-web/vendor/laravel/framework/src/Illuminate/Routing/Router.php(764): Illuminate/Routing/Router->runRoute(Object(Illuminate/Http/Request), Object(Illuminate/Routing/Route))
#34 C:/Users/Jessa/Downloads/pairfect-paws-web (2)/pairfect-paws-web/vendor/laravel/framework/src/Illuminate/Routing/Router.php(753): Illuminate/Routing/Router->dispatchToRoute(Object(Illuminate/Http/Request))
#35 C:/Users/Jessa/Downloads/pairfect-paws-web (2)/pairfect-paws-web/vendor/laravel/framework/src/Illuminate/Foundation/Http/Kernel.php(200): Illuminate/Routing/Router->dispatch(Object(Illuminate/Http/Request))
#36 C:/Users/Jessa/Downloads/pairfect-paws-web (2)/pairfect-paws-web/vendor/laravel/framework/src/Illuminate/Pipeline/Pipeline.php(180): Illuminate/Foundation/Http/Kernel->Illuminate/Foundation/Http/{closure}(Object(Illuminate/Http/Request))
#37 C:/Users/Jessa/Downloads/pairfect-paws-web (2)/pairfect-paws-web/vendor/laravel/framework/src/Illuminate/Foundation/Http/Middleware/TransformsRequest.php(21): Illuminate/Pipeline/Pipeline->Illuminate/Pipeline/{closure}(Object(Illuminate/Http/Request))
#38 C:/Users/Jessa/Downloads/pairfect-paws-web (2)/pairfect-paws-web/vendor/laravel/framework/src/Illuminate/Foundation/Http/Middleware/ConvertEmptyStringsToNull.php(31): Illuminate/Foundation/Http/Middleware/TransformsRequest->handle(Object(Illuminate/Http/Request), Object(Closure))
#39 C:/Users/Jessa/Downloads/pairfect-paws-web (2)/pairfect-paws-web/vendor/laravel/framework/src/Illuminate/Pipeline/Pipeline.php(219): Illuminate/Foundation/Http/Middleware/ConvertEmptyStringsToNull->handle(Object(Illuminate/Http/Request), Object(Closure))
#40 C:/Users/Jessa/Downloads/pairfect-paws-web (2)/pairfect-paws-web/vendor/laravel/framework/src/Illuminate/Foundation/Http/Middleware/TransformsRequest.php(21): Illuminate/Pipeline/Pipeline->Illuminate/Pipeline/{closure}(Object(Illuminate/Http/Request))
#41 C:/Users/Jessa/Downloads/pairfect-paws-web (2)/pairfect-paws-web/vendor/laravel/framework/src/Illuminate/Foundation/Http/Middleware/TrimStrings.php(51): Illuminate/Foundation/Http/Middleware/TransformsRequest->handle(Object(Illuminate/Http/Request), Object(Closure))
#42 C:/Users/Jessa/Downloads/pairfect-paws-web (2)/pairfect-paws-web/vendor/laravel/framework/src/Illuminate/Pipeline/Pipeline.php(219): Illuminate/Foundation/Http/Middleware/TrimStrings->handle(Object(Illuminate/Http/Request), Object(Closure))
#43 C:/Users/Jessa/Downloads/pairfect-paws-web (2)/pairfect-paws-web/vendor/laravel/framework/src/Illuminate/Http/Middleware/ValidatePostSize.php(27): Illuminate/Pipeline/Pipeline->Illuminate/Pipeline/{closure}(Object(Illuminate/Http/Request))
#44 C:/Users/Jessa/Downloads/pairfect-paws-web (2)/pairfect-paws-web/vendor/laravel/framework/src/Illuminate/Pipeline/Pipeline.php(219): Illuminate/Http/Middleware/ValidatePostSize->handle(Object(Illuminate/Http/Request), Object(Closure))
#45 C:/Users/Jessa/Downloads/pairfect-paws-web (2)/pairfect-paws-web/vendor/laravel/framework/src/Illuminate/Foundation/Http/Middleware/PreventRequestsDuringMaintenance.php(109): Illuminate/Pipeline/Pipeline->Illuminate/Pipeline/{closure}(Object(Illuminate/Http/Request))
#46 C:/Users/Jessa/Downloads/pairfect-paws-web (2)/pairfect-paws-web/vendor/laravel/framework/src/Illuminate/Pipeline/Pipeline.php(219): Illuminate/Foundation/Http/Middleware/PreventRequestsDuringMaintenance->handle(Object(Illuminate/Http/Request), Object(Closure))
#47 C:/Users/Jessa/Downloads/pairfect-paws-web (2)/pairfect-paws-web/vendor/laravel/framework/src/Illuminate/Http/Middleware/HandleCors.php(61): Illuminate/Pipeline/Pipeline->Illuminate/Pipeline/{closure}(Object(Illuminate/Http/Request))
#48 C:/Users/Jessa/Downloads/pairfect-paws-web (2)/pairfect-paws-web/vendor/laravel/framework/src/Illuminate/Pipeline/Pipeline.php(219): Illuminate/Http/Middleware/HandleCors->handle(Object(Illuminate/Http/Request), Object(Closure))
#49 C:/Users/Jessa/Downloads/pairfect-paws-web (2)/pairfect-paws-web/vendor/laravel/framework/src/Illuminate/Http/Middleware/TrustProxies.php(58): Illuminate/Pipeline/Pipeline->Illuminate/Pipeline/{closure}(Object(Illuminate/Http/Request))
#50 C:/Users/Jessa/Downloads/pairfect-paws-web (2)/pairfect-paws-web/vendor/laravel/framework/src/Illuminate/Pipeline/Pipeline.php(219): Illuminate/Http/Middleware/TrustProxies->handle(Object(Illuminate/Http/Request), Object(Closure))
#51 C:/Users/Jessa/Downloads/pairfect-paws-web (2)/pairfect-paws-web/vendor/laravel/framework/src/Illuminate/Foundation/Http/Middleware/InvokeDeferredCallbacks.php(22): Illuminate/Pipeline/Pipeline->Illuminate/Pipeline/{closure}(Object(Illuminate/Http/Request))
#52 C:/Users/Jessa/Downloads/pairfect-paws-web (2)/pairfect-paws-web/vendor/laravel/framework/src/Illuminate/Pipeline/Pipeline.php(219): Illuminate/Foundation/Http/Middleware/InvokeDeferredCallbacks->handle(Object(Illuminate/Http/Request), Object(Closure))
#53 C:/Users/Jessa/Downloads/pairfect-paws-web (2)/pairfect-paws-web/vendor/laravel/framework/src/Illuminate/Http/Middleware/ValidatePathEncoding.php(26): Illuminate/Pipeline/Pipeline->Illuminate/Pipeline/{closure}(Object(Illuminate/Http/Request))
#54 C:/Users/Jessa/Downloads/pairfect-paws-web (2)/pairfect-paws-web/vendor/laravel/framework/src/Illuminate/Pipeline/Pipeline.php(219): Illuminate/Http/Middleware/ValidatePathEncoding->handle(Object(Illuminate/Http/Request), Object(Closure))
#55 C:/Users/Jessa/Downloads/pairfect-paws-web (2)/pairfect-paws-web/vendor/laravel/framework/src/Illuminate/Pipeline/Pipeline.php(137): Illuminate/Pipeline/Pipeline->Illuminate/Pipeline/{closure}(Object(Illuminate/Http/Request))
#56 C:/Users/Jessa/Downloads/pairfect-paws-web (2)/pairfect-paws-web/vendor/laravel/framework/src/Illuminate/Foundation/Http/Kernel.php(175): Illuminate/Pipeline/Pipeline->then(Object(Closure))
#57 C:/Users/Jessa/Downloads/pairfect-paws-web (2)/pairfect-paws-web/vendor/laravel/framework/src/Illuminate/Foundation/Http/Kernel.php(144): Illuminate/Foundation/Http/Kernel->sendRequestThroughRouter(Object(Illuminate/Http/Request))
#58 C:/Users/Jessa/Downloads/pairfect-paws-web (2)/pairfect-paws-web/vendor/laravel/framework/src/Illuminate/Foundation/Application.php(1220): Illuminate/Foundation/Http/Kernel->handle(Object(Illuminate/Http/Request))
#59 C:/Users/Jessa/Downloads/pairfect-paws-web (2)/pairfect-paws-web/public/index.php(18): Illuminate/Foundation/Application->handleRequest(Object(Illuminate/Http/Request))
#60 C:/Users/Jessa/Downloads/pairfect-paws-web (2)/pairfect-paws-web/vendor/laravel/framework/src/Illuminate/Foundation/resources/server.php(23): require_once('C://Users//Jessa//...')
#61 {main}

[previous exception] [object] (ParseError(code: 0): syntax error, unexpected token \"endif\" at C:/Users/Jessa/Downloads/pairfect-paws-web (2)/pairfect-paws-web/storage/framework/views/a7462be9d831fa4b00fda4f1ef3205e1.php:89)
[stacktrace]
#0 C:/Users/Jessa/Downloads/pairfect-paws-web (2)/pairfect-paws-web/vendor/laravel/framework/src/Illuminate/Filesystem/Filesystem.php(124): Illuminate/Filesystem/Filesystem::Illuminate/Filesystem/{closure}()
#1 C:/Users/Jessa/Downloads/pairfect-paws-web (2)/pairfect-paws-web/vendor/laravel/framework/src/Illuminate/View/Engines/PhpEngine.php(57): Illuminate/Filesystem/Filesystem->getRequire('C://Users//Jessa//...', Array)
#2 C:/Users/Jessa/Downloads/pairfect-paws-web (2)/pairfect-paws-web/vendor/laravel/framework/src/Illuminate/View/Engines/CompilerEngine.php(76): Illuminate/View/Engines/PhpEngine->evaluatePath('C://Users//Jessa//...', Array)
#3 C:/Users/Jessa/Downloads/pairfect-paws-web (2)/pairfect-paws-web/vendor/laravel/framework/src/Illuminate/View/View.php(208): Illuminate/View/Engines/CompilerEngine->get('C://Users//Jessa//...', Array)
#4 C:/Users/Jessa/Downloads/pairfect-paws-web (2)/pairfect-paws-web/vendor/laravel/framework/src/Illuminate/View/View.php(191): Illuminate/View/View->getContents()
#5 C:/Users/Jessa/Downloads/pairfect-paws-web (2)/pairfect-paws-web/vendor/laravel/framework/src/Illuminate/View/View.php(160): Illuminate/View/View->renderContents()
#6 C:/Users/Jessa/Downloads/pairfect-paws-web (2)/pairfect-paws-web/vendor/laravel/framework/src/Illuminate/Http/Response.php(78): Illuminate/View/View->render()
#7 C:/Users/Jessa/Downloads/pairfect-paws-web (2)/pairfect-paws-web/vendor/laravel/framework/src/Illuminate/Http/Response.php(34): Illuminate/Http/Response->setContent(Object(Illuminate/View/View))
#8 C:/Users/Jessa/Downloads/pairfect-paws-web (2)/pairfect-paws-web/vendor/laravel/framework/src/Illuminate/Routing/Router.php(939): Illuminate/Http/Response->__construct(Object(Illuminate/View/View), 200, Array)
#9 C:/Users/Jessa/Downloads/pairfect-paws-web (2)/pairfect-paws-web/vendor/laravel/framework/src/Illuminate/Routing/Router.php(906): Illuminate/Routing/Router::toResponse(Object(Illuminate/Http/Request), Object(Illuminate/View/View))
#10 C:/Users/Jessa/Downloads/pairfect-paws-web (2)/pairfect-paws-web/vendor/laravel/framework/src/Illuminate/Routing/Router.php(821): Illuminate/Routing/Router->prepareResponse(Object(Illuminate/Http/Request), Object(Illuminate/View/View))
#11 C:/Users/Jessa/Downloads/pairfect-paws-web (2)/pairfect-paws-web/vendor/laravel/framework/src/Illuminate/Pipeline/Pipeline.php(180): Illuminate/Routing/Router->Illuminate/Routing/{closure}(Object(Illuminate/Http/Request))
#12 C:/Users/Jessa/Downloads/pairfect-paws-web (2)/pairfect-paws-web/app/Http/Middleware/EnsureUserIsStaff.php(32): Illuminate/Pipeline/Pipeline->Illuminate/Pipeline/{closure}(Object(Illuminate/Http/Request))
#13 C:/Users/Jessa/Downloads/pairfect-paws-web (2)/pairfect-paws-web/vendor/laravel/framework/src/Illuminate/Pipeline/Pipeline.php(219): App/Http/Middleware/EnsureUserIsStaff->handle(Object(Illuminate/Http/Request), Object(Closure))
#14 C:/Users/Jessa/Downloads/pairfect-paws-web (2)/pairfect-paws-web/app/Http/Middleware/SecurityHeaders.php(19): Illuminate/Pipeline/Pipeline->Illuminate/Pipeline/{closure}(Object(Illuminate/Http/Request))
#15 C:/Users/Jessa/Downloads/pairfect-paws-web (2)/pairfect-paws-web/vendor/laravel/framework/src/Illuminate/Pipeline/Pipeline.php(219): App/Http/Middleware/SecurityHeaders->handle(Object(Illuminate/Http/Request), Object(Closure))
#16 C:/Users/Jessa/Downloads/pairfect-paws-web (2)/pairfect-paws-web/vendor/laravel/framework/src/Illuminate/Routing/Middleware/SubstituteBindings.php(50): Illuminate/Pipeline/Pipeline->Illuminate/Pipeline/{closure}(Object(Illuminate/Http/Request))
#17 C:/Users/Jessa/Downloads/pairfect-paws-web (2)/pairfect-paws-web/vendor/laravel/framework/src/Illuminate/Pipeline/Pipeline.php(219): Illuminate/Routing/Middleware/SubstituteBindings->handle(Object(Illuminate/Http/Request), Object(Closure))
#18 C:/Users/Jessa/Downloads/pairfect-paws-web (2)/pairfect-paws-web/vendor/laravel/framework/src/Illuminate/Auth/Middleware/Authenticate.php(63): Illuminate/Pipeline/Pipeline->Illuminate/Pipeline/{closure}(Object(Illuminate/Http/Request))
#19 C:/Users/Jessa/Downloads/pairfect-paws-web (2)/pairfect-paws-web/vendor/laravel/framework/src/Illuminate/Pipeline/Pipeline.php(219): Illuminate/Auth/Middleware/Authenticate->handle(Object(Illuminate/Http/Request), Object(Closure))
#20 C:/Users/Jessa/Downloads/pairfect-paws-web (2)/pairfect-paws-web/vendor/laravel/framework/src/Illuminate/Foundation/Http/Middleware/VerifyCsrfToken.php(87): Illuminate/Pipeline/Pipeline->Illuminate/Pipeline/{closure}(Object(Illuminate/Http/Request))
#21 C:/Users/Jessa/Downloads/pairfect-paws-web (2)/pairfect-paws-web/vendor/laravel/framework/src/Illuminate/Pipeline/Pipeline.php(219): Illuminate/Foundation/Http/Middleware/VerifyCsrfToken->handle(Object(Illuminate/Http/Request), Object(Closure))
#22 C:/Users/Jessa/Downloads/pairfect-paws-web (2)/pairfect-paws-web/vendor/laravel/framework/src/Illuminate/View/Middleware/ShareErrorsFromSession.php(48): Illuminate/Pipeline/Pipeline->Illuminate/Pipeline/{closure}(Object(Illuminate/Http/Request))
#23 C:/Users/Jessa/Downloads/pairfect-paws-web (2)/pairfect-paws-web/vendor/laravel/framework/src/Illuminate/Pipeline/Pipeline.php(219): Illuminate/View/Middleware/ShareErrorsFromSession->handle(Object(Illuminate/Http/Request), Object(Closure))
#24 C:/Users/Jessa/Downloads/pairfect-paws-web (2)/pairfect-paws-web/vendor/laravel/framework/src/Illuminate/Session/Middleware/StartSession.php(120): Illuminate/Pipeline/Pipeline->Illuminate/Pipeline/{closure}(Object(Illuminate/Http/Request))
#25 C:/Users/Jessa/Downloads/pairfect-paws-web (2)/pairfect-paws-web/vendor/laravel/framework/src/Illuminate/Session/Middleware/StartSession.php(63): Illuminate/Session/Middleware/StartSession->handleStatefulRequest(Object(Illuminate/Http/Request), Object(Illuminate/Session/EncryptedStore), Object(Closure))
#26 C:/Users/Jessa/Downloads/pairfect-paws-web (2)/pairfect-paws-web/vendor/laravel/framework/src/Illuminate/Pipeline/Pipeline.php(219): Illuminate/Session/Middleware/StartSession->handle(Object(Illuminate/Http/Request), Object(Closure))
#27 C:/Users/Jessa/Downloads/pairfect-paws-web (2)/pairfect-paws-web/vendor/laravel/framework/src/Illuminate/Cookie/Middleware/AddQueuedCookiesToResponse.php(36): Illuminate/Pipeline/Pipeline->Illuminate/Pipeline/{closure}(Object(Illuminate/Http/Request))
#28 C:/Users/Jessa/Downloads/pairfect-paws-web (2)/pairfect-paws-web/vendor/laravel/framework/src/Illuminate/Pipeline/Pipeline.php(219): Illuminate/Cookie/Middleware/AddQueuedCookiesToResponse->handle(Object(Illuminate/Http/Request), Object(Closure))
#29 C:/Users/Jessa/Downloads/pairfect-paws-web (2)/pairfect-paws-web/vendor/laravel/framework/src/Illuminate/Cookie/Middleware/EncryptCookies.php(74): Illuminate/Pipeline/Pipeline->Illuminate/Pipeline/{closure}(Object(Illuminate/Http/Request))
#30 C:/Users/Jessa/Downloads/pairfect-paws-web (2)/pairfect-paws-web/vendor/laravel/framework/src/Illuminate/Pipeline/Pipeline.php(219): Illuminate/Cookie/Middleware/EncryptCookies->handle(Object(Illuminate/Http/Request), Object(Closure))
#31 C:/Users/Jessa/Downloads/pairfect-paws-web (2)/pairfect-paws-web/vendor/laravel/framework/src/Illuminate/Pipeline/Pipeline.php(137): Illuminate/Pipeline/Pipeline->Illuminate/Pipeline/{closure}(Object(Illuminate/Http/Request))
#32 C:/Users/Jessa/Downloads/pairfect-paws-web (2)/pairfect-paws-web/vendor/laravel/framework/src/Illuminate/Routing/Router.php(821): Illuminate/Pipeline/Pipeline->then(Object(Closure))
#33 C:/Users/Jessa/Downloads/pairfect-paws-web (2)/pairfect-paws-web/vendor/laravel/framework/src/Illuminate/Routing/Router.php(800): Illuminate/Routing/Router->runRouteWithinStack(Object(Illuminate/Routing/Route), Object(Illuminate/Http/Request))
#34 C:/Users/Jessa/Downloads/pairfect-paws-web (2)/pairfect-paws-web/vendor/laravel/framework/src/Illuminate/Routing/Router.php(764): Illuminate/Routing/Router->runRoute(Object(Illuminate/Http/Request), Object(Illuminate/Routing/Route))
#35 C:/Users/Jessa/Downloads/pairfect-paws-web (2)/pairfect-paws-web/vendor/laravel/framework/src/Illuminate/Routing/Router.php(753): Illuminate/Routing/Router->dispatchToRoute(Object(Illuminate/Http/Request))
#36 C:/Users/Jessa/Downloads/pairfect-paws-web (2)/pairfect-paws-web/vendor/laravel/framework/src/Illuminate/Foundation/Http/Kernel.php(200): Illuminate/Routing/Router->dispatch(Object(Illuminate/Http/Request))
#37 C:/Users/Jessa/Downloads/pairfect-paws-web (2)/pairfect-paws-web/vendor/laravel/framework/src/Illuminate/Pipeline/Pipeline.php(180): Illuminate/Foundation/Http/Kernel->Illuminate/Foundation/Http/{closure}(Object(Illuminate/Http/Request))
#38 C:/Users/Jessa/Downloads/pairfect-paws-web (2)/pairfect-paws-web/vendor/laravel/framework/src/Illuminate/Foundation/Http/Middleware/TransformsRequest.php(21): Illuminate/Pipeline/Pipeline->Illuminate/Pipeline/{closure}(Object(Illuminate/Http/Request))
#39 C:/Users/Jessa/Downloads/pairfect-paws-web (2)/pairfect-paws-web/vendor/laravel/framework/src/Illuminate/Foundation/Http/Middleware/ConvertEmptyStringsToNull.php(31): Illuminate/Foundation/Http/Middleware/TransformsRequest->handle(Object(Illuminate/Http/Request), Object(Closure))
#40 C:/Users/Jessa/Downloads/pairfect-paws-web (2)/pairfect-paws-web/vendor/laravel/framework/src/Illuminate/Pipeline/Pipeline.php(219): Illuminate/Foundation/Http/Middleware/ConvertEmptyStringsToNull->handle(Object(Illuminate/Http/Request), Object(Closure))
#41 C:/Users/Jessa/Downloads/pairfect-paws-web (2)/pairfect-paws-web/vendor/laravel/framework/src/Illuminate/Foundation/Http/Middleware/TransformsRequest.php(21): Illuminate/Pipeline/Pipeline->Illuminate/Pipeline/{closure}(Object(Illuminate/Http/Request))
#42 C:/Users/Jessa/Downloads/pairfect-paws-web (2)/pairfect-paws-web/vendor/laravel/framework/src/Illuminate/Foundation/Http/Middleware/TrimStrings.php(51): Illuminate/Foundation/Http/Middleware/TransformsRequest->handle(Object(Illuminate/Http/Request), Object(Closure))
#43 C:/Users/Jessa/Downloads/pairfect-paws-web (2)/pairfect-paws-web/vendor/laravel/framework/src/Illuminate/Pipeline/Pipeline.php(219): Illuminate/Foundation/Http/Middleware/TrimStrings->handle(Object(Illuminate/Http/Request), Object(Closure))
#44 C:/Users/Jessa/Downloads/pairfect-paws-web (2)/pairfect-paws-web/vendor/laravel/framework/src/Illuminate/Http/Middleware/ValidatePostSize.php(27): Illuminate/Pipeline/Pipeline->Illuminate/Pipeline/{closure}(Object(Illuminate/Http/Request))
#45 C:/Users/Jessa/Downloads/pairfect-paws-web (2)/pairfect-paws-web/vendor/laravel/framework/src/Illuminate/Pipeline/Pipeline.php(219): Illuminate/Http/Middleware/ValidatePostSize->handle(Object(Illuminate/Http/Request), Object(Closure))
#46 C:/Users/Jessa/Downloads/pairfect-paws-web (2)/pairfect-paws-web/vendor/laravel/framework/src/Illuminate/Foundation/Http/Middleware/PreventRequestsDuringMaintenance.php(109): Illuminate/Pipeline/Pipeline->Illuminate/Pipeline/{closure}(Object(Illuminate/Http/Request))
#47 C:/Users/Jessa/Downloads/pairfect-paws-web (2)/pairfect-paws-web/vendor/laravel/framework/src/Illuminate/Pipeline/Pipeline.php(219): Illuminate/Foundation/Http/Middleware/PreventRequestsDuringMaintenance->handle(Object(Illuminate/Http/Request), Object(Closure))
#48 C:/Users/Jessa/Downloads/pairfect-paws-web (2)/pairfect-paws-web/vendor/laravel/framework/src/Illuminate/Http/Middleware/HandleCors.php(61): Illuminate/Pipeline/Pipeline->Illuminate/Pipeline/{closure}(Object(Illuminate/Http/Request))
#49 C:/Users/Jessa/Downloads/pairfect-paws-web (2)/pairfect-paws-web/vendor/laravel/framework/src/Illuminate/Pipeline/Pipeline.php(219): Illuminate/Http/Middleware/HandleCors->handle(Object(Illuminate/Http/Request), Object(Closure))
#50 C:/Users/Jessa/Downloads/pairfect-paws-web (2)/pairfect-paws-web/vendor/laravel/framework/src/Illuminate/Http/Middleware/TrustProxies.php(58): Illuminate/Pipeline/Pipeline->Illuminate/Pipeline/{closure}(Object(Illuminate/Http/Request))
#51 C:/Users/Jessa/Downloads/pairfect-paws-web (2)/pairfect-paws-web/vendor/laravel/framework/src/Illuminate/Pipeline/Pipeline.php(219): Illuminate/Http/Middleware/TrustProxies->handle(Object(Illuminate/Http/Request), Object(Closure))
#52 C:/Users/Jessa/Downloads/pairfect-paws-web (2)/pairfect-paws-web/vendor/laravel/framework/src/Illuminate/Foundation/Http/Middleware/InvokeDeferredCallbacks.php(22): Illuminate/Pipeline/Pipeline->Illuminate/Pipeline/{closure}(Object(Illuminate/Http/Request))
#53 C:/Users/Jessa/Downloads/pairfect-paws-web (2)/pairfect-paws-web/vendor/laravel/framework/src/Illuminate/Pipeline/Pipeline.php(219): Illuminate/Foundation/Http/Middleware/InvokeDeferredCallbacks->handle(Object(Illuminate/Http/Request), Object(Closure))
#54 C:/Users/Jessa/Downloads/pairfect-paws-web (2)/pairfect-paws-web/vendor/laravel/framework/src/Illuminate/Http/Middleware/ValidatePathEncoding.php(26): Illuminate/Pipeline/Pipeline->Illuminate/Pipeline/{closure}(Object(Illuminate/Http/Request))
#55 C:/Users/Jessa/Downloads/pairfect-paws-web (2)/pairfect-paws-web/vendor/laravel/framework/src/Illuminate/Pipeline/Pipeline.php(219): Illuminate/Http/Middleware/ValidatePathEncoding->handle(Object(Illuminate/Http/Request), Object(Closure))
#56 C:/Users/Jessa/Downloads/pairfect-paws-web (2)/pairfect-paws-web/vendor/laravel/framework/src/Illuminate/Pipeline/Pipeline.php(137): Illuminate/Pipeline/Pipeline->Illuminate/Pipeline/{closure}(Object(Illuminate/Http/Request))
#57 C:/Users/Jessa/Downloads/pairfect-paws-web (2)/pairfect-paws-web/vendor/laravel/framework/src/Illuminate/Foundation/Http/Kernel.php(175): Illuminate/Pipeline/Pipeline->then(Object(Closure))
#58 C:/Users/Jessa/Downloads/pairfect-paws-web (2)/pairfect-paws-web/vendor/laravel/framework/src/Illuminate/Foundation/Http/Kernel.php(144): Illuminate/Foundation/Http/Kernel->sendRequestThroughRouter(Object(Illuminate/Http/Request))
#59 C:/Users/Jessa/Downloads/pairfect-paws-web (2)/pairfect-paws-web/vendor/laravel/framework/src/Illuminate/Foundation/Application.php(1220): Illuminate/Foundation/Http/Kernel->handle(Object(Illuminate/Http/Request))
#60 C:/Users/Jessa/Downloads/pairfect-paws-web (2)/pairfect-paws-web/public/index.php(18): Illuminate/Foundation/Application->handleRequest(Object(Illuminate/Http/Request))
#61 C:/Users/Jessa/Downloads/pairfect-paws-web (2)/pairfect-paws-web/vendor/laravel/framework/src/Illuminate/Foundation/resources/server.php(23): require_once('C://Users//Jessa//...')
#62 {main}
"} 
[2026-08-05 01:00:18] local.ERROR: syntax error, unexpected token "endif" (View: C:\Users\Jessa\Downloads\pairfect-paws-web (2)\pairfect-paws-web\resources\views\admin\dashboard\index.blade.php) {"userId":2,"exception":"[object] (Illuminate\\View\\ViewException(code: 0): syntax error, unexpected token \"endif\" (View: C:\\Users\\Jessa\\Downloads\\pairfect-paws-web (2)\\pairfect-paws-web\\resources\\views\\admin\\dashboard\\index.blade.php) at C:/Users/Jessa/Downloads/pairfect-paws-web (2)/pairfect-paws-web/storage/framework/views/a7462be9d831fa4b00fda4f1ef3205e1.php:89)
[stacktrace]
#0 C:/Users/Jessa/Downloads/pairfect-paws-web (2)/pairfect-paws-web/vendor/laravel/framework/src/Illuminate/View/Engines/PhpEngine.php(59): Illuminate/View/Engines/CompilerEngine->handleViewException(Object(ParseError), 1)
#1 C:/Users/Jessa/Downloads/pairfect-paws-web (2)/pairfect-paws-web/vendor/laravel/framework/src/Illuminate/View/Engines/CompilerEngine.php(76): Illuminate/View/Engines/PhpEngine->evaluatePath('C://Users//Jessa//...', Array)
#2 C:/Users/Jessa/Downloads/pairfect-paws-web (2)/pairfect-paws-web/vendor/laravel/framework/src/Illuminate/View/View.php(208): Illuminate/View/Engines/CompilerEngine->get('C://Users//Jessa//...', Array)
#3 C:/Users/Jessa/Downloads/pairfect-paws-web (2)/pairfect-paws-web/vendor/laravel/framework/src/Illuminate/View/View.php(191): Illuminate/View/View->getContents()
#4 C:/Users/Jessa/Downloads/pairfect-paws-web (2)/pairfect-paws-web/vendor/laravel/framework/src/Illuminate/View/View.php(160): Illuminate/View/View->renderContents()
#5 C:/Users/Jessa/Downloads/pairfect-paws-web (2)/pairfect-paws-web/vendor/laravel/framework/src/Illuminate/Http/Response.php(78): Illuminate/View/View->render()
#6 C:/Users/Jessa/Downloads/pairfect-paws-web (2)/pairfect-paws-web/vendor/laravel/framework/src/Illuminate/Http/Response.php(34): Illuminate/Http/Response->setContent(Object(Illuminate/View/View))
#7 C:/Users/Jessa/Downloads/pairfect-paws-web (2)/pairfect-paws-web/vendor/laravel/framework/src/Illuminate/Routing/Router.php(939): Illuminate/Http/Response->__construct(Object(Illuminate/View/View), 200, Array)
#8 C:/Users/Jessa/Downloads/pairfect-paws-web (2)/pairfect-paws-web/vendor/laravel/framework/src/Illuminate/Routing/Router.php(906): Illuminate/Routing/Router::toResponse(Object(Illuminate/Http/Request), Object(Illuminate/View/View))
#9 C:/Users/Jessa/Downloads/pairfect-paws-web (2)/pairfect-paws-web/vendor/laravel/framework/src/Illuminate/Routing/Router.php(821): Illuminate/Routing/Router->prepareResponse(Object(Illuminate/Http/Request), Object(Illuminate/View/View))
#10 C:/Users/Jessa/Downloads/pairfect-paws-web (2)/pairfect-paws-web/vendor/laravel/framework/src/Illuminate/Pipeline/Pipeline.php(180): Illuminate/Routing/Router->Illuminate/Routing/{closure}(Object(Illuminate/Http/Request))
#11 C:/Users/Jessa/Downloads/pairfect-paws-web (2)/pairfect-paws-web/app/Http/Middleware/EnsureUserIsStaff.php(32): Illuminate/Pipeline/Pipeline->Illuminate/Pipeline/{closure}(Object(Illuminate/Http/Request))
#12 C:/Users/Jessa/Downloads/pairfect-paws-web (2)/pairfect-paws-web/vendor/laravel/framework/src/Illuminate/Pipeline/Pipeline.php(219): App/Http/Middleware/EnsureUserIsStaff->handle(Object(Illuminate/Http/Request), Object(Closure))
#13 C:/Users/Jessa/Downloads/pairfect-paws-web (2)/pairfect-paws-web/app/Http/Middleware/SecurityHeaders.php(19): Illuminate/Pipeline/Pipeline->Illuminate/Pipeline/{closure}(Object(Illuminate/Http/Request))
#14 C:/Users/Jessa/Downloads/pairfect-paws-web (2)/pairfect-paws-web/vendor/laravel/framework/src/Illuminate/Pipeline/Pipeline.php(219): App/Http/Middleware/SecurityHeaders->handle(Object(Illuminate/Http/Request), Object(Closure))
#15 C:/Users/Jessa/Downloads/pairfect-paws-web (2)/pairfect-paws-web/vendor/laravel/framework/src/Illuminate/Routing/Middleware/SubstituteBindings.php(50): Illuminate/Pipeline/Pipeline->Illuminate/Pipeline/{closure}(Object(Illuminate/Http/Request))
#16 C:/Users/Jessa/Downloads/pairfect-paws-web (2)/pairfect-paws-web/vendor/laravel/framework/src/Illuminate/Pipeline/Pipeline.php(219): Illuminate/Routing/Middleware/SubstituteBindings->handle(Object(Illuminate/Http/Request), Object(Closure))
#17 C:/Users/Jessa/Downloads/pairfect-paws-web (2)/pairfect-paws-web/vendor/laravel/framework/src/Illuminate/Auth/Middleware/Authenticate.php(63): Illuminate/Pipeline/Pipeline->Illuminate/Pipeline/{closure}(Object(Illuminate/Http/Request))
#18 C:/Users/Jessa/Downloads/pairfect-paws-web (2)/pairfect-paws-web/vendor/laravel/framework/src/Illuminate/Pipeline/Pipeline.php(219): Illuminate/Auth/Middleware/Authenticate->handle(Object(Illuminate/Http/Request), Object(Closure))
#19 C:/Users/Jessa/Downloads/pairfect-paws-web (2)/pairfect-paws-web/vendor/laravel/framework/src/Illuminate/Foundation/Http/Middleware/VerifyCsrfToken.php(87): Illuminate/Pipeline/Pipeline->Illuminate/Pipeline/{closure}(Object(Illuminate/Http/Request))
#20 C:/Users/Jessa/Downloads/pairfect-paws-web (2)/pairfect-paws-web/vendor/laravel/framework/src/Illuminate/Pipeline/Pipeline.php(219): Illuminate/Foundation/Http/Middleware/VerifyCsrfToken->handle(Object(Illuminate/Http/Request), Object(Closure))
#21 C:/Users/Jessa/Downloads/pairfect-paws-web (2)/pairfect-paws-web/vendor/laravel/framework/src/Illuminate/View/Middleware/ShareErrorsFromSession.php(48): Illuminate/Pipeline/Pipeline->Illuminate/Pipeline/{closure}(Object(Illuminate/Http/Request))
#22 C:/Users/Jessa/Downloads/pairfect-paws-web (2)/pairfect-paws-web/vendor/laravel/framework/src/Illuminate/Pipeline/Pipeline.php(219): Illuminate/View/Middleware/ShareErrorsFromSession->handle(Object(Illuminate/Http/Request), Object(Closure))
#23 C:/Users/Jessa/Downloads/pairfect-paws-web (2)/pairfect-paws-web/vendor/laravel/framework/src/Illuminate/Session/Middleware/StartSession.php(120): Illuminate/Pipeline/Pipeline->Illuminate/Pipeline/{closure}(Object(Illuminate/Http/Request))
#24 C:/Users/Jessa/Downloads/pairfect-paws-web (2)/pairfect-paws-web/vendor/laravel/framework/src/Illuminate/Session/Middleware/StartSession.php(63): Illuminate/Session/Middleware/StartSession->handleStatefulRequest(Object(Illuminate/Http/Request), Object(Illuminate/Session/EncryptedStore), Object(Closure))
#25 C:/Users/Jessa/Downloads/pairfect-paws-web (2)/pairfect-paws-web/vendor/laravel/framework/src/Illuminate/Pipeline/Pipeline.php(219): Illuminate/Session/Middleware/StartSession->handle(Object(Illuminate/Http/Request), Object(Closure))
#26 C:/Users/Jessa/Downloads/pairfect-paws-web (2)/pairfect-paws-web/vendor/laravel/framework/src/Illuminate/Cookie/Middleware/AddQueuedCookiesToResponse.php(36): Illuminate/Pipeline/Pipeline->Illuminate/Pipeline/{closure}(Object(Illuminate/Http/Request))
#27 C:/Users/Jessa/Downloads/pairfect-paws-web (2)/pairfect-paws-web/vendor/laravel/framework/src/Illuminate/Pipeline/Pipeline.php(219): Illuminate/Cookie/Middleware/AddQueuedCookiesToResponse->handle(Object(Illuminate/Http/Request), Object(Closure))
#28 C:/Users/Jessa/Downloads/pairfect-paws-web (2)/pairfect-paws-web/vendor/laravel/framework/src/Illuminate/Cookie/Middleware/EncryptCookies.php(74): Illuminate/Pipeline/Pipeline->Illuminate/Pipeline/{closure}(Object(Illuminate/Http/Request))
#29 C:/Users/Jessa/Downloads/pairfect-paws-web (2)/pairfect-paws-web/vendor/laravel/framework/src/Illuminate/Pipeline/Pipeline.php(219): Illuminate/Cookie/Middleware/EncryptCookies->handle(Object(Illuminate/Http/Request), Object(Closure))
#30 C:/Users/Jessa/Downloads/pairfect-paws-web (2)/pairfect-paws-web/vendor/laravel/framework/src/Illuminate/Pipeline/Pipeline.php(137): Illuminate/Pipeline/Pipeline->Illuminate/Pipeline/{closure}(Object(Illuminate/Http/Request))
#31 C:/Users/Jessa/Downloads/pairfect-paws-web (2)/pairfect-paws-web/vendor/laravel/framework/src/Illuminate/Routing/Router.php(821): Illuminate/Pipeline/Pipeline->then(Object(Closure))
#32 C:/Users/Jessa/Downloads/pairfect-paws-web (2)/pairfect-paws-web/vendor/laravel/framework/src/Illuminate/Routing/Router.php(800): Illuminate/Routing/Router->runRouteWithinStack(Object(Illuminate/Routing/Route), Object(Illuminate/Http/Request))
#33 C:/Users/Jessa/Downloads/pairfect-paws-web (2)/pairfect-paws-web/vendor/laravel/framework/src/Illuminate/Routing/Router.php(764): Illuminate/Routing/Router->runRoute(Object(Illuminate/Http/Request), Object(Illuminate/Routing/Route))
#34 C:/Users/Jessa/Downloads/pairfect-paws-web (2)/pairfect-paws-web/vendor/laravel/framework/src/Illuminate/Routing/Router.php(753): Illuminate/Routing/Router->dispatchToRoute(Object(Illuminate/Http/Request))
#35 C:/Users/Jessa/Downloads/pairfect-paws-web (2)/pairfect-paws-web/vendor/laravel/framework/src/Illuminate/Foundation/Http/Kernel.php(200): Illuminate/Routing/Router->dispatch(Object(Illuminate/Http/Request))
#36 C:/Users/Jessa/Downloads/pairfect-paws-web (2)/pairfect-paws-web/vendor/laravel/framework/src/Illuminate/Pipeline/Pipeline.php(180): Illuminate/Foundation/Http/Kernel->Illuminate/Foundation/Http/{closure}(Object(Illuminate/Http/Request))
#37 C:/Users/Jessa/Downloads/pairfect-paws-web (2)/pairfect-paws-web/vendor/laravel/framework/src/Illuminate/Foundation/Http/Middleware/TransformsRequest.php(21): Illuminate/Pipeline/Pipeline->Illuminate/Pipeline/{closure}(Object(Illuminate/Http/Request))
#38 C:/Users/Jessa/Downloads/pairfect-paws-web (2)/pairfect-paws-web/vendor/laravel/framework/src/Illuminate/Foundation/Http/Middleware/ConvertEmptyStringsToNull.php(31): Illuminate/Foundation/Http/Middleware/TransformsRequest->handle(Object(Illuminate/Http/Request), Object(Closure))
#39 C:/Users/Jessa/Downloads/pairfect-paws-web (2)/pairfect-paws-web/vendor/laravel/framework/src/Illuminate/Pipeline/Pipeline.php(219): Illuminate/Foundation/Http/Middleware/ConvertEmptyStringsToNull->handle(Object(Illuminate/Http/Request), Object(Closure))
#40 C:/Users/Jessa/Downloads/pairfect-paws-web (2)/pairfect-paws-web/vendor/laravel/framework/src/Illuminate/Foundation/Http/Middleware/TransformsRequest.php(21): Illuminate/Pipeline/Pipeline->Illuminate/Pipeline/{closure}(Object(Illuminate/Http/Request))
#41 C:/Users/Jessa/Downloads/pairfect-paws-web (2)/pairfect-paws-web/vendor/laravel/framework/src/Illuminate/Foundation/Http/Middleware/TrimStrings.php(51): Illuminate/Foundation/Http/Middleware/TransformsRequest->handle(Object(Illuminate/Http/Request), Object(Closure))
#42 C:/Users/Jessa/Downloads/pairfect-paws-web (2)/pairfect-paws-web/vendor/laravel/framework/src/Illuminate/Pipeline/Pipeline.php(219): Illuminate/Foundation/Http/Middleware/TrimStrings->handle(Object(Illuminate/Http/Request), Object(Closure))
#43 C:/Users/Jessa/Downloads/pairfect-paws-web (2)/pairfect-paws-web/vendor/laravel/framework/src/Illuminate/Http/Middleware/ValidatePostSize.php(27): Illuminate/Pipeline/Pipeline->Illuminate/Pipeline/{closure}(Object(Illuminate/Http/Request))
#44 C:/Users/Jessa/Downloads/pairfect-paws-web (2)/pairfect-paws-web/vendor/laravel/framework/src/Illuminate/Pipeline/Pipeline.php(219): Illuminate/Http/Middleware/ValidatePostSize->handle(Object(Illuminate/Http/Request), Object(Closure))
#45 C:/Users/Jessa/Downloads/pairfect-paws-web (2)/pairfect-paws-web/vendor/laravel/framework/src/Illuminate/Foundation/Http/Middleware/PreventRequestsDuringMaintenance.php(109): Illuminate/Pipeline/Pipeline->Illuminate/Pipeline/{closure}(Object(Illuminate/Http/Request))
#46 C:/Users/Jessa/Downloads/pairfect-paws-web (2)/pairfect-paws-web/vendor/laravel/framework/src/Illuminate/Pipeline/Pipeline.php(219): Illuminate/Foundation/Http/Middleware/PreventRequestsDuringMaintenance->handle(Object(Illuminate/Http/Request), Object(Closure))
#47 C:/Users/Jessa/Downloads/pairfect-paws-web (2)/pairfect-paws-web/vendor/laravel/framework/src/Illuminate/Http/Middleware/HandleCors.php(61): Illuminate/Pipeline/Pipeline->Illuminate/Pipeline/{closure}(Object(Illuminate/Http/Request))
#48 C:/Users/Jessa/Downloads/pairfect-paws-web (2)/pairfect-paws-web/vendor/laravel/framework/src/Illuminate/Pipeline/Pipeline.php(219): Illuminate/Http/Middleware/HandleCors->handle(Object(Illuminate/Http/Request), Object(Closure))
#49 C:/Users/Jessa/Downloads/pairfect-paws-web (2)/pairfect-paws-web/vendor/laravel/framework/src/Illuminate/Http/Middleware/TrustProxies.php(58): Illuminate/Pipeline/Pipeline->Illuminate/Pipeline/{closure}(Object(Illuminate/Http/Request))
#50 C:/Users/Jessa/Downloads/pairfect-paws-web (2)/pairfect-paws-web/vendor/laravel/framework/src/Illuminate/Pipeline/Pipeline.php(219): Illuminate/Http/Middleware/TrustProxies->handle(Object(Illuminate/Http/Request), Object(Closure))
#51 C:/Users/Jessa/Downloads/pairfect-paws-web (2)/pairfect-paws-web/vendor/laravel/framework/src/Illuminate/Foundation/Http/Middleware/InvokeDeferredCallbacks.php(22): Illuminate/Pipeline/Pipeline->Illuminate/Pipeline/{closure}(Object(Illuminate/Http/Request))
#52 C:/Users/Jessa/Downloads/pairfect-paws-web (2)/pairfect-paws-web/vendor/laravel/framework/src/Illuminate/Pipeline/Pipeline.php(219): Illuminate/Foundation/Http/Middleware/InvokeDeferredCallbacks->handle(Object(Illuminate/Http/Request), Object(Closure))
#53 C:/Users/Jessa/Downloads/pairfect-paws-web (2)/pairfect-paws-web/vendor/laravel/framework/src/Illuminate/Http/Middleware/ValidatePathEncoding.php(26): Illuminate/Pipeline/Pipeline->Illuminate/Pipeline/{closure}(Object(Illuminate/Http/Request))
#54 C:/Users/Jessa/Downloads/pairfect-paws-web (2)/pairfect-paws-web/vendor/laravel/framework/src/Illuminate/Pipeline/Pipeline.php(219): Illuminate/Http/Middleware/ValidatePathEncoding->handle(Object(Illuminate/Http/Request), Object(Closure))
#55 C:/Users/Jessa/Downloads/pairfect-paws-web (2)/pairfect-paws-web/vendor/laravel/framework/src/Illuminate/Pipeline/Pipeline.php(137): Illuminate/Pipeline/Pipeline->Illuminate/Pipeline/{closure}(Object(Illuminate/Http/Request))
#56 C:/Users/Jessa/Downloads/pairfect-paws-web (2)/pairfect-paws-web/vendor/laravel/framework/src/Illuminate/Foundation/Http/Kernel.php(175): Illuminate/Pipeline/Pipeline->then(Object(Closure))
#57 C:/Users/Jessa/Downloads/pairfect-paws-web (2)/pairfect-paws-web/vendor/laravel/framework/src/Illuminate/Foundation/Http/Kernel.php(144): Illuminate/Foundation/Http/Kernel->sendRequestThroughRouter(Object(Illuminate/Http/Request))
#58 C:/Users/Jessa/Downloads/pairfect-paws-web (2)/pairfect-paws-web/vendor/laravel/framework/src/Illuminate/Foundation/Application.php(1220): Illuminate/Foundation/Http/Kernel->handle(Object(Illuminate/Http/Request))
#59 C:/Users/Jessa/Downloads/pairfect-paws-web (2)/pairfect-paws-web/public/index.php(18): Illuminate/Foundation/Application->handleRequest(Object(Illuminate/Http/Request))
#60 C:/Users/Jessa/Downloads/pairfect-paws-web (2)/pairfect-paws-web/vendor/laravel/framework/src/Illuminate/Foundation/resources/server.php(23): require_once('C://Users//Jessa//...')
#61 {main}

[previous exception] [object] (ParseError(code: 0): syntax error, unexpected token \"endif\" at C:/Users/Jessa/Downloads/pairfect-paws-web (2)/pairfect-paws-web/storage/framework/views/a7462be9d831fa4b00fda4f1ef3205e1.php:89)
[stacktrace]
#0 C:/Users/Jessa/Downloads/pairfect-paws-web (2)/pairfect-paws-web/vendor/laravel/framework/src/Illuminate/Filesystem/Filesystem.php(124): Illuminate/Filesystem/Filesystem::Illuminate/Filesystem/{closure}()
#1 C:/Users/Jessa/Downloads/pairfect-paws-web (2)/pairfect-paws-web/vendor/laravel/framework/src/Illuminate/View/Engines/PhpEngine.php(57): Illuminate/Filesystem/Filesystem->getRequire('C://Users//Jessa//...', Array)
#2 C:/Users/Jessa/Downloads/pairfect-paws-web (2)/pairfect-paws-web/vendor/laravel/framework/src/Illuminate/View/Engines/CompilerEngine.php(76): Illuminate/View/Engines/PhpEngine->evaluatePath('C://Users//Jessa//...', Array)
#3 C:/Users/Jessa/Downloads/pairfect-paws-web (2)/pairfect-paws-web/vendor/laravel/framework/src/Illuminate/View/View.php(208): Illuminate/View/Engines/CompilerEngine->get('C://Users//Jessa//...', Array)
#4 C:/Users/Jessa/Downloads/pairfect-paws-web (2)/pairfect-paws-web/vendor/laravel/framework/src/Illuminate/View/View.php(191): Illuminate/View/View->getContents()
#5 C:/Users/Jessa/Downloads/pairfect-paws-web (2)/pairfect-paws-web/vendor/laravel/framework/src/Illuminate/View/View.php(160): Illuminate/View/View->renderContents()
#6 C:/Users/Jessa/Downloads/pairfect-paws-web (2)/pairfect-paws-web/vendor/laravel/framework/src/Illuminate/Http/Response.php(78): Illuminate/View/View->render()
#7 C:/Users/Jessa/Downloads/pairfect-paws-web (2)/pairfect-paws-web/vendor/laravel/framework/src/Illuminate/Http/Response.php(34): Illuminate/Http/Response->setContent(Object(Illuminate/View/View))
#8 C:/Users/Jessa/Downloads/pairfect-paws-web (2)/pairfect-paws-web/vendor/laravel/framework/src/Illuminate/Routing/Router.php(939): Illuminate/Http/Response->__construct(Object(Illuminate/View/View), 200, Array)
#9 C:/Users/Jessa/Downloads/pairfect-paws-web (2)/pairfect-paws-web/vendor/laravel/framework/src/Illuminate/Routing/Router.php(906): Illuminate/Routing/Router::toResponse(Object(Illuminate/Http/Request), Object(Illuminate/View/View))
#10 C:/Users/Jessa/Downloads/pairfect-paws-web (2)/pairfect-paws-web/vendor/laravel/framework/src/Illuminate/Routing/Router.php(821): Illuminate/Routing/Router->prepareResponse(Object(Illuminate/Http/Request), Object(Illuminate/View/View))
#11 C:/Users/Jessa/Downloads/pairfect-paws-web (2)/pairfect-paws-web/vendor/laravel/framework/src/Illuminate/Pipeline/Pipeline.php(180): Illuminate/Routing/Router->Illuminate/Routing/{closure}(Object(Illuminate/Http/Request))
#12 C:/Users/Jessa/Downloads/pairfect-paws-web (2)/pairfect-paws-web/app/Http/Middleware/EnsureUserIsStaff.php(32): Illuminate/Pipeline/Pipeline->Illuminate/Pipeline/{closure}(Object(Illuminate/Http/Request))
#13 C:/Users/Jessa/Downloads/pairfect-paws-web (2)/pairfect-paws-web/vendor/laravel/framework/src/Illuminate/Pipeline/Pipeline.php(219): App/Http/Middleware/EnsureUserIsStaff->handle(Object(Illuminate/Http/Request), Object(Closure))
#14 C:/Users/Jessa/Downloads/pairfect-paws-web (2)/pairfect-paws-web/app/Http/Middleware/SecurityHeaders.php(19): Illuminate/Pipeline/Pipeline->Illuminate/Pipeline/{closure}(Object(Illuminate/Http/Request))
#15 C:/Users/Jessa/Downloads/pairfect-paws-web (2)/pairfect-paws-web/vendor/laravel/framework/src/Illuminate/Pipeline/Pipeline.php(219): App/Http/Middleware/SecurityHeaders->handle(Object(Illuminate/Http/Request), Object(Closure))
#16 C:/Users/Jessa/Downloads/pairfect-paws-web (2)/pairfect-paws-web/vendor/laravel/framework/src/Illuminate/Routing/Middleware/SubstituteBindings.php(50): Illuminate/Pipeline/Pipeline->Illuminate/Pipeline/{closure}(Object(Illuminate/Http/Request))
#17 C:/Users/Jessa/Downloads/pairfect-paws-web (2)/pairfect-paws-web/vendor/laravel/framework/src/Illuminate/Pipeline/Pipeline.php(219): Illuminate/Routing/Middleware/SubstituteBindings->handle(Object(Illuminate/Http/Request), Object(Closure))
#18 C:/Users/Jessa/Downloads/pairfect-paws-web (2)/pairfect-paws-web/vendor/laravel/framework/src/Illuminate/Auth/Middleware/Authenticate.php(63): Illuminate/Pipeline/Pipeline->Illuminate/Pipeline/{closure}(Object(Illuminate/Http/Request))
#19 C:/Users/Jessa/Downloads/pairfect-paws-web (2)/pairfect-paws-web/vendor/laravel/framework/src/Illuminate/Pipeline/Pipeline.php(219): Illuminate/Auth/Middleware/Authenticate->handle(Object(Illuminate/Http/Request), Object(Closure))
#20 C:/Users/Jessa/Downloads/pairfect-paws-web (2)/pairfect-paws-web/vendor/laravel/framework/src/Illuminate/Foundation/Http/Middleware/VerifyCsrfToken.php(87): Illuminate/Pipeline/Pipeline->Illuminate/Pipeline/{closure}(Object(Illuminate/Http/Request))
#21 C:/Users/Jessa/Downloads/pairfect-paws-web (2)/pairfect-paws-web/vendor/laravel/framework/src/Illuminate/Pipeline/Pipeline.php(219): Illuminate/Foundation/Http/Middleware/VerifyCsrfToken->handle(Object(Illuminate/Http/Request), Object(Closure))
#22 C:/Users/Jessa/Downloads/pairfect-paws-web (2)/pairfect-paws-web/vendor/laravel/framework/src/Illuminate/View/Middleware/ShareErrorsFromSession.php(48): Illuminate/Pipeline/Pipeline->Illuminate/Pipeline/{closure}(Object(Illuminate/Http/Request))
#23 C:/Users/Jessa/Downloads/pairfect-paws-web (2)/pairfect-paws-web/vendor/laravel/framework/src/Illuminate/Pipeline/Pipeline.php(219): Illuminate/View/Middleware/ShareErrorsFromSession->handle(Object(Illuminate/Http/Request), Object(Closure))
#24 C:/Users/Jessa/Downloads/pairfect-paws-web (2)/pairfect-paws-web/vendor/laravel/framework/src/Illuminate/Session/Middleware/StartSession.php(120): Illuminate/Pipeline/Pipeline->Illuminate/Pipeline/{closure}(Object(Illuminate/Http/Request))
#25 C:/Users/Jessa/Downloads/pairfect-paws-web (2)/pairfect-paws-web/vendor/laravel/framework/src/Illuminate/Session/Middleware/StartSession.php(63): Illuminate/Session/Middleware/StartSession->handleStatefulRequest(Object(Illuminate/Http/Request), Object(Illuminate/Session/EncryptedStore), Object(Closure))
#26 C:/Users/Jessa/Downloads/pairfect-paws-web (2)/pairfect-paws-web/vendor/laravel/framework/src/Illuminate/Pipeline/Pipeline.php(219): Illuminate/Session/Middleware/StartSession->handle(Object(Illuminate/Http/Request), Object(Closure))
#27 C:/Users/Jessa/Downloads/pairfect-paws-web (2)/pairfect-paws-web/vendor/laravel/framework/src/Illuminate/Cookie/Middleware/AddQueuedCookiesToResponse.php(36): Illuminate/Pipeline/Pipeline->Illuminate/Pipeline/{closure}(Object(Illuminate/Http/Request))
#28 C:/Users/Jessa/Downloads/pairfect-paws-web (2)/pairfect-paws-web/vendor/laravel/framework/src/Illuminate/Pipeline/Pipeline.php(219): Illuminate/Cookie/Middleware/AddQueuedCookiesToResponse->handle(Object(Illuminate/Http/Request), Object(Closure))
#29 C:/Users/Jessa/Downloads/pairfect-paws-web (2)/pairfect-paws-web/vendor/laravel/framework/src/Illuminate/Cookie/Middleware/EncryptCookies.php(74): Illuminate/Pipeline/Pipeline->Illuminate/Pipeline/{closure}(Object(Illuminate/Http/Request))
#30 C:/Users/Jessa/Downloads/pairfect-paws-web (2)/pairfect-paws-web/vendor/laravel/framework/src/Illuminate/Pipeline/Pipeline.php(219): Illuminate/Cookie/Middleware/EncryptCookies->handle(Object(Illuminate/Http/Request), Object(Closure))
#31 C:/Users/Jessa/Downloads/pairfect-paws-web (2)/pairfect-paws-web/vendor/laravel/framework/src/Illuminate/Pipeline/Pipeline.php(137): Illuminate/Pipeline/Pipeline->Illuminate/Pipeline/{closure}(Object(Illuminate/Http/Request))
#32 C:/Users/Jessa/Downloads/pairfect-paws-web (2)/pairfect-paws-web/vendor/laravel/framework/src/Illuminate/Routing/Router.php(821): Illuminate/Pipeline/Pipeline->then(Object(Closure))
#33 C:/Users/Jessa/Downloads/pairfect-paws-web (2)/pairfect-paws-web/vendor/laravel/framework/src/Illuminate/Routing/Router.php(800): Illuminate/Routing/Router->runRouteWithinStack(Object(Illuminate/Routing/Route), Object(Illuminate/Http/Request))
#34 C:/Users/Jessa/Downloads/pairfect-paws-web (2)/pairfect-paws-web/vendor/laravel/framework/src/Illuminate/Routing/Router.php(764): Illuminate/Routing/Router->runRoute(Object(Illuminate/Http/Request), Object(Illuminate/Routing/Route))
#35 C:/Users/Jessa/Downloads/pairfect-paws-web (2)/pairfect-paws-web/vendor/laravel/framework/src/Illuminate/Routing/Router.php(753): Illuminate/Routing/Router->dispatchToRoute(Object(Illuminate/Http/Request))
#36 C:/Users/Jessa/Downloads/pairfect-paws-web (2)/pairfect-paws-web/vendor/laravel/framework/src/Illuminate/Foundation/Http/Kernel.php(200): Illuminate/Routing/Router->dispatch(Object(Illuminate/Http/Request))
#37 C:/Users/Jessa/Downloads/pairfect-paws-web (2)/pairfect-paws-web/vendor/laravel/framework/src/Illuminate/Pipeline/Pipeline.php(180): Illuminate/Foundation/Http/Kernel->Illuminate/Foundation/Http/{closure}(Object(Illuminate/Http/Request))
#38 C:/Users/Jessa/Downloads/pairfect-paws-web (2)/pairfect-paws-web/vendor/laravel/framework/src/Illuminate/Foundation/Http/Middleware/TransformsRequest.php(21): Illuminate/Pipeline/Pipeline->Illuminate/Pipeline/{closure}(Object(Illuminate/Http/Request))
#39 C:/Users/Jessa/Downloads/pairfect-paws-web (2)/pairfect-paws-web/vendor/laravel/framework/src/Illuminate/Foundation/Http/Middleware/ConvertEmptyStringsToNull.php(31): Illuminate/Foundation/Http/Middleware/TransformsRequest->handle(Object(Illuminate/Http/Request), Object(Closure))
#40 C:/Users/Jessa/Downloads/pairfect-paws-web (2)/pairfect-paws-web/vendor/laravel/framework/src/Illuminate/Pipeline/Pipeline.php(219): Illuminate/Foundation/Http/Middleware/ConvertEmptyStringsToNull->handle(Object(Illuminate/Http/Request), Object(Closure))
#41 C:/Users/Jessa/Downloads/pairfect-paws-web (2)/pairfect-paws-web/vendor/laravel/framework/src/Illuminate/Foundation/Http/Middleware/TransformsRequest.php(21): Illuminate/Pipeline/Pipeline->Illuminate/Pipeline/{closure}(Object(Illuminate/Http/Request))
#42 C:/Users/Jessa/Downloads/pairfect-paws-web (2)/pairfect-paws-web/vendor/laravel/framework/src/Illuminate/Foundation/Http/Middleware/TrimStrings.php(51): Illuminate/Foundation/Http/Middleware/TransformsRequest->handle(Object(Illuminate/Http/Request), Object(Closure))
#43 C:/Users/Jessa/Downloads/pairfect-paws-web (2)/pairfect-paws-web/vendor/laravel/framework/src/Illuminate/Pipeline/Pipeline.php(219): Illuminate/Foundation/Http/Middleware/TrimStrings->handle(Object(Illuminate/Http/Request), Object(Closure))
#44 C:/Users/Jessa/Downloads/pairfect-paws-web (2)/pairfect-paws-web/vendor/laravel/framework/src/Illuminate/Http/Middleware/ValidatePostSize.php(27): Illuminate/Pipeline/Pipeline->Illuminate/Pipeline/{closure}(Object(Illuminate/Http/Request))
#45 C:/Users/Jessa/Downloads/pairfect-paws-web (2)/pairfect-paws-web/vendor/laravel/framework/src/Illuminate/Pipeline/Pipeline.php(219): Illuminate/Http/Middleware/ValidatePostSize->handle(Object(Illuminate/Http/Request), Object(Closure))
#46 C:/Users/Jessa/Downloads/pairfect-paws-web (2)/pairfect-paws-web/vendor/laravel/framework/src/Illuminate/Foundation/Http/Middleware/PreventRequestsDuringMaintenance.php(109): Illuminate/Pipeline/Pipeline->Illuminate/Pipeline/{closure}(Object(Illuminate/Http/Request))
#47 C:/Users/Jessa/Downloads/pairfect-paws-web (2)/pairfect-paws-web/vendor/laravel/framework/src/Illuminate/Pipeline/Pipeline.php(219): Illuminate/Foundation/Http/Middleware/PreventRequestsDuringMaintenance->handle(Object(Illuminate/Http/Request), Object(Closure))
#48 C:/Users/Jessa/Downloads/pairfect-paws-web (2)/pairfect-paws-web/vendor/laravel/framework/src/Illuminate/Http/Middleware/HandleCors.php(61): Illuminate/Pipeline/Pipeline->Illuminate/Pipeline/{closure}(Object(Illuminate/Http/Request))
#49 C:/Users/Jessa/Downloads/pairfect-paws-web (2)/pairfect-paws-web/vendor/laravel/framework/src/Illuminate/Pipeline/Pipeline.php(219): Illuminate/Http/Middleware/HandleCors->handle(Object(Illuminate/Http/Request), Object(Closure))
#50 C:/Users/Jessa/Downloads/pairfect-paws-web (2)/pairfect-paws-web/vendor/laravel/framework/src/Illuminate/Http/Middleware/TrustProxies.php(58): Illuminate/Pipeline/Pipeline->Illuminate/Pipeline/{closure}(Object(Illuminate/Http/Request))
#51 C:/Users/Jessa/Downloads/pairfect-paws-web (2)/pairfect-paws-web/vendor/laravel/framework/src/Illuminate/Pipeline/Pipeline.php(219): Illuminate/Http/Middleware/TrustProxies->handle(Object(Illuminate/Http/Request), Object(Closure))
#52 C:/Users/Jessa/Downloads/pairfect-paws-web (2)/pairfect-paws-web/vendor/laravel/framework/src/Illuminate/Foundation/Http/Middleware/InvokeDeferredCallbacks.php(22): Illuminate/Pipeline/Pipeline->Illuminate/Pipeline/{closure}(Object(Illuminate/Http/Request))
#53 C:/Users/Jessa/Downloads/pairfect-paws-web (2)/pairfect-paws-web/vendor/laravel/framework/src/Illuminate/Pipeline/Pipeline.php(219): Illuminate/Foundation/Http/Middleware/InvokeDeferredCallbacks->handle(Object(Illuminate/Http/Request), Object(Closure))
#54 C:/Users/Jessa/Downloads/pairfect-paws-web (2)/pairfect-paws-web/vendor/laravel/framework/src/Illuminate/Http/Middleware/ValidatePathEncoding.php(26): Illuminate/Pipeline/Pipeline->Illuminate/Pipeline/{closure}(Object(Illuminate/Http/Request))
#55 C:/Users/Jessa/Downloads/pairfect-paws-web (2)/pairfect-paws-web/vendor/laravel/framework/src/Illuminate/Pipeline/Pipeline.php(219): Illuminate/Http/Middleware/ValidatePathEncoding->handle(Object(Illuminate/Http/Request), Object(Closure))
#56 C:/Users/Jessa/Downloads/pairfect-paws-web (2)/pairfect-paws-web/vendor/laravel/framework/src/Illuminate/Pipeline/Pipeline.php(137): Illuminate/Pipeline/Pipeline->Illuminate/Pipeline/{closure}(Object(Illuminate/Http/Request))
#57 C:/Users/Jessa/Downloads/pairfect-paws-web (2)/pairfect-paws-web/vendor/laravel/framework/src/Illuminate/Foundation/Http/Kernel.php(175): Illuminate/Pipeline/Pipeline->then(Object(Closure))
#58 C:/Users/Jessa/Downloads/pairfect-paws-web (2)/pairfect-paws-web/vendor/laravel/framework/src/Illuminate/Foundation/Http/Kernel.php(144): Illuminate/Foundation/Http/Kernel->sendRequestThroughRouter(Object(Illuminate/Http/Request))
#59 C:/Users/Jessa/Downloads/pairfect-paws-web (2)/pairfect-paws-web/vendor/laravel/framework/src/Illuminate/Foundation/Application.php(1220): Illuminate/Foundation/Http/Kernel->handle(Object(Illuminate/Http/Request))
#60 C:/Users/Jessa/Downloads/pairfect-paws-web (2)/pairfect-paws-web/public/index.php(18): Illuminate/Foundation/Application->handleRequest(Object(Illuminate/Http/Request))
#61 C:/Users/Jessa/Downloads/pairfect-paws-web (2)/pairfect-paws-web/vendor/laravel/framework/src/Illuminate/Foundation/resources/server.php(23): require_once('C://Users//Jessa//...')
#62 {main}
"} 
[2026-08-05 01:02:50] local.ERROR: syntax error, unexpected token "endif" (View: C:\Users\Jessa\Downloads\pairfect-paws-web (2)\pairfect-paws-web\resources\views\admin\dashboard\index.blade.php) {"userId":2,"exception":"[object] (Illuminate\\View\\ViewException(code: 0): syntax error, unexpected token \"endif\" (View: C:\\Users\\Jessa\\Downloads\\pairfect-paws-web (2)\\pairfect-paws-web\\resources\\views\\admin\\dashboard\\index.blade.php) at C:/Users/Jessa/Downloads/pairfect-paws-web (2)/pairfect-paws-web/storage/framework/views/a7462be9d831fa4b00fda4f1ef3205e1.php:89)
[stacktrace]
#0 C:/Users/Jessa/Downloads/pairfect-paws-web (2)/pairfect-paws-web/vendor/laravel/framework/src/Illuminate/View/Engines/PhpEngine.php(59): Illuminate/View/Engines/CompilerEngine->handleViewException(Object(ParseError), 1)
#1 C:/Users/Jessa/Downloads/pairfect-paws-web (2)/pairfect-paws-web/vendor/laravel/framework/src/Illuminate/View/Engines/CompilerEngine.php(76): Illuminate/View/Engines/PhpEngine->evaluatePath('C://Users//Jessa//...', Array)
#2 C:/Users/Jessa/Downloads/pairfect-paws-web (2)/pairfect-paws-web/vendor/laravel/framework/src/Illuminate/View/View.php(208): Illuminate/View/Engines/CompilerEngine->get('C://Users//Jessa//...', Array)
#3 C:/Users/Jessa/Downloads/pairfect-paws-web (2)/pairfect-paws-web/vendor/laravel/framework/src/Illuminate/View/View.php(191): Illuminate/View/View->getContents()
#4 C:/Users/Jessa/Downloads/pairfect-paws-web (2)/pairfect-paws-web/vendor/laravel/framework/src/Illuminate/View/View.php(160): Illuminate/View/View->renderContents()
#5 C:/Users/Jessa/Downloads/pairfect-paws-web (2)/pairfect-paws-web/vendor/laravel/framework/src/Illuminate/Http/Response.php(78): Illuminate/View/View->render()
#6 C:/Users/Jessa/Downloads/pairfect-paws-web (2)/pairfect-paws-web/vendor/laravel/framework/src/Illuminate/Http/Response.php(34): Illuminate/Http/Response->setContent(Object(Illuminate/View/View))
#7 C:/Users/Jessa/Downloads/pairfect-paws-web (2)/pairfect-paws-web/vendor/laravel/framework/src/Illuminate/Routing/Router.php(939): Illuminate/Http/Response->__construct(Object(Illuminate/View/View), 200, Array)
#8 C:/Users/Jessa/Downloads/pairfect-paws-web (2)/pairfect-paws-web/vendor/laravel/framework/src/Illuminate/Routing/Router.php(906): Illuminate/Routing/Router::toResponse(Object(Illuminate/Http/Request), Object(Illuminate/View/View))
#9 C:/Users/Jessa/Downloads/pairfect-paws-web (2)/pairfect-paws-web/vendor/laravel/framework/src/Illuminate/Routing/Router.php(821): Illuminate/Routing/Router->prepareResponse(Object(Illuminate/Http/Request), Object(Illuminate/View/View))
#10 C:/Users/Jessa/Downloads/pairfect-paws-web (2)/pairfect-paws-web/vendor/laravel/framework/src/Illuminate/Pipeline/Pipeline.php(180): Illuminate/Routing/Router->Illuminate/Routing/{closure}(Object(Illuminate/Http/Request))
#11 C:/Users/Jessa/Downloads/pairfect-paws-web (2)/pairfect-paws-web/app/Http/Middleware/EnsureUserIsStaff.php(32): Illuminate/Pipeline/Pipeline->Illuminate/Pipeline/{closure}(Object(Illuminate/Http/Request))
#12 C:/Users/Jessa/Downloads/pairfect-paws-web (2)/pairfect-paws-web/vendor/laravel/framework/src/Illuminate/Pipeline/Pipeline.php(219): App/Http/Middleware/EnsureUserIsStaff->handle(Object(Illuminate/Http/Request), Object(Closure))
#13 C:/Users/Jessa/Downloads/pairfect-paws-web (2)/pairfect-paws-web/app/Http/Middleware/SecurityHeaders.php(19): Illuminate/Pipeline/Pipeline->Illuminate/Pipeline/{closure}(Object(Illuminate/Http/Request))
#14 C:/Users/Jessa/Downloads/pairfect-paws-web (2)/pairfect-paws-web/vendor/laravel/framework/src/Illuminate/Pipeline/Pipeline.php(219): App/Http/Middleware/SecurityHeaders->handle(Object(Illuminate/Http/Request), Object(Closure))
#15 C:/Users/Jessa/Downloads/pairfect-paws-web (2)/pairfect-paws-web/vendor/laravel/framework/src/Illuminate/Routing/Middleware/SubstituteBindings.php(50): Illuminate/Pipeline/Pipeline->Illuminate/Pipeline/{closure}(Object(Illuminate/Http/Request))
#16 C:/Users/Jessa/Downloads/pairfect-paws-web (2)/pairfect-paws-web/vendor/laravel/framework/src/Illuminate/Pipeline/Pipeline.php(219): Illuminate/Routing/Middleware/SubstituteBindings->handle(Object(Illuminate/Http/Request), Object(Closure))
#17 C:/Users/Jessa/Downloads/pairfect-paws-web (2)/pairfect-paws-web/vendor/laravel/framework/src/Illuminate/Auth/Middleware/Authenticate.php(63): Illuminate/Pipeline/Pipeline->Illuminate/Pipeline/{closure}(Object(Illuminate/Http/Request))
#18 C:/Users/Jessa/Downloads/pairfect-paws-web (2)/pairfect-paws-web/vendor/laravel/framework/src/Illuminate/Pipeline/Pipeline.php(219): Illuminate/Auth/Middleware/Authenticate->handle(Object(Illuminate/Http/Request), Object(Closure))
#19 C:/Users/Jessa/Downloads/pairfect-paws-web (2)/pairfect-paws-web/vendor/laravel/framework/src/Illuminate/Foundation/Http/Middleware/VerifyCsrfToken.php(87): Illuminate/Pipeline/Pipeline->Illuminate/Pipeline/{closure}(Object(Illuminate/Http/Request))
#20 C:/Users/Jessa/Downloads/pairfect-paws-web (2)/pairfect-paws-web/vendor/laravel/framework/src/Illuminate/Pipeline/Pipeline.php(219): Illuminate/Foundation/Http/Middleware/VerifyCsrfToken->handle(Object(Illuminate/Http/Request), Object(Closure))
#21 C:/Users/Jessa/Downloads/pairfect-paws-web (2)/pairfect-paws-web/vendor/laravel/framework/src/Illuminate/View/Middleware/ShareErrorsFromSession.php(48): Illuminate/Pipeline/Pipeline->Illuminate/Pipeline/{closure}(Object(Illuminate/Http/Request))
#22 C:/Users/Jessa/Downloads/pairfect-paws-web (2)/pairfect-paws-web/vendor/laravel/framework/src/Illuminate/Pipeline/Pipeline.php(219): Illuminate/View/Middleware/ShareErrorsFromSession->handle(Object(Illuminate/Http/Request), Object(Closure))
#23 C:/Users/Jessa/Downloads/pairfect-paws-web (2)/pairfect-paws-web/vendor/laravel/framework/src/Illuminate/Session/Middleware/StartSession.php(120): Illuminate/Pipeline/Pipeline->Illuminate/Pipeline/{closure}(Object(Illuminate/Http/Request))
#24 C:/Users/Jessa/Downloads/pairfect-paws-web (2)/pairfect-paws-web/vendor/laravel/framework/src/Illuminate/Session/Middleware/StartSession.php(63): Illuminate/Session/Middleware/StartSession->handleStatefulRequest(Object(Illuminate/Http/Request), Object(Illuminate/Session/EncryptedStore), Object(Closure))
#25 C:/Users/Jessa/Downloads/pairfect-paws-web (2)/pairfect-paws-web/vendor/laravel/framework/src/Illuminate/Pipeline/Pipeline.php(219): Illuminate/Session/Middleware/StartSession->handle(Object(Illuminate/Http/Request), Object(Closure))
#26 C:/Users/Jessa/Downloads/pairfect-paws-web (2)/pairfect-paws-web/vendor/laravel/framework/src/Illuminate/Cookie/Middleware/AddQueuedCookiesToResponse.php(36): Illuminate/Pipeline/Pipeline->Illuminate/Pipeline/{closure}(Object(Illuminate/Http/Request))
#27 C:/Users/Jessa/Downloads/pairfect-paws-web (2)/pairfect-paws-web/vendor/laravel/framework/src/Illuminate/Pipeline/Pipeline.php(219): Illuminate/Cookie/Middleware/AddQueuedCookiesToResponse->handle(Object(Illuminate/Http/Request), Object(Closure))
#28 C:/Users/Jessa/Downloads/pairfect-paws-web (2)/pairfect-paws-web/vendor/laravel/framework/src/Illuminate/Cookie/Middleware/EncryptCookies.php(74): Illuminate/Pipeline/Pipeline->Illuminate/Pipeline/{closure}(Object(Illuminate/Http/Request))
#29 C:/Users/Jessa/Downloads/pairfect-paws-web (2)/pairfect-paws-web/vendor/laravel/framework/src/Illuminate/Pipeline/Pipeline.php(219): Illuminate/Cookie/Middleware/EncryptCookies->handle(Object(Illuminate/Http/Request), Object(Closure))
#30 C:/Users/Jessa/Downloads/pairfect-paws-web (2)/pairfect-paws-web/vendor/laravel/framework/src/Illuminate/Pipeline/Pipeline.php(137): Illuminate/Pipeline/Pipeline->Illuminate/Pipeline/{closure}(Object(Illuminate/Http/Request))
#31 C:/Users/Jessa/Downloads/pairfect-paws-web (2)/pairfect-paws-web/vendor/laravel/framework/src/Illuminate/Routing/Router.php(821): Illuminate/Pipeline/Pipeline->then(Object(Closure))
#32 C:/Users/Jessa/Downloads/pairfect-paws-web (2)/pairfect-paws-web/vendor/laravel/framework/src/Illuminate/Routing/Router.php(800): Illuminate/Routing/Router->runRouteWithinStack(Object(Illuminate/Routing/Route), Object(Illuminate/Http/Request))
#33 C:/Users/Jessa/Downloads/pairfect-paws-web (2)/pairfect-paws-web/vendor/laravel/framework/src/Illuminate/Routing/Router.php(764): Illuminate/Routing/Router->runRoute(Object(Illuminate/Http/Request), Object(Illuminate/Routing/Route))
#34 C:/Users/Jessa/Downloads/pairfect-paws-web (2)/pairfect-paws-web/vendor/laravel/framework/src/Illuminate/Routing/Router.php(753): Illuminate/Routing/Router->dispatchToRoute(Object(Illuminate/Http/Request))
#35 C:/Users/Jessa/Downloads/pairfect-paws-web (2)/pairfect-paws-web/vendor/laravel/framework/src/Illuminate/Foundation/Http/Kernel.php(200): Illuminate/Routing/Router->dispatch(Object(Illuminate/Http/Request))
#36 C:/Users/Jessa/Downloads/pairfect-paws-web (2)/pairfect-paws-web/vendor/laravel/framework/src/Illuminate/Pipeline/Pipeline.php(180): Illuminate/Foundation/Http/Kernel->Illuminate/Foundation/Http/{closure}(Object(Illuminate/Http/Request))
#37 C:/Users/Jessa/Downloads/pairfect-paws-web (2)/pairfect-paws-web/vendor/laravel/framework/src/Illuminate/Foundation/Http/Middleware/TransformsRequest.php(21): Illuminate/Pipeline/Pipeline->Illuminate/Pipeline/{closure}(Object(Illuminate/Http/Request))
#38 C:/Users/Jessa/Downloads/pairfect-paws-web (2)/pairfect-paws-web/vendor/laravel/framework/src/Illuminate/Foundation/Http/Middleware/ConvertEmptyStringsToNull.php(31): Illuminate/Foundation/Http/Middleware/TransformsRequest->handle(Object(Illuminate/Http/Request), Object(Closure))
#39 C:/Users/Jessa/Downloads/pairfect-paws-web (2)/pairfect-paws-web/vendor/laravel/framework/src/Illuminate/Pipeline/Pipeline.php(219): Illuminate/Foundation/Http/Middleware/ConvertEmptyStringsToNull->handle(Object(Illuminate/Http/Request), Object(Closure))
#40 C:/Users/Jessa/Downloads/pairfect-paws-web (2)/pairfect-paws-web/vendor/laravel/framework/src/Illuminate/Foundation/Http/Middleware/TransformsRequest.php(21): Illuminate/Pipeline/Pipeline->Illuminate/Pipeline/{closure}(Object(Illuminate/Http/Request))
#41 C:/Users/Jessa/Downloads/pairfect-paws-web (2)/pairfect-paws-web/vendor/laravel/framework/src/Illuminate/Foundation/Http/Middleware/TrimStrings.php(51): Illuminate/Foundation/Http/Middleware/TransformsRequest->handle(Object(Illuminate/Http/Request), Object(Closure))
#42 C:/Users/Jessa/Downloads/pairfect-paws-web (2)/pairfect-paws-web/vendor/laravel/framework/src/Illuminate/Pipeline/Pipeline.php(219): Illuminate/Foundation/Http/Middleware/TrimStrings->handle(Object(Illuminate/Http/Request), Object(Closure))
#43 C:/Users/Jessa/Downloads/pairfect-paws-web (2)/pairfect-paws-web/vendor/laravel/framework/src/Illuminate/Http/Middleware/ValidatePostSize.php(27): Illuminate/Pipeline/Pipeline->Illuminate/Pipeline/{closure}(Object(Illuminate/Http/Request))
#44 C:/Users/Jessa/Downloads/pairfect-paws-web (2)/pairfect-paws-web/vendor/laravel/framework/src/Illuminate/Pipeline/Pipeline.php(219): Illuminate/Http/Middleware/ValidatePostSize->handle(Object(Illuminate/Http/Request), Object(Closure))
#45 C:/Users/Jessa/Downloads/pairfect-paws-web (2)/pairfect-paws-web/vendor/laravel/framework/src/Illuminate/Foundation/Http/Middleware/PreventRequestsDuringMaintenance.php(109): Illuminate/Pipeline/Pipeline->Illuminate/Pipeline/{closure}(Object(Illuminate/Http/Request))
#46 C:/Users/Jessa/Downloads/pairfect-paws-web (2)/pairfect-paws-web/vendor/laravel/framework/src/Illuminate/Pipeline/Pipeline.php(219): Illuminate/Foundation/Http/Middleware/PreventRequestsDuringMaintenance->handle(Object(Illuminate/Http/Request), Object(Closure))
#47 C:/Users/Jessa/Downloads/pairfect-paws-web (2)/pairfect-paws-web/vendor/laravel/framework/src/Illuminate/Http/Middleware/HandleCors.php(61): Illuminate/Pipeline/Pipeline->Illuminate/Pipeline/{closure}(Object(Illuminate/Http/Request))
#48 C:/Users/Jessa/Downloads/pairfect-paws-web (2)/pairfect-paws-web/vendor/laravel/framework/src/Illuminate/Pipeline/Pipeline.php(219): Illuminate/Http/Middleware/HandleCors->handle(Object(Illuminate/Http/Request), Object(Closure))
#49 C:/Users/Jessa/Downloads/pairfect-paws-web (2)/pairfect-paws-web/vendor/laravel/framework/src/Illuminate/Http/Middleware/TrustProxies.php(58): Illuminate/Pipeline/Pipeline->Illuminate/Pipeline/{closure}(Object(Illuminate/Http/Request))
#50 C:/Users/Jessa/Downloads/pairfect-paws-web (2)/pairfect-paws-web/vendor/laravel/framework/src/Illuminate/Pipeline/Pipeline.php(219): Illuminate/Http/Middleware/TrustProxies->handle(Object(Illuminate/Http/Request), Object(Closure))
#51 C:/Users/Jessa/Downloads/pairfect-paws-web (2)/pairfect-paws-web/vendor/laravel/framework/src/Illuminate/Foundation/Http/Middleware/InvokeDeferredCallbacks.php(22): Illuminate/Pipeline/Pipeline->Illuminate/Pipeline/{closure}(Object(Illuminate/Http/Request))
#52 C:/Users/Jessa/Downloads/pairfect-paws-web (2)/pairfect-paws-web/vendor/laravel/framework/src/Illuminate/Pipeline/Pipeline.php(219): Illuminate/Foundation/Http/Middleware/InvokeDeferredCallbacks->handle(Object(Illuminate/Http/Request), Object(Closure))
#53 C:/Users/Jessa/Downloads/pairfect-paws-web (2)/pairfect-paws-web/vendor/laravel/framework/src/Illuminate/Http/Middleware/ValidatePathEncoding.php(26): Illuminate/Pipeline/Pipeline->Illuminate/Pipeline/{closure}(Object(Illuminate/Http/Request))
#54 C:/Users/Jessa/Downloads/pairfect-paws-web (2)/pairfect-paws-web/vendor/laravel/framework/src/Illuminate/Pipeline/Pipeline.php(219): Illuminate/Http/Middleware/ValidatePathEncoding->handle(Object(Illuminate/Http/Request), Object(Closure))
#55 C:/Users/Jessa/Downloads/pairfect-paws-web (2)/pairfect-paws-web/vendor/laravel/framework/src/Illuminate/Pipeline/Pipeline.php(137): Illuminate/Pipeline/Pipeline->Illuminate/Pipeline/{closure}(Object(Illuminate/Http/Request))
#56 C:/Users/Jessa/Downloads/pairfect-paws-web (2)/pairfect-paws-web/vendor/laravel/framework/src/Illuminate/Foundation/Http/Kernel.php(175): Illuminate/Pipeline/Pipeline->then(Object(Closure))
#57 C:/Users/Jessa/Downloads/pairfect-paws-web (2)/pairfect-paws-web/vendor/laravel/framework/src/Illuminate/Foundation/Http/Kernel.php(144): Illuminate/Foundation/Http/Kernel->sendRequestThroughRouter(Object(Illuminate/Http/Request))
#58 C:/Users/Jessa/Downloads/pairfect-paws-web (2)/pairfect-paws-web/vendor/laravel/framework/src/Illuminate/Foundation/Application.php(1220): Illuminate/Foundation/Http/Kernel->handle(Object(Illuminate/Http/Request))
#59 C:/Users/Jessa/Downloads/pairfect-paws-web (2)/pairfect-paws-web/public/index.php(18): Illuminate/Foundation/Application->handleRequest(Object(Illuminate/Http/Request))
#60 C:/Users/Jessa/Downloads/pairfect-paws-web (2)/pairfect-paws-web/vendor/laravel/framework/src/Illuminate/Foundation/resources/server.php(23): require_once('C://Users//Jessa//...')
#61 {main}

[previous exception] [object] (ParseError(code: 0): syntax error, unexpected token \"endif\" at C:/Users/Jessa/Downloads/pairfect-paws-web (2)/pairfect-paws-web/storage/framework/views/a7462be9d831fa4b00fda4f1ef3205e1.php:89)
[stacktrace]
#0 C:/Users/Jessa/Downloads/pairfect-paws-web (2)/pairfect-paws-web/vendor/laravel/framework/src/Illuminate/Filesystem/Filesystem.php(124): Illuminate/Filesystem/Filesystem::Illuminate/Filesystem/{closure}()
#1 C:/Users/Jessa/Downloads/pairfect-paws-web (2)/pairfect-paws-web/vendor/laravel/framework/src/Illuminate/View/Engines/PhpEngine.php(57): Illuminate/Filesystem/Filesystem->getRequire('C://Users//Jessa//...', Array)
#2 C:/Users/Jessa/Downloads/pairfect-paws-web (2)/pairfect-paws-web/vendor/laravel/framework/src/Illuminate/View/Engines/CompilerEngine.php(76): Illuminate/View/Engines/PhpEngine->evaluatePath('C://Users//Jessa//...', Array)
#3 C:/Users/Jessa/Downloads/pairfect-paws-web (2)/pairfect-paws-web/vendor/laravel/framework/src/Illuminate/View/View.php(208): Illuminate/View/Engines/CompilerEngine->get('C://Users//Jessa//...', Array)
#4 C:/Users/Jessa/Downloads/pairfect-paws-web (2)/pairfect-paws-web/vendor/laravel/framework/src/Illuminate/View/View.php(191): Illuminate/View/View->getContents()
#5 C:/Users/Jessa/Downloads/pairfect-paws-web (2)/pairfect-paws-web/vendor/laravel/framework/src/Illuminate/View/View.php(160): Illuminate/View/View->renderContents()
#6 C:/Users/Jessa/Downloads/pairfect-paws-web (2)/pairfect-paws-web/vendor/laravel/framework/src/Illuminate/Http/Response.php(78): Illuminate/View/View->render()
#7 C:/Users/Jessa/Downloads/pairfect-paws-web (2)/pairfect-paws-web/vendor/laravel/framework/src/Illuminate/Http/Response.php(34): Illuminate/Http/Response->setContent(Object(Illuminate/View/View))
#8 C:/Users/Jessa/Downloads/pairfect-paws-web (2)/pairfect-paws-web/vendor/laravel/framework/src/Illuminate/Routing/Router.php(939): Illuminate/Http/Response->__construct(Object(Illuminate/View/View), 200, Array)
#9 C:/Users/Jessa/Downloads/pairfect-paws-web (2)/pairfect-paws-web/vendor/laravel/framework/src/Illuminate/Routing/Router.php(906): Illuminate/Routing/Router::toResponse(Object(Illuminate/Http/Request), Object(Illuminate/View/View))
#10 C:/Users/Jessa/Downloads/pairfect-paws-web (2)/pairfect-paws-web/vendor/laravel/framework/src/Illuminate/Routing/Router.php(821): Illuminate/Routing/Router->prepareResponse(Object(Illuminate/Http/Request), Object(Illuminate/View/View))
#11 C:/Users/Jessa/Downloads/pairfect-paws-web (2)/pairfect-paws-web/vendor/laravel/framework/src/Illuminate/Pipeline/Pipeline.php(180): Illuminate/Routing/Router->Illuminate/Routing/{closure}(Object(Illuminate/Http/Request))
#12 C:/Users/Jessa/Downloads/pairfect-paws-web (2)/pairfect-paws-web/app/Http/Middleware/EnsureUserIsStaff.php(32): Illuminate/Pipeline/Pipeline->Illuminate/Pipeline/{closure}(Object(Illuminate/Http/Request))
#13 C:/Users/Jessa/Downloads/pairfect-paws-web (2)/pairfect-paws-web/vendor/laravel/framework/src/Illuminate/Pipeline/Pipeline.php(219): App/Http/Middleware/EnsureUserIsStaff->handle(Object(Illuminate/Http/Request), Object(Closure))
#14 C:/Users/Jessa/Downloads/pairfect-paws-web (2)/pairfect-paws-web/app/Http/Middleware/SecurityHeaders.php(19): Illuminate/Pipeline/Pipeline->Illuminate/Pipeline/{closure}(Object(Illuminate/Http/Request))
#15 C:/Users/Jessa/Downloads/pairfect-paws-web (2)/pairfect-paws-web/vendor/laravel/framework/src/Illuminate/Pipeline/Pipeline.php(219): App/Http/Middleware/SecurityHeaders->handle(Object(Illuminate/Http/Request), Object(Closure))
#16 C:/Users/Jessa/Downloads/pairfect-paws-web (2)/pairfect-paws-web/vendor/laravel/framework/src/Illuminate/Routing/Middleware/SubstituteBindings.php(50): Illuminate/Pipeline/Pipeline->Illuminate/Pipeline/{closure}(Object(Illuminate/Http/Request))
#17 C:/Users/Jessa/Downloads/pairfect-paws-web (2)/pairfect-paws-web/vendor/laravel/framework/src/Illuminate/Pipeline/Pipeline.php(219): Illuminate/Routing/Middleware/SubstituteBindings->handle(Object(Illuminate/Http/Request), Object(Closure))
#18 C:/Users/Jessa/Downloads/pairfect-paws-web (2)/pairfect-paws-web/vendor/laravel/framework/src/Illuminate/Auth/Middleware/Authenticate.php(63): Illuminate/Pipeline/Pipeline->Illuminate/Pipeline/{closure}(Object(Illuminate/Http/Request))
#19 C:/Users/Jessa/Downloads/pairfect-paws-web (2)/pairfect-paws-web/vendor/laravel/framework/src/Illuminate/Pipeline/Pipeline.php(219): Illuminate/Auth/Middleware/Authenticate->handle(Object(Illuminate/Http/Request), Object(Closure))
#20 C:/Users/Jessa/Downloads/pairfect-paws-web (2)/pairfect-paws-web/vendor/laravel/framework/src/Illuminate/Foundation/Http/Middleware/VerifyCsrfToken.php(87): Illuminate/Pipeline/Pipeline->Illuminate/Pipeline/{closure}(Object(Illuminate/Http/Request))
#21 C:/Users/Jessa/Downloads/pairfect-paws-web (2)/pairfect-paws-web/vendor/laravel/framework/src/Illuminate/Pipeline/Pipeline.php(219): Illuminate/Foundation/Http/Middleware/VerifyCsrfToken->handle(Object(Illuminate/Http/Request), Object(Closure))
#22 C:/Users/Jessa/Downloads/pairfect-paws-web (2)/pairfect-paws-web/vendor/laravel/framework/src/Illuminate/View/Middleware/ShareErrorsFromSession.php(48): Illuminate/Pipeline/Pipeline->Illuminate/Pipeline/{closure}(Object(Illuminate/Http/Request))
#23 C:/Users/Jessa/Downloads/pairfect-paws-web (2)/pairfect-paws-web/vendor/laravel/framework/src/Illuminate/Pipeline/Pipeline.php(219): Illuminate/View/Middleware/ShareErrorsFromSession->handle(Object(Illuminate/Http/Request), Object(Closure))
#24 C:/Users/Jessa/Downloads/pairfect-paws-web (2)/pairfect-paws-web/vendor/laravel/framework/src/Illuminate/Session/Middleware/StartSession.php(120): Illuminate/Pipeline/Pipeline->Illuminate/Pipeline/{closure}(Object(Illuminate/Http/Request))
#25 C:/Users/Jessa/Downloads/pairfect-paws-web (2)/pairfect-paws-web/vendor/laravel/framework/src/Illuminate/Session/Middleware/StartSession.php(63): Illuminate/Session/Middleware/StartSession->handleStatefulRequest(Object(Illuminate/Http/Request), Object(Illuminate/Session/EncryptedStore), Object(Closure))
#26 C:/Users/Jessa/Downloads/pairfect-paws-web (2)/pairfect-paws-web/vendor/laravel/framework/src/Illuminate/Pipeline/Pipeline.php(219): Illuminate/Session/Middleware/StartSession->handle(Object(Illuminate/Http/Request), Object(Closure))
#27 C:/Users/Jessa/Downloads/pairfect-paws-web (2)/pairfect-paws-web/vendor/laravel/framework/src/Illuminate/Cookie/Middleware/AddQueuedCookiesToResponse.php(36): Illuminate/Pipeline/Pipeline->Illuminate/Pipeline/{closure}(Object(Illuminate/Http/Request))
#28 C:/Users/Jessa/Downloads/pairfect-paws-web (2)/pairfect-paws-web/vendor/laravel/framework/src/Illuminate/Pipeline/Pipeline.php(219): Illuminate/Cookie/Middleware/AddQueuedCookiesToResponse->handle(Object(Illuminate/Http/Request), Object(Closure))
#29 C:/Users/Jessa/Downloads/pairfect-paws-web (2)/pairfect-paws-web/vendor/laravel/framework/src/Illuminate/Cookie/Middleware/EncryptCookies.php(74): Illuminate/Pipeline/Pipeline->Illuminate/Pipeline/{closure}(Object(Illuminate/Http/Request))
#30 C:/Users/Jessa/Downloads/pairfect-paws-web (2)/pairfect-paws-web/vendor/laravel/framework/src/Illuminate/Pipeline/Pipeline.php(219): Illuminate/Cookie/Middleware/EncryptCookies->handle(Object(Illuminate/Http/Request), Object(Closure))
#31 C:/Users/Jessa/Downloads/pairfect-paws-web (2)/pairfect-paws-web/vendor/laravel/framework/src/Illuminate/Pipeline/Pipeline.php(137): Illuminate/Pipeline/Pipeline->Illuminate/Pipeline/{closure}(Object(Illuminate/Http/Request))
#32 C:/Users/Jessa/Downloads/pairfect-paws-web (2)/pairfect-paws-web/vendor/laravel/framework/src/Illuminate/Routing/Router.php(821): Illuminate/Pipeline/Pipeline->then(Object(Closure))
#33 C:/Users/Jessa/Downloads/pairfect-paws-web (2)/pairfect-paws-web/vendor/laravel/framework/src/Illuminate/Routing/Router.php(800): Illuminate/Routing/Router->runRouteWithinStack(Object(Illuminate/Routing/Route), Object(Illuminate/Http/Request))
#34 C:/Users/Jessa/Downloads/pairfect-paws-web (2)/pairfect-paws-web/vendor/laravel/framework/src/Illuminate/Routing/Router.php(764): Illuminate/Routing/Router->runRoute(Object(Illuminate/Http/Request), Object(Illuminate/Routing/Route))
#35 C:/Users/Jessa/Downloads/pairfect-paws-web (2)/pairfect-paws-web/vendor/laravel/framework/src/Illuminate/Routing/Router.php(753): Illuminate/Routing/Router->dispatchToRoute(Object(Illuminate/Http/Request))
#36 C:/Users/Jessa/Downloads/pairfect-paws-web (2)/pairfect-paws-web/vendor/laravel/framework/src/Illuminate/Foundation/Http/Kernel.php(200): Illuminate/Routing/Router->dispatch(Object(Illuminate/Http/Request))
#37 C:/Users/Jessa/Downloads/pairfect-paws-web (2)/pairfect-paws-web/vendor/laravel/framework/src/Illuminate/Pipeline/Pipeline.php(180): Illuminate/Foundation/Http/Kernel->Illuminate/Foundation/Http/{closure}(Object(Illuminate/Http/Request))
#38 C:/Users/Jessa/Downloads/pairfect-paws-web (2)/pairfect-paws-web/vendor/laravel/framework/src/Illuminate/Foundation/Http/Middleware/TransformsRequest.php(21): Illuminate/Pipeline/Pipeline->Illuminate/Pipeline/{closure}(Object(Illuminate/Http/Request))
#39 C:/Users/Jessa/Downloads/pairfect-paws-web (2)/pairfect-paws-web/vendor/laravel/framework/src/Illuminate/Foundation/Http/Middleware/ConvertEmptyStringsToNull.php(31): Illuminate/Foundation/Http/Middleware/TransformsRequest->handle(Object(Illuminate/Http/Request), Object(Closure))
#40 C:/Users/Jessa/Downloads/pairfect-paws-web (2)/pairfect-paws-web/vendor/laravel/framework/src/Illuminate/Pipeline/Pipeline.php(219): Illuminate/Foundation/Http/Middleware/ConvertEmptyStringsToNull->handle(Object(Illuminate/Http/Request), Object(Closure))
#41 C:/Users/Jessa/Downloads/pairfect-paws-web (2)/pairfect-paws-web/vendor/laravel/framework/src/Illuminate/Foundation/Http/Middleware/TransformsRequest.php(21): Illuminate/Pipeline/Pipeline->Illuminate/Pipeline/{closure}(Object(Illuminate/Http/Request))
#42 C:/Users/Jessa/Downloads/pairfect-paws-web (2)/pairfect-paws-web/vendor/laravel/framework/src/Illuminate/Foundation/Http/Middleware/TrimStrings.php(51): Illuminate/Foundation/Http/Middleware/TransformsRequest->handle(Object(Illuminate/Http/Request), Object(Closure))
#43 C:/Users/Jessa/Downloads/pairfect-paws-web (2)/pairfect-paws-web/vendor/laravel/framework/src/Illuminate/Pipeline/Pipeline.php(219): Illuminate/Foundation/Http/Middleware/TrimStrings->handle(Object(Illuminate/Http/Request), Object(Closure))
#44 C:/Users/Jessa/Downloads/pairfect-paws-web (2)/pairfect-paws-web/vendor/laravel/framework/src/Illuminate/Http/Middleware/ValidatePostSize.php(27): Illuminate/Pipeline/Pipeline->Illuminate/Pipeline/{closure}(Object(Illuminate/Http/Request))
#45 C:/Users/Jessa/Downloads/pairfect-paws-web (2)/pairfect-paws-web/vendor/laravel/framework/src/Illuminate/Pipeline/Pipeline.php(219): Illuminate/Http/Middleware/ValidatePostSize->handle(Object(Illuminate/Http/Request), Object(Closure))
#46 C:/Users/Jessa/Downloads/pairfect-paws-web (2)/pairfect-paws-web/vendor/laravel/framework/src/Illuminate/Foundation/Http/Middleware/PreventRequestsDuringMaintenance.php(109): Illuminate/Pipeline/Pipeline->Illuminate/Pipeline/{closure}(Object(Illuminate/Http/Request))
#47 C:/Users/Jessa/Downloads/pairfect-paws-web (2)/pairfect-paws-web/vendor/laravel/framework/src/Illuminate/Pipeline/Pipeline.php(219): Illuminate/Foundation/Http/Middleware/PreventRequestsDuringMaintenance->handle(Object(Illuminate/Http/Request), Object(Closure))
#48 C:/Users/Jessa/Downloads/pairfect-paws-web (2)/pairfect-paws-web/vendor/laravel/framework/src/Illuminate/Http/Middleware/HandleCors.php(61): Illuminate/Pipeline/Pipeline->Illuminate/Pipeline/{closure}(Object(Illuminate/Http/Request))
#49 C:/Users/Jessa/Downloads/pairfect-paws-web (2)/pairfect-paws-web/vendor/laravel/framework/src/Illuminate/Pipeline/Pipeline.php(219): Illuminate/Http/Middleware/HandleCors->handle(Object(Illuminate/Http/Request), Object(Closure))
#50 C:/Users/Jessa/Downloads/pairfect-paws-web (2)/pairfect-paws-web/vendor/laravel/framework/src/Illuminate/Http/Middleware/TrustProxies.php(58): Illuminate/Pipeline/Pipeline->Illuminate/Pipeline/{closure}(Object(Illuminate/Http/Request))
#51 C:/Users/Jessa/Downloads/pairfect-paws-web (2)/pairfect-paws-web/vendor/laravel/framework/src/Illuminate/Pipeline/Pipeline.php(219): Illuminate/Http/Middleware/TrustProxies->handle(Object(Illuminate/Http/Request), Object(Closure))
#52 C:/Users/Jessa/Downloads/pairfect-paws-web (2)/pairfect-paws-web/vendor/laravel/framework/src/Illuminate/Foundation/Http/Middleware/InvokeDeferredCallbacks.php(22): Illuminate/Pipeline/Pipeline->Illuminate/Pipeline/{closure}(Object(Illuminate/Http/Request))
#53 C:/Users/Jessa/Downloads/pairfect-paws-web (2)/pairfect-paws-web/vendor/laravel/framework/src/Illuminate/Pipeline/Pipeline.php(219): Illuminate/Foundation/Http/Middleware/InvokeDeferredCallbacks->handle(Object(Illuminate/Http/Request), Object(Closure))
#54 C:/Users/Jessa/Downloads/pairfect-paws-web (2)/pairfect-paws-web/vendor/laravel/framework/src/Illuminate/Http/Middleware/ValidatePathEncoding.php(26): Illuminate/Pipeline/Pipeline->Illuminate/Pipeline/{closure}(Object(Illuminate/Http/Request))
#55 C:/Users/Jessa/Downloads/pairfect-paws-web (2)/pairfect-paws-web/vendor/laravel/framework/src/Illuminate/Pipeline/Pipeline.php(219): Illuminate/Http/Middleware/ValidatePathEncoding->handle(Object(Illuminate/Http/Request), Object(Closure))
#56 C:/Users/Jessa/Downloads/pairfect-paws-web (2)/pairfect-paws-web/vendor/laravel/framework/src/Illuminate/Pipeline/Pipeline.php(137): Illuminate/Pipeline/Pipeline->Illuminate/Pipeline/{closure}(Object(Illuminate/Http/Request))
#57 C:/Users/Jessa/Downloads/pairfect-paws-web (2)/pairfect-paws-web/vendor/laravel/framework/src/Illuminate/Foundation/Http/Kernel.php(175): Illuminate/Pipeline/Pipeline->then(Object(Closure))
#58 C:/Users/Jessa/Downloads/pairfect-paws-web (2)/pairfect-paws-web/vendor/laravel/framework/src/Illuminate/Foundation/Http/Kernel.php(144): Illuminate/Foundation/Http/Kernel->sendRequestThroughRouter(Object(Illuminate/Http/Request))
#59 C:/Users/Jessa/Downloads/pairfect-paws-web (2)/pairfect-paws-web/vendor/laravel/framework/src/Illuminate/Foundation/Application.php(1220): Illuminate/Foundation/Http/Kernel->handle(Object(Illuminate/Http/Request))
#60 C:/Users/Jessa/Downloads/pairfect-paws-web (2)/pairfect-paws-web/public/index.php(18): Illuminate/Foundation/Application->handleRequest(Object(Illuminate/Http/Request))
#61 C:/Users/Jessa/Downloads/pairfect-paws-web (2)/pairfect-paws-web/vendor/laravel/framework/src/Illuminate/Foundation/resources/server.php(23): require_once('C://Users//Jessa//...')
#62 {main}
"} 
[2026-08-05 01:08:22] local.ERROR: syntax error, unexpected token "endif" (View: C:\Users\Jessa\Downloads\pairfect-paws-web (2)\pairfect-paws-web\resources\views\admin\dashboard\index.blade.php) {"userId":2,"exception":"[object] (Illuminate\\View\\ViewException(code: 0): syntax error, unexpected token \"endif\" (View: C:\\Users\\Jessa\\Downloads\\pairfect-paws-web (2)\\pairfect-paws-web\\resources\\views\\admin\\dashboard\\index.blade.php) at C:/Users/Jessa/Downloads/pairfect-paws-web (2)/pairfect-paws-web/storage/framework/views/a7462be9d831fa4b00fda4f1ef3205e1.php:89)
[stacktrace]
#0 C:/Users/Jessa/Downloads/pairfect-paws-web (2)/pairfect-paws-web/vendor/laravel/framework/src/Illuminate/View/Engines/PhpEngine.php(59): Illuminate/View/Engines/CompilerEngine->handleViewException(Object(ParseError), 1)
#1 C:/Users/Jessa/Downloads/pairfect-paws-web (2)/pairfect-paws-web/vendor/laravel/framework/src/Illuminate/View/Engines/CompilerEngine.php(76): Illuminate/View/Engines/PhpEngine->evaluatePath('C://Users//Jessa//...', Array)
#2 C:/Users/Jessa/Downloads/pairfect-paws-web (2)/pairfect-paws-web/vendor/laravel/framework/src/Illuminate/View/View.php(208): Illuminate/View/Engines/CompilerEngine->get('C://Users//Jessa//...', Array)
#3 C:/Users/Jessa/Downloads/pairfect-paws-web (2)/pairfect-paws-web/vendor/laravel/framework/src/Illuminate/View/View.php(191): Illuminate/View/View->getContents()
#4 C:/Users/Jessa/Downloads/pairfect-paws-web (2)/pairfect-paws-web/vendor/laravel/framework/src/Illuminate/View/View.php(160): Illuminate/View/View->renderContents()
#5 C:/Users/Jessa/Downloads/pairfect-paws-web (2)/pairfect-paws-web/vendor/laravel/framework/src/Illuminate/Http/Response.php(78): Illuminate/View/View->render()
#6 C:/Users/Jessa/Downloads/pairfect-paws-web (2)/pairfect-paws-web/vendor/laravel/framework/src/Illuminate/Http/Response.php(34): Illuminate/Http/Response->setContent(Object(Illuminate/View/View))
#7 C:/Users/Jessa/Downloads/pairfect-paws-web (2)/pairfect-paws-web/vendor/laravel/framework/src/Illuminate/Routing/Router.php(939): Illuminate/Http/Response->__construct(Object(Illuminate/View/View), 200, Array)
#8 C:/Users/Jessa/Downloads/pairfect-paws-web (2)/pairfect-paws-web/vendor/laravel/framework/src/Illuminate/Routing/Router.php(906): Illuminate/Routing/Router::toResponse(Object(Illuminate/Http/Request), Object(Illuminate/View/View))
#9 C:/Users/Jessa/Downloads/pairfect-paws-web (2)/pairfect-paws-web/vendor/laravel/framework/src/Illuminate/Routing/Router.php(821): Illuminate/Routing/Router->prepareResponse(Object(Illuminate/Http/Request), Object(Illuminate/View/View))
#10 C:/Users/Jessa/Downloads/pairfect-paws-web (2)/pairfect-paws-web/vendor/laravel/framework/src/Illuminate/Pipeline/Pipeline.php(180): Illuminate/Routing/Router->Illuminate/Routing/{closure}(Object(Illuminate/Http/Request))
#11 C:/Users/Jessa/Downloads/pairfect-paws-web (2)/pairfect-paws-web/app/Http/Middleware/EnsureUserIsStaff.php(32): Illuminate/Pipeline/Pipeline->Illuminate/Pipeline/{closure}(Object(Illuminate/Http/Request))
#12 C:/Users/Jessa/Downloads/pairfect-paws-web (2)/pairfect-paws-web/vendor/laravel/framework/src/Illuminate/Pipeline/Pipeline.php(219): App/Http/Middleware/EnsureUserIsStaff->handle(Object(Illuminate/Http/Request), Object(Closure))
#13 C:/Users/Jessa/Downloads/pairfect-paws-web (2)/pairfect-paws-web/app/Http/Middleware/SecurityHeaders.php(19): Illuminate/Pipeline/Pipeline->Illuminate/Pipeline/{closure}(Object(Illuminate/Http/Request))
#14 C:/Users/Jessa/Downloads/pairfect-paws-web (2)/pairfect-paws-web/vendor/laravel/framework/src/Illuminate/Pipeline/Pipeline.php(219): App/Http/Middleware/SecurityHeaders->handle(Object(Illuminate/Http/Request), Object(Closure))
#15 C:/Users/Jessa/Downloads/pairfect-paws-web (2)/pairfect-paws-web/vendor/laravel/framework/src/Illuminate/Routing/Middleware/SubstituteBindings.php(50): Illuminate/Pipeline/Pipeline->Illuminate/Pipeline/{closure}(Object(Illuminate/Http/Request))
#16 C:/Users/Jessa/Downloads/pairfect-paws-web (2)/pairfect-paws-web/vendor/laravel/framework/src/Illuminate/Pipeline/Pipeline.php(219): Illuminate/Routing/Middleware/SubstituteBindings->handle(Object(Illuminate/Http/Request), Object(Closure))
#17 C:/Users/Jessa/Downloads/pairfect-paws-web (2)/pairfect-paws-web/vendor/laravel/framework/src/Illuminate/Auth/Middleware/Authenticate.php(63): Illuminate/Pipeline/Pipeline->Illuminate/Pipeline/{closure}(Object(Illuminate/Http/Request))
#18 C:/Users/Jessa/Downloads/pairfect-paws-web (2)/pairfect-paws-web/vendor/laravel/framework/src/Illuminate/Pipeline/Pipeline.php(219): Illuminate/Auth/Middleware/Authenticate->handle(Object(Illuminate/Http/Request), Object(Closure))
#19 C:/Users/Jessa/Downloads/pairfect-paws-web (2)/pairfect-paws-web/vendor/laravel/framework/src/Illuminate/Foundation/Http/Middleware/VerifyCsrfToken.php(87): Illuminate/Pipeline/Pipeline->Illuminate/Pipeline/{closure}(Object(Illuminate/Http/Request))
#20 C:/Users/Jessa/Downloads/pairfect-paws-web (2)/pairfect-paws-web/vendor/laravel/framework/src/Illuminate/Pipeline/Pipeline.php(219): Illuminate/Foundation/Http/Middleware/VerifyCsrfToken->handle(Object(Illuminate/Http/Request), Object(Closure))
#21 C:/Users/Jessa/Downloads/pairfect-paws-web (2)/pairfect-paws-web/vendor/laravel/framework/src/Illuminate/View/Middleware/ShareErrorsFromSession.php(48): Illuminate/Pipeline/Pipeline->Illuminate/Pipeline/{closure}(Object(Illuminate/Http/Request))
#22 C:/Users/Jessa/Downloads/pairfect-paws-web (2)/pairfect-paws-web/vendor/laravel/framework/src/Illuminate/Pipeline/Pipeline.php(219): Illuminate/View/Middleware/ShareErrorsFromSession->handle(Object(Illuminate/Http/Request), Object(Closure))
#23 C:/Users/Jessa/Downloads/pairfect-paws-web (2)/pairfect-paws-web/vendor/laravel/framework/src/Illuminate/Session/Middleware/StartSession.php(120): Illuminate/Pipeline/Pipeline->Illuminate/Pipeline/{closure}(Object(Illuminate/Http/Request))
#24 C:/Users/Jessa/Downloads/pairfect-paws-web (2)/pairfect-paws-web/vendor/laravel/framework/src/Illuminate/Session/Middleware/StartSession.php(63): Illuminate/Session/Middleware/StartSession->handleStatefulRequest(Object(Illuminate/Http/Request), Object(Illuminate/Session/EncryptedStore), Object(Closure))
#25 C:/Users/Jessa/Downloads/pairfect-paws-web (2)/pairfect-paws-web/vendor/laravel/framework/src/Illuminate/Pipeline/Pipeline.php(219): Illuminate/Session/Middleware/StartSession->handle(Object(Illuminate/Http/Request), Object(Closure))
#26 C:/Users/Jessa/Downloads/pairfect-paws-web (2)/pairfect-paws-web/vendor/laravel/framework/src/Illuminate/Cookie/Middleware/AddQueuedCookiesToResponse.php(36): Illuminate/Pipeline/Pipeline->Illuminate/Pipeline/{closure}(Object(Illuminate/Http/Request))
#27 C:/Users/Jessa/Downloads/pairfect-paws-web (2)/pairfect-paws-web/vendor/laravel/framework/src/Illuminate/Pipeline/Pipeline.php(219): Illuminate/Cookie/Middleware/AddQueuedCookiesToResponse->handle(Object(Illuminate/Http/Request), Object(Closure))
#28 C:/Users/Jessa/Downloads/pairfect-paws-web (2)/pairfect-paws-web/vendor/laravel/framework/src/Illuminate/Cookie/Middleware/EncryptCookies.php(74): Illuminate/Pipeline/Pipeline->Illuminate/Pipeline/{closure}(Object(Illuminate/Http/Request))
#29 C:/Users/Jessa/Downloads/pairfect-paws-web (2)/pairfect-paws-web/vendor/laravel/framework/src/Illuminate/Pipeline/Pipeline.php(219): Illuminate/Cookie/Middleware/EncryptCookies->handle(Object(Illuminate/Http/Request), Object(Closure))
#30 C:/Users/Jessa/Downloads/pairfect-paws-web (2)/pairfect-paws-web/vendor/laravel/framework/src/Illuminate/Pipeline/Pipeline.php(137): Illuminate/Pipeline/Pipeline->Illuminate/Pipeline/{closure}(Object(Illuminate/Http/Request))
#31 C:/Users/Jessa/Downloads/pairfect-paws-web (2)/pairfect-paws-web/vendor/laravel/framework/src/Illuminate/Routing/Router.php(821): Illuminate/Pipeline/Pipeline->then(Object(Closure))
#32 C:/Users/Jessa/Downloads/pairfect-paws-web (2)/pairfect-paws-web/vendor/laravel/framework/src/Illuminate/Routing/Router.php(800): Illuminate/Routing/Router->runRouteWithinStack(Object(Illuminate/Routing/Route), Object(Illuminate/Http/Request))
#33 C:/Users/Jessa/Downloads/pairfect-paws-web (2)/pairfect-paws-web/vendor/laravel/framework/src/Illuminate/Routing/Router.php(764): Illuminate/Routing/Router->runRoute(Object(Illuminate/Http/Request), Object(Illuminate/Routing/Route))
#34 C:/Users/Jessa/Downloads/pairfect-paws-web (2)/pairfect-paws-web/vendor/laravel/framework/src/Illuminate/Routing/Router.php(753): Illuminate/Routing/Router->dispatchToRoute(Object(Illuminate/Http/Request))
#35 C:/Users/Jessa/Downloads/pairfect-paws-web (2)/pairfect-paws-web/vendor/laravel/framework/src/Illuminate/Foundation/Http/Kernel.php(200): Illuminate/Routing/Router->dispatch(Object(Illuminate/Http/Request))
#36 C:/Users/Jessa/Downloads/pairfect-paws-web (2)/pairfect-paws-web/vendor/laravel/framework/src/Illuminate/Pipeline/Pipeline.php(180): Illuminate/Foundation/Http/Kernel->Illuminate/Foundation/Http/{closure}(Object(Illuminate/Http/Request))
#37 C:/Users/Jessa/Downloads/pairfect-paws-web (2)/pairfect-paws-web/vendor/laravel/framework/src/Illuminate/Foundation/Http/Middleware/TransformsRequest.php(21): Illuminate/Pipeline/Pipeline->Illuminate/Pipeline/{closure}(Object(Illuminate/Http/Request))
#38 C:/Users/Jessa/Downloads/pairfect-paws-web (2)/pairfect-paws-web/vendor/laravel/framework/src/Illuminate/Foundation/Http/Middleware/ConvertEmptyStringsToNull.php(31): Illuminate/Foundation/Http/Middleware/TransformsRequest->handle(Object(Illuminate/Http/Request), Object(Closure))
#39 C:/Users/Jessa/Downloads/pairfect-paws-web (2)/pairfect-paws-web/vendor/laravel/framework/src/Illuminate/Pipeline/Pipeline.php(219): Illuminate/Foundation/Http/Middleware/ConvertEmptyStringsToNull->handle(Object(Illuminate/Http/Request), Object(Closure))
#40 C:/Users/Jessa/Downloads/pairfect-paws-web (2)/pairfect-paws-web/vendor/laravel/framework/src/Illuminate/Foundation/Http/Middleware/TransformsRequest.php(21): Illuminate/Pipeline/Pipeline->Illuminate/Pipeline/{closure}(Object(Illuminate/Http/Request))
#41 C:/Users/Jessa/Downloads/pairfect-paws-web (2)/pairfect-paws-web/vendor/laravel/framework/src/Illuminate/Foundation/Http/Middleware/TrimStrings.php(51): Illuminate/Foundation/Http/Middleware/TransformsRequest->handle(Object(Illuminate/Http/Request), Object(Closure))
#42 C:/Users/Jessa/Downloads/pairfect-paws-web (2)/pairfect-paws-web/vendor/laravel/framework/src/Illuminate/Pipeline/Pipeline.php(219): Illuminate/Foundation/Http/Middleware/TrimStrings->handle(Object(Illuminate/Http/Request), Object(Closure))
#43 C:/Users/Jessa/Downloads/pairfect-paws-web (2)/pairfect-paws-web/vendor/laravel/framework/src/Illuminate/Http/Middleware/ValidatePostSize.php(27): Illuminate/Pipeline/Pipeline->Illuminate/Pipeline/{closure}(Object(Illuminate/Http/Request))
#44 C:/Users/Jessa/Downloads/pairfect-paws-web (2)/pairfect-paws-web/vendor/laravel/framework/src/Illuminate/Pipeline/Pipeline.php(219): Illuminate/Http/Middleware/ValidatePostSize->handle(Object(Illuminate/Http/Request), Object(Closure))
#45 C:/Users/Jessa/Downloads/pairfect-paws-web (2)/pairfect-paws-web/vendor/laravel/framework/src/Illuminate/Foundation/Http/Middleware/PreventRequestsDuringMaintenance.php(109): Illuminate/Pipeline/Pipeline->Illuminate/Pipeline/{closure}(Object(Illuminate/Http/Request))
#46 C:/Users/Jessa/Downloads/pairfect-paws-web (2)/pairfect-paws-web/vendor/laravel/framework/src/Illuminate/Pipeline/Pipeline.php(219): Illuminate/Foundation/Http/Middleware/PreventRequestsDuringMaintenance->handle(Object(Illuminate/Http/Request), Object(Closure))
#47 C:/Users/Jessa/Downloads/pairfect-paws-web (2)/pairfect-paws-web/vendor/laravel/framework/src/Illuminate/Http/Middleware/HandleCors.php(61): Illuminate/Pipeline/Pipeline->Illuminate/Pipeline/{closure}(Object(Illuminate/Http/Request))
#48 C:/Users/Jessa/Downloads/pairfect-paws-web (2)/pairfect-paws-web/vendor/laravel/framework/src/Illuminate/Pipeline/Pipeline.php(219): Illuminate/Http/Middleware/HandleCors->handle(Object(Illuminate/Http/Request), Object(Closure))
#49 C:/Users/Jessa/Downloads/pairfect-paws-web (2)/pairfect-paws-web/vendor/laravel/framework/src/Illuminate/Http/Middleware/TrustProxies.php(58): Illuminate/Pipeline/Pipeline->Illuminate/Pipeline/{closure}(Object(Illuminate/Http/Request))
#50 C:/Users/Jessa/Downloads/pairfect-paws-web (2)/pairfect-paws-web/vendor/laravel/framework/src/Illuminate/Pipeline/Pipeline.php(219): Illuminate/Http/Middleware/TrustProxies->handle(Object(Illuminate/Http/Request), Object(Closure))
#51 C:/Users/Jessa/Downloads/pairfect-paws-web (2)/pairfect-paws-web/vendor/laravel/framework/src/Illuminate/Foundation/Http/Middleware/InvokeDeferredCallbacks.php(22): Illuminate/Pipeline/Pipeline->Illuminate/Pipeline/{closure}(Object(Illuminate/Http/Request))
#52 C:/Users/Jessa/Downloads/pairfect-paws-web (2)/pairfect-paws-web/vendor/laravel/framework/src/Illuminate/Pipeline/Pipeline.php(219): Illuminate/Foundation/Http/Middleware/InvokeDeferredCallbacks->handle(Object(Illuminate/Http/Request), Object(Closure))
#53 C:/Users/Jessa/Downloads/pairfect-paws-web (2)/pairfect-paws-web/vendor/laravel/framework/src/Illuminate/Http/Middleware/ValidatePathEncoding.php(26): Illuminate/Pipeline/Pipeline->Illuminate/Pipeline/{closure}(Object(Illuminate/Http/Request))
#54 C:/Users/Jessa/Downloads/pairfect-paws-web (2)/pairfect-paws-web/vendor/laravel/framework/src/Illuminate/Pipeline/Pipeline.php(219): Illuminate/Http/Middleware/ValidatePathEncoding->handle(Object(Illuminate/Http/Request), Object(Closure))
#55 C:/Users/Jessa/Downloads/pairfect-paws-web (2)/pairfect-paws-web/vendor/laravel/framework/src/Illuminate/Pipeline/Pipeline.php(137): Illuminate/Pipeline/Pipeline->Illuminate/Pipeline/{closure}(Object(Illuminate/Http/Request))
#56 C:/Users/Jessa/Downloads/pairfect-paws-web (2)/pairfect-paws-web/vendor/laravel/framework/src/Illuminate/Foundation/Http/Kernel.php(175): Illuminate/Pipeline/Pipeline->then(Object(Closure))
#57 C:/Users/Jessa/Downloads/pairfect-paws-web (2)/pairfect-paws-web/vendor/laravel/framework/src/Illuminate/Foundation/Http/Kernel.php(144): Illuminate/Foundation/Http/Kernel->sendRequestThroughRouter(Object(Illuminate/Http/Request))
#58 C:/Users/Jessa/Downloads/pairfect-paws-web (2)/pairfect-paws-web/vendor/laravel/framework/src/Illuminate/Foundation/Application.php(1220): Illuminate/Foundation/Http/Kernel->handle(Object(Illuminate/Http/Request))
#59 C:/Users/Jessa/Downloads/pairfect-paws-web (2)/pairfect-paws-web/public/index.php(18): Illuminate/Foundation/Application->handleRequest(Object(Illuminate/Http/Request))
#60 C:/Users/Jessa/Downloads/pairfect-paws-web (2)/pairfect-paws-web/vendor/laravel/framework/src/Illuminate/Foundation/resources/server.php(23): require_once('C://Users//Jessa//...')
#61 {main}

[previous exception] [object] (ParseError(code: 0): syntax error, unexpected token \"endif\" at C:/Users/Jessa/Downloads/pairfect-paws-web (2)/pairfect-paws-web/storage/framework/views/a7462be9d831fa4b00fda4f1ef3205e1.php:89)
[stacktrace]
#0 C:/Users/Jessa/Downloads/pairfect-paws-web (2)/pairfect-paws-web/vendor/laravel/framework/src/Illuminate/Filesystem/Filesystem.php(124): Illuminate/Filesystem/Filesystem::Illuminate/Filesystem/{closure}()
#1 C:/Users/Jessa/Downloads/pairfect-paws-web (2)/pairfect-paws-web/vendor/laravel/framework/src/Illuminate/View/Engines/PhpEngine.php(57): Illuminate/Filesystem/Filesystem->getRequire('C://Users//Jessa//...', Array)
#2 C:/Users/Jessa/Downloads/pairfect-paws-web (2)/pairfect-paws-web/vendor/laravel/framework/src/Illuminate/View/Engines/CompilerEngine.php(76): Illuminate/View/Engines/PhpEngine->evaluatePath('C://Users//Jessa//...', Array)
#3 C:/Users/Jessa/Downloads/pairfect-paws-web (2)/pairfect-paws-web/vendor/laravel/framework/src/Illuminate/View/View.php(208): Illuminate/View/Engines/CompilerEngine->get('C://Users//Jessa//...', Array)
#4 C:/Users/Jessa/Downloads/pairfect-paws-web (2)/pairfect-paws-web/vendor/laravel/framework/src/Illuminate/View/View.php(191): Illuminate/View/View->getContents()
#5 C:/Users/Jessa/Downloads/pairfect-paws-web (2)/pairfect-paws-web/vendor/laravel/framework/src/Illuminate/View/View.php(160): Illuminate/View/View->renderContents()
#6 C:/Users/Jessa/Downloads/pairfect-paws-web (2)/pairfect-paws-web/vendor/laravel/framework/src/Illuminate/Http/Response.php(78): Illuminate/View/View->render()
#7 C:/Users/Jessa/Downloads/pairfect-paws-web (2)/pairfect-paws-web/vendor/laravel/framework/src/Illuminate/Http/Response.php(34): Illuminate/Http/Response->setContent(Object(Illuminate/View/View))
#8 C:/Users/Jessa/Downloads/pairfect-paws-web (2)/pairfect-paws-web/vendor/laravel/framework/src/Illuminate/Routing/Router.php(939): Illuminate/Http/Response->__construct(Object(Illuminate/View/View), 200, Array)
#9 C:/Users/Jessa/Downloads/pairfect-paws-web (2)/pairfect-paws-web/vendor/laravel/framework/src/Illuminate/Routing/Router.php(906): Illuminate/Routing/Router::toResponse(Object(Illuminate/Http/Request), Object(Illuminate/View/View))
#10 C:/Users/Jessa/Downloads/pairfect-paws-web (2)/pairfect-paws-web/vendor/laravel/framework/src/Illuminate/Routing/Router.php(821): Illuminate/Routing/Router->prepareResponse(Object(Illuminate/Http/Request), Object(Illuminate/View/View))
#11 C:/Users/Jessa/Downloads/pairfect-paws-web (2)/pairfect-paws-web/vendor/laravel/framework/src/Illuminate/Pipeline/Pipeline.php(180): Illuminate/Routing/Router->Illuminate/Routing/{closure}(Object(Illuminate/Http/Request))
#12 C:/Users/Jessa/Downloads/pairfect-paws-web (2)/pairfect-paws-web/app/Http/Middleware/EnsureUserIsStaff.php(32): Illuminate/Pipeline/Pipeline->Illuminate/Pipeline/{closure}(Object(Illuminate/Http/Request))
#13 C:/Users/Jessa/Downloads/pairfect-paws-web (2)/pairfect-paws-web/vendor/laravel/framework/src/Illuminate/Pipeline/Pipeline.php(219): App/Http/Middleware/EnsureUserIsStaff->handle(Object(Illuminate/Http/Request), Object(Closure))
#14 C:/Users/Jessa/Downloads/pairfect-paws-web (2)/pairfect-paws-web/app/Http/Middleware/SecurityHeaders.php(19): Illuminate/Pipeline/Pipeline->Illuminate/Pipeline/{closure}(Object(Illuminate/Http/Request))
#15 C:/Users/Jessa/Downloads/pairfect-paws-web (2)/pairfect-paws-web/vendor/laravel/framework/src/Illuminate/Pipeline/Pipeline.php(219): App/Http/Middleware/SecurityHeaders->handle(Object(Illuminate/Http/Request), Object(Closure))
#16 C:/Users/Jessa/Downloads/pairfect-paws-web (2)/pairfect-paws-web/vendor/laravel/framework/src/Illuminate/Routing/Middleware/SubstituteBindings.php(50): Illuminate/Pipeline/Pipeline->Illuminate/Pipeline/{closure}(Object(Illuminate/Http/Request))
#17 C:/Users/Jessa/Downloads/pairfect-paws-web (2)/pairfect-paws-web/vendor/laravel/framework/src/Illuminate/Pipeline/Pipeline.php(219): Illuminate/Routing/Middleware/SubstituteBindings->handle(Object(Illuminate/Http/Request), Object(Closure))
#18 C:/Users/Jessa/Downloads/pairfect-paws-web (2)/pairfect-paws-web/vendor/laravel/framework/src/Illuminate/Auth/Middleware/Authenticate.php(63): Illuminate/Pipeline/Pipeline->Illuminate/Pipeline/{closure}(Object(Illuminate/Http/Request))
#19 C:/Users/Jessa/Downloads/pairfect-paws-web (2)/pairfect-paws-web/vendor/laravel/framework/src/Illuminate/Pipeline/Pipeline.php(219): Illuminate/Auth/Middleware/Authenticate->handle(Object(Illuminate/Http/Request), Object(Closure))
#20 C:/Users/Jessa/Downloads/pairfect-paws-web (2)/pairfect-paws-web/vendor/laravel/framework/src/Illuminate/Foundation/Http/Middleware/VerifyCsrfToken.php(87): Illuminate/Pipeline/Pipeline->Illuminate/Pipeline/{closure}(Object(Illuminate/Http/Request))
#21 C:/Users/Jessa/Downloads/pairfect-paws-web (2)/pairfect-paws-web/vendor/laravel/framework/src/Illuminate/Pipeline/Pipeline.php(219): Illuminate/Foundation/Http/Middleware/VerifyCsrfToken->handle(Object(Illuminate/Http/Request), Object(Closure))
#22 C:/Users/Jessa/Downloads/pairfect-paws-web (2)/pairfect-paws-web/vendor/laravel/framework/src/Illuminate/View/Middleware/ShareErrorsFromSession.php(48): Illuminate/Pipeline/Pipeline->Illuminate/Pipeline/{closure}(Object(Illuminate/Http/Request))
#23 C:/Users/Jessa/Downloads/pairfect-paws-web (2)/pairfect-paws-web/vendor/laravel/framework/src/Illuminate/Pipeline/Pipeline.php(219): Illuminate/View/Middleware/ShareErrorsFromSession->handle(Object(Illuminate/Http/Request), Object(Closure))
#24 C:/Users/Jessa/Downloads/pairfect-paws-web (2)/pairfect-paws-web/vendor/laravel/framework/src/Illuminate/Session/Middleware/StartSession.php(120): Illuminate/Pipeline/Pipeline->Illuminate/Pipeline/{closure}(Object(Illuminate/Http/Request))
#25 C:/Users/Jessa/Downloads/pairfect-paws-web (2)/pairfect-paws-web/vendor/laravel/framework/src/Illuminate/Session/Middleware/StartSession.php(63): Illuminate/Session/Middleware/StartSession->handleStatefulRequest(Object(Illuminate/Http/Request), Object(Illuminate/Session/EncryptedStore), Object(Closure))
#26 C:/Users/Jessa/Downloads/pairfect-paws-web (2)/pairfect-paws-web/vendor/laravel/framework/src/Illuminate/Pipeline/Pipeline.php(219): Illuminate/Session/Middleware/StartSession->handle(Object(Illuminate/Http/Request), Object(Closure))
#27 C:/Users/Jessa/Downloads/pairfect-paws-web (2)/pairfect-paws-web/vendor/laravel/framework/src/Illuminate/Cookie/Middleware/AddQueuedCookiesToResponse.php(36): Illuminate/Pipeline/Pipeline->Illuminate/Pipeline/{closure}(Object(Illuminate/Http/Request))
#28 C:/Users/Jessa/Downloads/pairfect-paws-web (2)/pairfect-paws-web/vendor/laravel/framework/src/Illuminate/Pipeline/Pipeline.php(219): Illuminate/Cookie/Middleware/AddQueuedCookiesToResponse->handle(Object(Illuminate/Http/Request), Object(Closure))
#29 C:/Users/Jessa/Downloads/pairfect-paws-web (2)/pairfect-paws-web/vendor/laravel/framework/src/Illuminate/Cookie/Middleware/EncryptCookies.php(74): Illuminate/Pipeline/Pipeline->Illuminate/Pipeline/{closure}(Object(Illuminate/Http/Request))
#30 C:/Users/Jessa/Downloads/pairfect-paws-web (2)/pairfect-paws-web/vendor/laravel/framework/src/Illuminate/Pipeline/Pipeline.php(219): Illuminate/Cookie/Middleware/EncryptCookies->handle(Object(Illuminate/Http/Request), Object(Closure))
#31 C:/Users/Jessa/Downloads/pairfect-paws-web (2)/pairfect-paws-web/vendor/laravel/framework/src/Illuminate/Pipeline/Pipeline.php(137): Illuminate/Pipeline/Pipeline->Illuminate/Pipeline/{closure}(Object(Illuminate/Http/Request))
#32 C:/Users/Jessa/Downloads/pairfect-paws-web (2)/pairfect-paws-web/vendor/laravel/framework/src/Illuminate/Routing/Router.php(821): Illuminate/Pipeline/Pipeline->then(Object(Closure))
#33 C:/Users/Jessa/Downloads/pairfect-paws-web (2)/pairfect-paws-web/vendor/laravel/framework/src/Illuminate/Routing/Router.php(800): Illuminate/Routing/Router->runRouteWithinStack(Object(Illuminate/Routing/Route), Object(Illuminate/Http/Request))
#34 C:/Users/Jessa/Downloads/pairfect-paws-web (2)/pairfect-paws-web/vendor/laravel/framework/src/Illuminate/Routing/Router.php(764): Illuminate/Routing/Router->runRoute(Object(Illuminate/Http/Request), Object(Illuminate/Routing/Route))
#35 C:/Users/Jessa/Downloads/pairfect-paws-web (2)/pairfect-paws-web/vendor/laravel/framework/src/Illuminate/Routing/Router.php(753): Illuminate/Routing/Router->dispatchToRoute(Object(Illuminate/Http/Request))
#36 C:/Users/Jessa/Downloads/pairfect-paws-web (2)/pairfect-paws-web/vendor/laravel/framework/src/Illuminate/Foundation/Http/Kernel.php(200): Illuminate/Routing/Router->dispatch(Object(Illuminate/Http/Request))
#37 C:/Users/Jessa/Downloads/pairfect-paws-web (2)/pairfect-paws-web/vendor/laravel/framework/src/Illuminate/Pipeline/Pipeline.php(180): Illuminate/Foundation/Http/Kernel->Illuminate/Foundation/Http/{closure}(Object(Illuminate/Http/Request))
#38 C:/Users/Jessa/Downloads/pairfect-paws-web (2)/pairfect-paws-web/vendor/laravel/framework/src/Illuminate/Foundation/Http/Middleware/TransformsRequest.php(21): Illuminate/Pipeline/Pipeline->Illuminate/Pipeline/{closure}(Object(Illuminate/Http/Request))
#39 C:/Users/Jessa/Downloads/pairfect-paws-web (2)/pairfect-paws-web/vendor/laravel/framework/src/Illuminate/Foundation/Http/Middleware/ConvertEmptyStringsToNull.php(31): Illuminate/Foundation/Http/Middleware/TransformsRequest->handle(Object(Illuminate/Http/Request), Object(Closure))
#40 C:/Users/Jessa/Downloads/pairfect-paws-web (2)/pairfect-paws-web/vendor/laravel/framework/src/Illuminate/Pipeline/Pipeline.php(219): Illuminate/Foundation/Http/Middleware/ConvertEmptyStringsToNull->handle(Object(Illuminate/Http/Request), Object(Closure))
#41 C:/Users/Jessa/Downloads/pairfect-paws-web (2)/pairfect-paws-web/vendor/laravel/framework/src/Illuminate/Foundation/Http/Middleware/TransformsRequest.php(21): Illuminate/Pipeline/Pipeline->Illuminate/Pipeline/{closure}(Object(Illuminate/Http/Request))
#42 C:/Users/Jessa/Downloads/pairfect-paws-web (2)/pairfect-paws-web/vendor/laravel/framework/src/Illuminate/Foundation/Http/Middleware/TrimStrings.php(51): Illuminate/Foundation/Http/Middleware/TransformsRequest->handle(Object(Illuminate/Http/Request), Object(Closure))
#43 C:/Users/Jessa/Downloads/pairfect-paws-web (2)/pairfect-paws-web/vendor/laravel/framework/src/Illuminate/Pipeline/Pipeline.php(219): Illuminate/Foundation/Http/Middleware/TrimStrings->handle(Object(Illuminate/Http/Request), Object(Closure))
#44 C:/Users/Jessa/Downloads/pairfect-paws-web (2)/pairfect-paws-web/vendor/laravel/framework/src/Illuminate/Http/Middleware/ValidatePostSize.php(27): Illuminate/Pipeline/Pipeline->Illuminate/Pipeline/{closure}(Object(Illuminate/Http/Request))
#45 C:/Users/Jessa/Downloads/pairfect-paws-web (2)/pairfect-paws-web/vendor/laravel/framework/src/Illuminate/Pipeline/Pipeline.php(219): Illuminate/Http/Middleware/ValidatePostSize->handle(Object(Illuminate/Http/Request), Object(Closure))
#46 C:/Users/Jessa/Downloads/pairfect-paws-web (2)/pairfect-paws-web/vendor/laravel/framework/src/Illuminate/Foundation/Http/Middleware/PreventRequestsDuringMaintenance.php(109): Illuminate/Pipeline/Pipeline->Illuminate/Pipeline/{closure}(Object(Illuminate/Http/Request))
#47 C:/Users/Jessa/Downloads/pairfect-paws-web (2)/pairfect-paws-web/vendor/laravel/framework/src/Illuminate/Pipeline/Pipeline.php(219): Illuminate/Foundation/Http/Middleware/PreventRequestsDuringMaintenance->handle(Object(Illuminate/Http/Request), Object(Closure))
#48 C:/Users/Jessa/Downloads/pairfect-paws-web (2)/pairfect-paws-web/vendor/laravel/framework/src/Illuminate/Http/Middleware/HandleCors.php(61): Illuminate/Pipeline/Pipeline->Illuminate/Pipeline/{closure}(Object(Illuminate/Http/Request))
#49 C:/Users/Jessa/Downloads/pairfect-paws-web (2)/pairfect-paws-web/vendor/laravel/framework/src/Illuminate/Pipeline/Pipeline.php(219): Illuminate/Http/Middleware/HandleCors->handle(Object(Illuminate/Http/Request), Object(Closure))
#50 C:/Users/Jessa/Downloads/pairfect-paws-web (2)/pairfect-paws-web/vendor/laravel/framework/src/Illuminate/Http/Middleware/TrustProxies.php(58): Illuminate/Pipeline/Pipeline->Illuminate/Pipeline/{closure}(Object(Illuminate/Http/Request))
#51 C:/Users/Jessa/Downloads/pairfect-paws-web (2)/pairfect-paws-web/vendor/laravel/framework/src/Illuminate/Pipeline/Pipeline.php(219): Illuminate/Http/Middleware/TrustProxies->handle(Object(Illuminate/Http/Request), Object(Closure))
#52 C:/Users/Jessa/Downloads/pairfect-paws-web (2)/pairfect-paws-web/vendor/laravel/framework/src/Illuminate/Foundation/Http/Middleware/InvokeDeferredCallbacks.php(22): Illuminate/Pipeline/Pipeline->Illuminate/Pipeline/{closure}(Object(Illuminate/Http/Request))
#53 C:/Users/Jessa/Downloads/pairfect-paws-web (2)/pairfect-paws-web/vendor/laravel/framework/src/Illuminate/Pipeline/Pipeline.php(219): Illuminate/Foundation/Http/Middleware/InvokeDeferredCallbacks->handle(Object(Illuminate/Http/Request), Object(Closure))
#54 C:/Users/Jessa/Downloads/pairfect-paws-web (2)/pairfect-paws-web/vendor/laravel/framework/src/Illuminate/Http/Middleware/ValidatePathEncoding.php(26): Illuminate/Pipeline/Pipeline->Illuminate/Pipeline/{closure}(Object(Illuminate/Http/Request))
#55 C:/Users/Jessa/Downloads/pairfect-paws-web (2)/pairfect-paws-web/vendor/laravel/framework/src/Illuminate/Pipeline/Pipeline.php(219): Illuminate/Http/Middleware/ValidatePathEncoding->handle(Object(Illuminate/Http/Request), Object(Closure))
#56 C:/Users/Jessa/Downloads/pairfect-paws-web (2)/pairfect-paws-web/vendor/laravel/framework/src/Illuminate/Pipeline/Pipeline.php(137): Illuminate/Pipeline/Pipeline->Illuminate/Pipeline/{closure}(Object(Illuminate/Http/Request))
#57 C:/Users/Jessa/Downloads/pairfect-paws-web (2)/pairfect-paws-web/vendor/laravel/framework/src/Illuminate/Foundation/Http/Kernel.php(175): Illuminate/Pipeline/Pipeline->then(Object(Closure))
#58 C:/Users/Jessa/Downloads/pairfect-paws-web (2)/pairfect-paws-web/vendor/laravel/framework/src/Illuminate/Foundation/Http/Kernel.php(144): Illuminate/Foundation/Http/Kernel->sendRequestThroughRouter(Object(Illuminate/Http/Request))
#59 C:/Users/Jessa/Downloads/pairfect-paws-web (2)/pairfect-paws-web/vendor/laravel/framework/src/Illuminate/Foundation/Application.php(1220): Illuminate/Foundation/Http/Kernel->handle(Object(Illuminate/Http/Request))
#60 C:/Users/Jessa/Downloads/pairfect-paws-web (2)/pairfect-paws-web/public/index.php(18): Illuminate/Foundation/Application->handleRequest(Object(Illuminate/Http/Request))
#61 C:/Users/Jessa/Downloads/pairfect-paws-web (2)/pairfect-paws-web/vendor/laravel/framework/src/Illuminate/Foundation/resources/server.php(23): require_once('C://Users//Jessa//...')
#62 {main}
"} 
[2026-08-05 01:10:18] local.ERROR: syntax error, unexpected token "endif" (View: C:\Users\Jessa\Downloads\pairfect-paws-web (2)\pairfect-paws-web\resources\views\admin\dashboard\index.blade.php) {"userId":2,"exception":"[object] (Illuminate\\View\\ViewException(code: 0): syntax error, unexpected token \"endif\" (View: C:\\Users\\Jessa\\Downloads\\pairfect-paws-web (2)\\pairfect-paws-web\\resources\\views\\admin\\dashboard\\index.blade.php) at C:/Users/Jessa/Downloads/pairfect-paws-web (2)/pairfect-paws-web/storage/framework/views/a7462be9d831fa4b00fda4f1ef3205e1.php:89)
[stacktrace]
#0 C:/Users/Jessa/Downloads/pairfect-paws-web (2)/pairfect-paws-web/vendor/laravel/framework/src/Illuminate/View/Engines/PhpEngine.php(59): Illuminate/View/Engines/CompilerEngine->handleViewException(Object(ParseError), 1)
#1 C:/Users/Jessa/Downloads/pairfect-paws-web (2)/pairfect-paws-web/vendor/laravel/framework/src/Illuminate/View/Engines/CompilerEngine.php(76): Illuminate/View/Engines/PhpEngine->evaluatePath('C://Users//Jessa//...', Array)
#2 C:/Users/Jessa/Downloads/pairfect-paws-web (2)/pairfect-paws-web/vendor/laravel/framework/src/Illuminate/View/View.php(208): Illuminate/View/Engines/CompilerEngine->get('C://Users//Jessa//...', Array)
#3 C:/Users/Jessa/Downloads/pairfect-paws-web (2)/pairfect-paws-web/vendor/laravel/framework/src/Illuminate/View/View.php(191): Illuminate/View/View->getContents()
#4 C:/Users/Jessa/Downloads/pairfect-paws-web (2)/pairfect-paws-web/vendor/laravel/framework/src/Illuminate/View/View.php(160): Illuminate/View/View->renderContents()
#5 C:/Users/Jessa/Downloads/pairfect-paws-web (2)/pairfect-paws-web/vendor/laravel/framework/src/Illuminate/Http/Response.php(78): Illuminate/View/View->render()
#6 C:/Users/Jessa/Downloads/pairfect-paws-web (2)/pairfect-paws-web/vendor/laravel/framework/src/Illuminate/Http/Response.php(34): Illuminate/Http/Response->setContent(Object(Illuminate/View/View))
#7 C:/Users/Jessa/Downloads/pairfect-paws-web (2)/pairfect-paws-web/vendor/laravel/framework/src/Illuminate/Routing/Router.php(939): Illuminate/Http/Response->__construct(Object(Illuminate/View/View), 200, Array)
#8 C:/Users/Jessa/Downloads/pairfect-paws-web (2)/pairfect-paws-web/vendor/laravel/framework/src/Illuminate/Routing/Router.php(906): Illuminate/Routing/Router::toResponse(Object(Illuminate/Http/Request), Object(Illuminate/View/View))
#9 C:/Users/Jessa/Downloads/pairfect-paws-web (2)/pairfect-paws-web/vendor/laravel/framework/src/Illuminate/Routing/Router.php(821): Illuminate/Routing/Router->prepareResponse(Object(Illuminate/Http/Request), Object(Illuminate/View/View))
#10 C:/Users/Jessa/Downloads/pairfect-paws-web (2)/pairfect-paws-web/vendor/laravel/framework/src/Illuminate/Pipeline/Pipeline.php(180): Illuminate/Routing/Router->Illuminate/Routing/{closure}(Object(Illuminate/Http/Request))
#11 C:/Users/Jessa/Downloads/pairfect-paws-web (2)/pairfect-paws-web/app/Http/Middleware/EnsureUserIsStaff.php(32): Illuminate/Pipeline/Pipeline->Illuminate/Pipeline/{closure}(Object(Illuminate/Http/Request))
#12 C:/Users/Jessa/Downloads/pairfect-paws-web (2)/pairfect-paws-web/vendor/laravel/framework/src/Illuminate/Pipeline/Pipeline.php(219): App/Http/Middleware/EnsureUserIsStaff->handle(Object(Illuminate/Http/Request), Object(Closure))
#13 C:/Users/Jessa/Downloads/pairfect-paws-web (2)/pairfect-paws-web/app/Http/Middleware/SecurityHeaders.php(19): Illuminate/Pipeline/Pipeline->Illuminate/Pipeline/{closure}(Object(Illuminate/Http/Request))
#14 C:/Users/Jessa/Downloads/pairfect-paws-web (2)/pairfect-paws-web/vendor/laravel/framework/src/Illuminate/Pipeline/Pipeline.php(219): App/Http/Middleware/SecurityHeaders->handle(Object(Illuminate/Http/Request), Object(Closure))
#15 C:/Users/Jessa/Downloads/pairfect-paws-web (2)/pairfect-paws-web/vendor/laravel/framework/src/Illuminate/Routing/Middleware/SubstituteBindings.php(50): Illuminate/Pipeline/Pipeline->Illuminate/Pipeline/{closure}(Object(Illuminate/Http/Request))
#16 C:/Users/Jessa/Downloads/pairfect-paws-web (2)/pairfect-paws-web/vendor/laravel/framework/src/Illuminate/Pipeline/Pipeline.php(219): Illuminate/Routing/Middleware/SubstituteBindings->handle(Object(Illuminate/Http/Request), Object(Closure))
#17 C:/Users/Jessa/Downloads/pairfect-paws-web (2)/pairfect-paws-web/vendor/laravel/framework/src/Illuminate/Auth/Middleware/Authenticate.php(63): Illuminate/Pipeline/Pipeline->Illuminate/Pipeline/{closure}(Object(Illuminate/Http/Request))
#18 C:/Users/Jessa/Downloads/pairfect-paws-web (2)/pairfect-paws-web/vendor/laravel/framework/src/Illuminate/Pipeline/Pipeline.php(219): Illuminate/Auth/Middleware/Authenticate->handle(Object(Illuminate/Http/Request), Object(Closure))
#19 C:/Users/Jessa/Downloads/pairfect-paws-web (2)/pairfect-paws-web/vendor/laravel/framework/src/Illuminate/Foundation/Http/Middleware/VerifyCsrfToken.php(87): Illuminate/Pipeline/Pipeline->Illuminate/Pipeline/{closure}(Object(Illuminate/Http/Request))
#20 C:/Users/Jessa/Downloads/pairfect-paws-web (2)/pairfect-paws-web/vendor/laravel/framework/src/Illuminate/Pipeline/Pipeline.php(219): Illuminate/Foundation/Http/Middleware/VerifyCsrfToken->handle(Object(Illuminate/Http/Request), Object(Closure))
#21 C:/Users/Jessa/Downloads/pairfect-paws-web (2)/pairfect-paws-web/vendor/laravel/framework/src/Illuminate/View/Middleware/ShareErrorsFromSession.php(48): Illuminate/Pipeline/Pipeline->Illuminate/Pipeline/{closure}(Object(Illuminate/Http/Request))
#22 C:/Users/Jessa/Downloads/pairfect-paws-web (2)/pairfect-paws-web/vendor/laravel/framework/src/Illuminate/Pipeline/Pipeline.php(219): Illuminate/View/Middleware/ShareErrorsFromSession->handle(Object(Illuminate/Http/Request), Object(Closure))
#23 C:/Users/Jessa/Downloads/pairfect-paws-web (2)/pairfect-paws-web/vendor/laravel/framework/src/Illuminate/Session/Middleware/StartSession.php(120): Illuminate/Pipeline/Pipeline->Illuminate/Pipeline/{closure}(Object(Illuminate/Http/Request))
#24 C:/Users/Jessa/Downloads/pairfect-paws-web (2)/pairfect-paws-web/vendor/laravel/framework/src/Illuminate/Session/Middleware/StartSession.php(63): Illuminate/Session/Middleware/StartSession->handleStatefulRequest(Object(Illuminate/Http/Request), Object(Illuminate/Session/EncryptedStore), Object(Closure))
#25 C:/Users/Jessa/Downloads/pairfect-paws-web (2)/pairfect-paws-web/vendor/laravel/framework/src/Illuminate/Pipeline/Pipeline.php(219): Illuminate/Session/Middleware/StartSession->handle(Object(Illuminate/Http/Request), Object(Closure))
#26 C:/Users/Jessa/Downloads/pairfect-paws-web (2)/pairfect-paws-web/vendor/laravel/framework/src/Illuminate/Cookie/Middleware/AddQueuedCookiesToResponse.php(36): Illuminate/Pipeline/Pipeline->Illuminate/Pipeline/{closure}(Object(Illuminate/Http/Request))
#27 C:/Users/Jessa/Downloads/pairfect-paws-web (2)/pairfect-paws-web/vendor/laravel/framework/src/Illuminate/Pipeline/Pipeline.php(219): Illuminate/Cookie/Middleware/AddQueuedCookiesToResponse->handle(Object(Illuminate/Http/Request), Object(Closure))
#28 C:/Users/Jessa/Downloads/pairfect-paws-web (2)/pairfect-paws-web/vendor/laravel/framework/src/Illuminate/Cookie/Middleware/EncryptCookies.php(74): Illuminate/Pipeline/Pipeline->Illuminate/Pipeline/{closure}(Object(Illuminate/Http/Request))
#29 C:/Users/Jessa/Downloads/pairfect-paws-web (2)/pairfect-paws-web/vendor/laravel/framework/src/Illuminate/Pipeline/Pipeline.php(219): Illuminate/Cookie/Middleware/EncryptCookies->handle(Object(Illuminate/Http/Request), Object(Closure))
#30 C:/Users/Jessa/Downloads/pairfect-paws-web (2)/pairfect-paws-web/vendor/laravel/framework/src/Illuminate/Pipeline/Pipeline.php(137): Illuminate/Pipeline/Pipeline->Illuminate/Pipeline/{closure}(Object(Illuminate/Http/Request))
#31 C:/Users/Jessa/Downloads/pairfect-paws-web (2)/pairfect-paws-web/vendor/laravel/framework/src/Illuminate/Routing/Router.php(821): Illuminate/Pipeline/Pipeline->then(Object(Closure))
#32 C:/Users/Jessa/Downloads/pairfect-paws-web (2)/pairfect-paws-web/vendor/laravel/framework/src/Illuminate/Routing/Router.php(800): Illuminate/Routing/Router->runRouteWithinStack(Object(Illuminate/Routing/Route), Object(Illuminate/Http/Request))
#33 C:/Users/Jessa/Downloads/pairfect-paws-web (2)/pairfect-paws-web/vendor/laravel/framework/src/Illuminate/Routing/Router.php(764): Illuminate/Routing/Router->runRoute(Object(Illuminate/Http/Request), Object(Illuminate/Routing/Route))
#34 C:/Users/Jessa/Downloads/pairfect-paws-web (2)/pairfect-paws-web/vendor/laravel/framework/src/Illuminate/Routing/Router.php(753): Illuminate/Routing/Router->dispatchToRoute(Object(Illuminate/Http/Request))
#35 C:/Users/Jessa/Downloads/pairfect-paws-web (2)/pairfect-paws-web/vendor/laravel/framework/src/Illuminate/Foundation/Http/Kernel.php(200): Illuminate/Routing/Router->dispatch(Object(Illuminate/Http/Request))
#36 C:/Users/Jessa/Downloads/pairfect-paws-web (2)/pairfect-paws-web/vendor/laravel/framework/src/Illuminate/Pipeline/Pipeline.php(180): Illuminate/Foundation/Http/Kernel->Illuminate/Foundation/Http/{closure}(Object(Illuminate/Http/Request))
#37 C:/Users/Jessa/Downloads/pairfect-paws-web (2)/pairfect-paws-web/vendor/laravel/framework/src/Illuminate/Foundation/Http/Middleware/TransformsRequest.php(21): Illuminate/Pipeline/Pipeline->Illuminate/Pipeline/{closure}(Object(Illuminate/Http/Request))
#38 C:/Users/Jessa/Downloads/pairfect-paws-web (2)/pairfect-paws-web/vendor/laravel/framework/src/Illuminate/Foundation/Http/Middleware/ConvertEmptyStringsToNull.php(31): Illuminate/Foundation/Http/Middleware/TransformsRequest->handle(Object(Illuminate/Http/Request), Object(Closure))
#39 C:/Users/Jessa/Downloads/pairfect-paws-web (2)/pairfect-paws-web/vendor/laravel/framework/src/Illuminate/Pipeline/Pipeline.php(219): Illuminate/Foundation/Http/Middleware/ConvertEmptyStringsToNull->handle(Object(Illuminate/Http/Request), Object(Closure))
#40 C:/Users/Jessa/Downloads/pairfect-paws-web (2)/pairfect-paws-web/vendor/laravel/framework/src/Illuminate/Foundation/Http/Middleware/TransformsRequest.php(21): Illuminate/Pipeline/Pipeline->Illuminate/Pipeline/{closure}(Object(Illuminate/Http/Request))
#41 C:/Users/Jessa/Downloads/pairfect-paws-web (2)/pairfect-paws-web/vendor/laravel/framework/src/Illuminate/Foundation/Http/Middleware/TrimStrings.php(51): Illuminate/Foundation/Http/Middleware/TransformsRequest->handle(Object(Illuminate/Http/Request), Object(Closure))
#42 C:/Users/Jessa/Downloads/pairfect-paws-web (2)/pairfect-paws-web/vendor/laravel/framework/src/Illuminate/Pipeline/Pipeline.php(219): Illuminate/Foundation/Http/Middleware/TrimStrings->handle(Object(Illuminate/Http/Request), Object(Closure))
#43 C:/Users/Jessa/Downloads/pairfect-paws-web (2)/pairfect-paws-web/vendor/laravel/framework/src/Illuminate/Http/Middleware/ValidatePostSize.php(27): Illuminate/Pipeline/Pipeline->Illuminate/Pipeline/{closure}(Object(Illuminate/Http/Request))
#44 C:/Users/Jessa/Downloads/pairfect-paws-web (2)/pairfect-paws-web/vendor/laravel/framework/src/Illuminate/Pipeline/Pipeline.php(219): Illuminate/Http/Middleware/ValidatePostSize->handle(Object(Illuminate/Http/Request), Object(Closure))
#45 C:/Users/Jessa/Downloads/pairfect-paws-web (2)/pairfect-paws-web/vendor/laravel/framework/src/Illuminate/Foundation/Http/Middleware/PreventRequestsDuringMaintenance.php(109): Illuminate/Pipeline/Pipeline->Illuminate/Pipeline/{closure}(Object(Illuminate/Http/Request))
#46 C:/Users/Jessa/Downloads/pairfect-paws-web (2)/pairfect-paws-web/vendor/laravel/framework/src/Illuminate/Pipeline/Pipeline.php(219): Illuminate/Foundation/Http/Middleware/PreventRequestsDuringMaintenance->handle(Object(Illuminate/Http/Request), Object(Closure))
#47 C:/Users/Jessa/Downloads/pairfect-paws-web (2)/pairfect-paws-web/vendor/laravel/framework/src/Illuminate/Http/Middleware/HandleCors.php(61): Illuminate/Pipeline/Pipeline->Illuminate/Pipeline/{closure}(Object(Illuminate/Http/Request))
#48 C:/Users/Jessa/Downloads/pairfect-paws-web (2)/pairfect-paws-web/vendor/laravel/framework/src/Illuminate/Pipeline/Pipeline.php(219): Illuminate/Http/Middleware/HandleCors->handle(Object(Illuminate/Http/Request), Object(Closure))
#49 C:/Users/Jessa/Downloads/pairfect-paws-web (2)/pairfect-paws-web/vendor/laravel/framework/src/Illuminate/Http/Middleware/TrustProxies.php(58): Illuminate/Pipeline/Pipeline->Illuminate/Pipeline/{closure}(Object(Illuminate/Http/Request))
#50 C:/Users/Jessa/Downloads/pairfect-paws-web (2)/pairfect-paws-web/vendor/laravel/framework/src/Illuminate/Pipeline/Pipeline.php(219): Illuminate/Http/Middleware/TrustProxies->handle(Object(Illuminate/Http/Request), Object(Closure))
#51 C:/Users/Jessa/Downloads/pairfect-paws-web (2)/pairfect-paws-web/vendor/laravel/framework/src/Illuminate/Foundation/Http/Middleware/InvokeDeferredCallbacks.php(22): Illuminate/Pipeline/Pipeline->Illuminate/Pipeline/{closure}(Object(Illuminate/Http/Request))
#52 C:/Users/Jessa/Downloads/pairfect-paws-web (2)/pairfect-paws-web/vendor/laravel/framework/src/Illuminate/Pipeline/Pipeline.php(219): Illuminate/Foundation/Http/Middleware/InvokeDeferredCallbacks->handle(Object(Illuminate/Http/Request), Object(Closure))
#53 C:/Users/Jessa/Downloads/pairfect-paws-web (2)/pairfect-paws-web/vendor/laravel/framework/src/Illuminate/Http/Middleware/ValidatePathEncoding.php(26): Illuminate/Pipeline/Pipeline->Illuminate/Pipeline/{closure}(Object(Illuminate/Http/Request))
#54 C:/Users/Jessa/Downloads/pairfect-paws-web (2)/pairfect-paws-web/vendor/laravel/framework/src/Illuminate/Pipeline/Pipeline.php(219): Illuminate/Http/Middleware/ValidatePathEncoding->handle(Object(Illuminate/Http/Request), Object(Closure))
#55 C:/Users/Jessa/Downloads/pairfect-paws-web (2)/pairfect-paws-web/vendor/laravel/framework/src/Illuminate/Pipeline/Pipeline.php(137): Illuminate/Pipeline/Pipeline->Illuminate/Pipeline/{closure}(Object(Illuminate/Http/Request))
#56 C:/Users/Jessa/Downloads/pairfect-paws-web (2)/pairfect-paws-web/vendor/laravel/framework/src/Illuminate/Foundation/Http/Kernel.php(175): Illuminate/Pipeline/Pipeline->then(Object(Closure))
#57 C:/Users/Jessa/Downloads/pairfect-paws-web (2)/pairfect-paws-web/vendor/laravel/framework/src/Illuminate/Foundation/Http/Kernel.php(144): Illuminate/Foundation/Http/Kernel->sendRequestThroughRouter(Object(Illuminate/Http/Request))
#58 C:/Users/Jessa/Downloads/pairfect-paws-web (2)/pairfect-paws-web/vendor/laravel/framework/src/Illuminate/Foundation/Application.php(1220): Illuminate/Foundation/Http/Kernel->handle(Object(Illuminate/Http/Request))
#59 C:/Users/Jessa/Downloads/pairfect-paws-web (2)/pairfect-paws-web/public/index.php(18): Illuminate/Foundation/Application->handleRequest(Object(Illuminate/Http/Request))
#60 C:/Users/Jessa/Downloads/pairfect-paws-web (2)/pairfect-paws-web/vendor/laravel/framework/src/Illuminate/Foundation/resources/server.php(23): require_once('C://Users//Jessa//...')
#61 {main}

[previous exception] [object] (ParseError(code: 0): syntax error, unexpected token \"endif\" at C:/Users/Jessa/Downloads/pairfect-paws-web (2)/pairfect-paws-web/storage/framework/views/a7462be9d831fa4b00fda4f1ef3205e1.php:89)
[stacktrace]
#0 C:/Users/Jessa/Downloads/pairfect-paws-web (2)/pairfect-paws-web/vendor/laravel/framework/src/Illuminate/Filesystem/Filesystem.php(124): Illuminate/Filesystem/Filesystem::Illuminate/Filesystem/{closure}()
#1 C:/Users/Jessa/Downloads/pairfect-paws-web (2)/pairfect-paws-web/vendor/laravel/framework/src/Illuminate/View/Engines/PhpEngine.php(57): Illuminate/Filesystem/Filesystem->getRequire('C://Users//Jessa//...', Array)
#2 C:/Users/Jessa/Downloads/pairfect-paws-web (2)/pairfect-paws-web/vendor/laravel/framework/src/Illuminate/View/Engines/CompilerEngine.php(76): Illuminate/View/Engines/PhpEngine->evaluatePath('C://Users//Jessa//...', Array)
#3 C:/Users/Jessa/Downloads/pairfect-paws-web (2)/pairfect-paws-web/vendor/laravel/framework/src/Illuminate/View/View.php(208): Illuminate/View/Engines/CompilerEngine->get('C://Users//Jessa//...', Array)
#4 C:/Users/Jessa/Downloads/pairfect-paws-web (2)/pairfect-paws-web/vendor/laravel/framework/src/Illuminate/View/View.php(191): Illuminate/View/View->getContents()
#5 C:/Users/Jessa/Downloads/pairfect-paws-web (2)/pairfect-paws-web/vendor/laravel/framework/src/Illuminate/View/View.php(160): Illuminate/View/View->renderContents()
#6 C:/Users/Jessa/Downloads/pairfect-paws-web (2)/pairfect-paws-web/vendor/laravel/framework/src/Illuminate/Http/Response.php(78): Illuminate/View/View->render()
#7 C:/Users/Jessa/Downloads/pairfect-paws-web (2)/pairfect-paws-web/vendor/laravel/framework/src/Illuminate/Http/Response.php(34): Illuminate/Http/Response->setContent(Object(Illuminate/View/View))
#8 C:/Users/Jessa/Downloads/pairfect-paws-web (2)/pairfect-paws-web/vendor/laravel/framework/src/Illuminate/Routing/Router.php(939): Illuminate/Http/Response->__construct(Object(Illuminate/View/View), 200, Array)
#9 C:/Users/Jessa/Downloads/pairfect-paws-web (2)/pairfect-paws-web/vendor/laravel/framework/src/Illuminate/Routing/Router.php(906): Illuminate/Routing/Router::toResponse(Object(Illuminate/Http/Request), Object(Illuminate/View/View))
#10 C:/Users/Jessa/Downloads/pairfect-paws-web (2)/pairfect-paws-web/vendor/laravel/framework/src/Illuminate/Routing/Router.php(821): Illuminate/Routing/Router->prepareResponse(Object(Illuminate/Http/Request), Object(Illuminate/View/View))
#11 C:/Users/Jessa/Downloads/pairfect-paws-web (2)/pairfect-paws-web/vendor/laravel/framework/src/Illuminate/Pipeline/Pipeline.php(180): Illuminate/Routing/Router->Illuminate/Routing/{closure}(Object(Illuminate/Http/Request))
#12 C:/Users/Jessa/Downloads/pairfect-paws-web (2)/pairfect-paws-web/app/Http/Middleware/EnsureUserIsStaff.php(32): Illuminate/Pipeline/Pipeline->Illuminate/Pipeline/{closure}(Object(Illuminate/Http/Request))
#13 C:/Users/Jessa/Downloads/pairfect-paws-web (2)/pairfect-paws-web/vendor/laravel/framework/src/Illuminate/Pipeline/Pipeline.php(219): App/Http/Middleware/EnsureUserIsStaff->handle(Object(Illuminate/Http/Request), Object(Closure))
#14 C:/Users/Jessa/Downloads/pairfect-paws-web (2)/pairfect-paws-web/app/Http/Middleware/SecurityHeaders.php(19): Illuminate/Pipeline/Pipeline->Illuminate/Pipeline/{closure}(Object(Illuminate/Http/Request))
#15 C:/Users/Jessa/Downloads/pairfect-paws-web (2)/pairfect-paws-web/vendor/laravel/framework/src/Illuminate/Pipeline/Pipeline.php(219): App/Http/Middleware/SecurityHeaders->handle(Object(Illuminate/Http/Request), Object(Closure))
#16 C:/Users/Jessa/Downloads/pairfect-paws-web (2)/pairfect-paws-web/vendor/laravel/framework/src/Illuminate/Routing/Middleware/SubstituteBindings.php(50): Illuminate/Pipeline/Pipeline->Illuminate/Pipeline/{closure}(Object(Illuminate/Http/Request))
#17 C:/Users/Jessa/Downloads/pairfect-paws-web (2)/pairfect-paws-web/vendor/laravel/framework/src/Illuminate/Pipeline/Pipeline.php(219): Illuminate/Routing/Middleware/SubstituteBindings->handle(Object(Illuminate/Http/Request), Object(Closure))
#18 C:/Users/Jessa/Downloads/pairfect-paws-web (2)/pairfect-paws-web/vendor/laravel/framework/src/Illuminate/Auth/Middleware/Authenticate.php(63): Illuminate/Pipeline/Pipeline->Illuminate/Pipeline/{closure}(Object(Illuminate/Http/Request))
#19 C:/Users/Jessa/Downloads/pairfect-paws-web (2)/pairfect-paws-web/vendor/laravel/framework/src/Illuminate/Pipeline/Pipeline.php(219): Illuminate/Auth/Middleware/Authenticate->handle(Object(Illuminate/Http/Request), Object(Closure))
#20 C:/Users/Jessa/Downloads/pairfect-paws-web (2)/pairfect-paws-web/vendor/laravel/framework/src/Illuminate/Foundation/Http/Middleware/VerifyCsrfToken.php(87): Illuminate/Pipeline/Pipeline->Illuminate/Pipeline/{closure}(Object(Illuminate/Http/Request))
#21 C:/Users/Jessa/Downloads/pairfect-paws-web (2)/pairfect-paws-web/vendor/laravel/framework/src/Illuminate/Pipeline/Pipeline.php(219): Illuminate/Foundation/Http/Middleware/VerifyCsrfToken->handle(Object(Illuminate/Http/Request), Object(Closure))
#22 C:/Users/Jessa/Downloads/pairfect-paws-web (2)/pairfect-paws-web/vendor/laravel/framework/src/Illuminate/View/Middleware/ShareErrorsFromSession.php(48): Illuminate/Pipeline/Pipeline->Illuminate/Pipeline/{closure}(Object(Illuminate/Http/Request))
#23 C:/Users/Jessa/Downloads/pairfect-paws-web (2)/pairfect-paws-web/vendor/laravel/framework/src/Illuminate/Pipeline/Pipeline.php(219): Illuminate/View/Middleware/ShareErrorsFromSession->handle(Object(Illuminate/Http/Request), Object(Closure))
#24 C:/Users/Jessa/Downloads/pairfect-paws-web (2)/pairfect-paws-web/vendor/laravel/framework/src/Illuminate/Session/Middleware/StartSession.php(120): Illuminate/Pipeline/Pipeline->Illuminate/Pipeline/{closure}(Object(Illuminate/Http/Request))
#25 C:/Users/Jessa/Downloads/pairfect-paws-web (2)/pairfect-paws-web/vendor/laravel/framework/src/Illuminate/Session/Middleware/StartSession.php(63): Illuminate/Session/Middleware/StartSession->handleStatefulRequest(Object(Illuminate/Http/Request), Object(Illuminate/Session/EncryptedStore), Object(Closure))
#26 C:/Users/Jessa/Downloads/pairfect-paws-web (2)/pairfect-paws-web/vendor/laravel/framework/src/Illuminate/Pipeline/Pipeline.php(219): Illuminate/Session/Middleware/StartSession->handle(Object(Illuminate/Http/Request), Object(Closure))
#27 C:/Users/Jessa/Downloads/pairfect-paws-web (2)/pairfect-paws-web/vendor/laravel/framework/src/Illuminate/Cookie/Middleware/AddQueuedCookiesToResponse.php(36): Illuminate/Pipeline/Pipeline->Illuminate/Pipeline/{closure}(Object(Illuminate/Http/Request))
#28 C:/Users/Jessa/Downloads/pairfect-paws-web (2)/pairfect-paws-web/vendor/laravel/framework/src/Illuminate/Pipeline/Pipeline.php(219): Illuminate/Cookie/Middleware/AddQueuedCookiesToResponse->handle(Object(Illuminate/Http/Request), Object(Closure))
#29 C:/Users/Jessa/Downloads/pairfect-paws-web (2)/pairfect-paws-web/vendor/laravel/framework/src/Illuminate/Cookie/Middleware/EncryptCookies.php(74): Illuminate/Pipeline/Pipeline->Illuminate/Pipeline/{closure}(Object(Illuminate/Http/Request))
#30 C:/Users/Jessa/Downloads/pairfect-paws-web (2)/pairfect-paws-web/vendor/laravel/framework/src/Illuminate/Pipeline/Pipeline.php(219): Illuminate/Cookie/Middleware/EncryptCookies->handle(Object(Illuminate/Http/Request), Object(Closure))
#31 C:/Users/Jessa/Downloads/pairfect-paws-web (2)/pairfect-paws-web/vendor/laravel/framework/src/Illuminate/Pipeline/Pipeline.php(137): Illuminate/Pipeline/Pipeline->Illuminate/Pipeline/{closure}(Object(Illuminate/Http/Request))
#32 C:/Users/Jessa/Downloads/pairfect-paws-web (2)/pairfect-paws-web/vendor/laravel/framework/src/Illuminate/Routing/Router.php(821): Illuminate/Pipeline/Pipeline->then(Object(Closure))
#33 C:/Users/Jessa/Downloads/pairfect-paws-web (2)/pairfect-paws-web/vendor/laravel/framework/src/Illuminate/Routing/Router.php(800): Illuminate/Routing/Router->runRouteWithinStack(Object(Illuminate/Routing/Route), Object(Illuminate/Http/Request))
#34 C:/Users/Jessa/Downloads/pairfect-paws-web (2)/pairfect-paws-web/vendor/laravel/framework/src/Illuminate/Routing/Router.php(764): Illuminate/Routing/Router->runRoute(Object(Illuminate/Http/Request), Object(Illuminate/Routing/Route))
#35 C:/Users/Jessa/Downloads/pairfect-paws-web (2)/pairfect-paws-web/vendor/laravel/framework/src/Illuminate/Routing/Router.php(753): Illuminate/Routing/Router->dispatchToRoute(Object(Illuminate/Http/Request))
#36 C:/Users/Jessa/Downloads/pairfect-paws-web (2)/pairfect-paws-web/vendor/laravel/framework/src/Illuminate/Foundation/Http/Kernel.php(200): Illuminate/Routing/Router->dispatch(Object(Illuminate/Http/Request))
#37 C:/Users/Jessa/Downloads/pairfect-paws-web (2)/pairfect-paws-web/vendor/laravel/framework/src/Illuminate/Pipeline/Pipeline.php(180): Illuminate/Foundation/Http/Kernel->Illuminate/Foundation/Http/{closure}(Object(Illuminate/Http/Request))
#38 C:/Users/Jessa/Downloads/pairfect-paws-web (2)/pairfect-paws-web/vendor/laravel/framework/src/Illuminate/Foundation/Http/Middleware/TransformsRequest.php(21): Illuminate/Pipeline/Pipeline->Illuminate/Pipeline/{closure}(Object(Illuminate/Http/Request))
#39 C:/Users/Jessa/Downloads/pairfect-paws-web (2)/pairfect-paws-web/vendor/laravel/framework/src/Illuminate/Foundation/Http/Middleware/ConvertEmptyStringsToNull.php(31): Illuminate/Foundation/Http/Middleware/TransformsRequest->handle(Object(Illuminate/Http/Request), Object(Closure))
#40 C:/Users/Jessa/Downloads/pairfect-paws-web (2)/pairfect-paws-web/vendor/laravel/framework/src/Illuminate/Pipeline/Pipeline.php(219): Illuminate/Foundation/Http/Middleware/ConvertEmptyStringsToNull->handle(Object(Illuminate/Http/Request), Object(Closure))
#41 C:/Users/Jessa/Downloads/pairfect-paws-web (2)/pairfect-paws-web/vendor/laravel/framework/src/Illuminate/Foundation/Http/Middleware/TransformsRequest.php(21): Illuminate/Pipeline/Pipeline->Illuminate/Pipeline/{closure}(Object(Illuminate/Http/Request))
#42 C:/Users/Jessa/Downloads/pairfect-paws-web (2)/pairfect-paws-web/vendor/laravel/framework/src/Illuminate/Foundation/Http/Middleware/TrimStrings.php(51): Illuminate/Foundation/Http/Middleware/TransformsRequest->handle(Object(Illuminate/Http/Request), Object(Closure))
#43 C:/Users/Jessa/Downloads/pairfect-paws-web (2)/pairfect-paws-web/vendor/laravel/framework/src/Illuminate/Pipeline/Pipeline.php(219): Illuminate/Foundation/Http/Middleware/TrimStrings->handle(Object(Illuminate/Http/Request), Object(Closure))
#44 C:/Users/Jessa/Downloads/pairfect-paws-web (2)/pairfect-paws-web/vendor/laravel/framework/src/Illuminate/Http/Middleware/ValidatePostSize.php(27): Illuminate/Pipeline/Pipeline->Illuminate/Pipeline/{closure}(Object(Illuminate/Http/Request))
#45 C:/Users/Jessa/Downloads/pairfect-paws-web (2)/pairfect-paws-web/vendor/laravel/framework/src/Illuminate/Pipeline/Pipeline.php(219): Illuminate/Http/Middleware/ValidatePostSize->handle(Object(Illuminate/Http/Request), Object(Closure))
#46 C:/Users/Jessa/Downloads/pairfect-paws-web (2)/pairfect-paws-web/vendor/laravel/framework/src/Illuminate/Foundation/Http/Middleware/PreventRequestsDuringMaintenance.php(109): Illuminate/Pipeline/Pipeline->Illuminate/Pipeline/{closure}(Object(Illuminate/Http/Request))
#47 C:/Users/Jessa/Downloads/pairfect-paws-web (2)/pairfect-paws-web/vendor/laravel/framework/src/Illuminate/Pipeline/Pipeline.php(219): Illuminate/Foundation/Http/Middleware/PreventRequestsDuringMaintenance->handle(Object(Illuminate/Http/Request), Object(Closure))
#48 C:/Users/Jessa/Downloads/pairfect-paws-web (2)/pairfect-paws-web/vendor/laravel/framework/src/Illuminate/Http/Middleware/HandleCors.php(61): Illuminate/Pipeline/Pipeline->Illuminate/Pipeline/{closure}(Object(Illuminate/Http/Request))
#49 C:/Users/Jessa/Downloads/pairfect-paws-web (2)/pairfect-paws-web/vendor/laravel/framework/src/Illuminate/Pipeline/Pipeline.php(219): Illuminate/Http/Middleware/HandleCors->handle(Object(Illuminate/Http/Request), Object(Closure))
#50 C:/Users/Jessa/Downloads/pairfect-paws-web (2)/pairfect-paws-web/vendor/laravel/framework/src/Illuminate/Http/Middleware/TrustProxies.php(58): Illuminate/Pipeline/Pipeline->Illuminate/Pipeline/{closure}(Object(Illuminate/Http/Request))
#51 C:/Users/Jessa/Downloads/pairfect-paws-web (2)/pairfect-paws-web/vendor/laravel/framework/src/Illuminate/Pipeline/Pipeline.php(219): Illuminate/Http/Middleware/TrustProxies->handle(Object(Illuminate/Http/Request), Object(Closure))
#52 C:/Users/Jessa/Downloads/pairfect-paws-web (2)/pairfect-paws-web/vendor/laravel/framework/src/Illuminate/Foundation/Http/Middleware/InvokeDeferredCallbacks.php(22): Illuminate/Pipeline/Pipeline->Illuminate/Pipeline/{closure}(Object(Illuminate/Http/Request))
#53 C:/Users/Jessa/Downloads/pairfect-paws-web (2)/pairfect-paws-web/vendor/laravel/framework/src/Illuminate/Pipeline/Pipeline.php(219): Illuminate/Foundation/Http/Middleware/InvokeDeferredCallbacks->handle(Object(Illuminate/Http/Request), Object(Closure))
#54 C:/Users/Jessa/Downloads/pairfect-paws-web (2)/pairfect-paws-web/vendor/laravel/framework/src/Illuminate/Http/Middleware/ValidatePathEncoding.php(26): Illuminate/Pipeline/Pipeline->Illuminate/Pipeline/{closure}(Object(Illuminate/Http/Request))
#55 C:/Users/Jessa/Downloads/pairfect-paws-web (2)/pairfect-paws-web/vendor/laravel/framework/src/Illuminate/Pipeline/Pipeline.php(219): Illuminate/Http/Middleware/ValidatePathEncoding->handle(Object(Illuminate/Http/Request), Object(Closure))
#56 C:/Users/Jessa/Downloads/pairfect-paws-web (2)/pairfect-paws-web/vendor/laravel/framework/src/Illuminate/Pipeline/Pipeline.php(137): Illuminate/Pipeline/Pipeline->Illuminate/Pipeline/{closure}(Object(Illuminate/Http/Request))
#57 C:/Users/Jessa/Downloads/pairfect-paws-web (2)/pairfect-paws-web/vendor/laravel/framework/src/Illuminate/Foundation/Http/Kernel.php(175): Illuminate/Pipeline/Pipeline->then(Object(Closure))
#58 C:/Users/Jessa/Downloads/pairfect-paws-web (2)/pairfect-paws-web/vendor/laravel/framework/src/Illuminate/Foundation/Http/Kernel.php(144): Illuminate/Foundation/Http/Kernel->sendRequestThroughRouter(Object(Illuminate/Http/Request))
#59 C:/Users/Jessa/Downloads/pairfect-paws-web (2)/pairfect-paws-web/vendor/laravel/framework/src/Illuminate/Foundation/Application.php(1220): Illuminate/Foundation/Http/Kernel->handle(Object(Illuminate/Http/Request))
#60 C:/Users/Jessa/Downloads/pairfect-paws-web (2)/pairfect-paws-web/public/index.php(18): Illuminate/Foundation/Application->handleRequest(Object(Illuminate/Http/Request))
#61 C:/Users/Jessa/Downloads/pairfect-paws-web (2)/pairfect-paws-web/vendor/laravel/framework/src/Illuminate/Foundation/resources/server.php(23): require_once('C://Users//Jessa//...')
#62 {main}
"} 
[2026-08-05 01:10:43] local.ERROR: syntax error, unexpected token "endif" (View: C:\Users\Jessa\Downloads\pairfect-paws-web (2)\pairfect-paws-web\resources\views\admin\dashboard\index.blade.php) {"userId":2,"exception":"[object] (Illuminate\\View\\ViewException(code: 0): syntax error, unexpected token \"endif\" (View: C:\\Users\\Jessa\\Downloads\\pairfect-paws-web (2)\\pairfect-paws-web\\resources\\views\\admin\\dashboard\\index.blade.php) at C:/Users/Jessa/Downloads/pairfect-paws-web (2)/pairfect-paws-web/storage/framework/views/a7462be9d831fa4b00fda4f1ef3205e1.php:89)
[stacktrace]
#0 C:/Users/Jessa/Downloads/pairfect-paws-web (2)/pairfect-paws-web/vendor/laravel/framework/src/Illuminate/View/Engines/PhpEngine.php(59): Illuminate/View/Engines/CompilerEngine->handleViewException(Object(ParseError), 1)
#1 C:/Users/Jessa/Downloads/pairfect-paws-web (2)/pairfect-paws-web/vendor/laravel/framework/src/Illuminate/View/Engines/CompilerEngine.php(76): Illuminate/View/Engines/PhpEngine->evaluatePath('C://Users//Jessa//...', Array)
#2 C:/Users/Jessa/Downloads/pairfect-paws-web (2)/pairfect-paws-web/vendor/laravel/framework/src/Illuminate/View/View.php(208): Illuminate/View/Engines/CompilerEngine->get('C://Users//Jessa//...', Array)
#3 C:/Users/Jessa/Downloads/pairfect-paws-web (2)/pairfect-paws-web/vendor/laravel/framework/src/Illuminate/View/View.php(191): Illuminate/View/View->getContents()
#4 C:/Users/Jessa/Downloads/pairfect-paws-web (2)/pairfect-paws-web/vendor/laravel/framework/src/Illuminate/View/View.php(160): Illuminate/View/View->renderContents()
#5 C:/Users/Jessa/Downloads/pairfect-paws-web (2)/pairfect-paws-web/vendor/laravel/framework/src/Illuminate/Http/Response.php(78): Illuminate/View/View->render()
#6 C:/Users/Jessa/Downloads/pairfect-paws-web (2)/pairfect-paws-web/vendor/laravel/framework/src/Illuminate/Http/Response.php(34): Illuminate/Http/Response->setContent(Object(Illuminate/View/View))
#7 C:/Users/Jessa/Downloads/pairfect-paws-web (2)/pairfect-paws-web/vendor/laravel/framework/src/Illuminate/Routing/Router.php(939): Illuminate/Http/Response->__construct(Object(Illuminate/View/View), 200, Array)
#8 C:/Users/Jessa/Downloads/pairfect-paws-web (2)/pairfect-paws-web/vendor/laravel/framework/src/Illuminate/Routing/Router.php(906): Illuminate/Routing/Router::toResponse(Object(Illuminate/Http/Request), Object(Illuminate/View/View))
#9 C:/Users/Jessa/Downloads/pairfect-paws-web (2)/pairfect-paws-web/vendor/laravel/framework/src/Illuminate/Routing/Router.php(821): Illuminate/Routing/Router->prepareResponse(Object(Illuminate/Http/Request), Object(Illuminate/View/View))
#10 C:/Users/Jessa/Downloads/pairfect-paws-web (2)/pairfect-paws-web/vendor/laravel/framework/src/Illuminate/Pipeline/Pipeline.php(180): Illuminate/Routing/Router->Illuminate/Routing/{closure}(Object(Illuminate/Http/Request))
#11 C:/Users/Jessa/Downloads/pairfect-paws-web (2)/pairfect-paws-web/app/Http/Middleware/EnsureUserIsStaff.php(32): Illuminate/Pipeline/Pipeline->Illuminate/Pipeline/{closure}(Object(Illuminate/Http/Request))
#12 C:/Users/Jessa/Downloads/pairfect-paws-web (2)/pairfect-paws-web/vendor/laravel/framework/src/Illuminate/Pipeline/Pipeline.php(219): App/Http/Middleware/EnsureUserIsStaff->handle(Object(Illuminate/Http/Request), Object(Closure))
#13 C:/Users/Jessa/Downloads/pairfect-paws-web (2)/pairfect-paws-web/app/Http/Middleware/SecurityHeaders.php(19): Illuminate/Pipeline/Pipeline->Illuminate/Pipeline/{closure}(Object(Illuminate/Http/Request))
#14 C:/Users/Jessa/Downloads/pairfect-paws-web (2)/pairfect-paws-web/vendor/laravel/framework/src/Illuminate/Pipeline/Pipeline.php(219): App/Http/Middleware/SecurityHeaders->handle(Object(Illuminate/Http/Request), Object(Closure))
#15 C:/Users/Jessa/Downloads/pairfect-paws-web (2)/pairfect-paws-web/vendor/laravel/framework/src/Illuminate/Routing/Middleware/SubstituteBindings.php(50): Illuminate/Pipeline/Pipeline->Illuminate/Pipeline/{closure}(Object(Illuminate/Http/Request))
#16 C:/Users/Jessa/Downloads/pairfect-paws-web (2)/pairfect-paws-web/vendor/laravel/framework/src/Illuminate/Pipeline/Pipeline.php(219): Illuminate/Routing/Middleware/SubstituteBindings->handle(Object(Illuminate/Http/Request), Object(Closure))
#17 C:/Users/Jessa/Downloads/pairfect-paws-web (2)/pairfect-paws-web/vendor/laravel/framework/src/Illuminate/Auth/Middleware/Authenticate.php(63): Illuminate/Pipeline/Pipeline->Illuminate/Pipeline/{closure}(Object(Illuminate/Http/Request))
#18 C:/Users/Jessa/Downloads/pairfect-paws-web (2)/pairfect-paws-web/vendor/laravel/framework/src/Illuminate/Pipeline/Pipeline.php(219): Illuminate/Auth/Middleware/Authenticate->handle(Object(Illuminate/Http/Request), Object(Closure))
#19 C:/Users/Jessa/Downloads/pairfect-paws-web (2)/pairfect-paws-web/vendor/laravel/framework/src/Illuminate/Foundation/Http/Middleware/VerifyCsrfToken.php(87): Illuminate/Pipeline/Pipeline->Illuminate/Pipeline/{closure}(Object(Illuminate/Http/Request))
#20 C:/Users/Jessa/Downloads/pairfect-paws-web (2)/pairfect-paws-web/vendor/laravel/framework/src/Illuminate/Pipeline/Pipeline.php(219): Illuminate/Foundation/Http/Middleware/VerifyCsrfToken->handle(Object(Illuminate/Http/Request), Object(Closure))
#21 C:/Users/Jessa/Downloads/pairfect-paws-web (2)/pairfect-paws-web/vendor/laravel/framework/src/Illuminate/View/Middleware/ShareErrorsFromSession.php(48): Illuminate/Pipeline/Pipeline->Illuminate/Pipeline/{closure}(Object(Illuminate/Http/Request))
#22 C:/Users/Jessa/Downloads/pairfect-paws-web (2)/pairfect-paws-web/vendor/laravel/framework/src/Illuminate/Pipeline/Pipeline.php(219): Illuminate/View/Middleware/ShareErrorsFromSession->handle(Object(Illuminate/Http/Request), Object(Closure))
#23 C:/Users/Jessa/Downloads/pairfect-paws-web (2)/pairfect-paws-web/vendor/laravel/framework/src/Illuminate/Session/Middleware/StartSession.php(120): Illuminate/Pipeline/Pipeline->Illuminate/Pipeline/{closure}(Object(Illuminate/Http/Request))
#24 C:/Users/Jessa/Downloads/pairfect-paws-web (2)/pairfect-paws-web/vendor/laravel/framework/src/Illuminate/Session/Middleware/StartSession.php(63): Illuminate/Session/Middleware/StartSession->handleStatefulRequest(Object(Illuminate/Http/Request), Object(Illuminate/Session/EncryptedStore), Object(Closure))
#25 C:/Users/Jessa/Downloads/pairfect-paws-web (2)/pairfect-paws-web/vendor/laravel/framework/src/Illuminate/Pipeline/Pipeline.php(219): Illuminate/Session/Middleware/StartSession->handle(Object(Illuminate/Http/Request), Object(Closure))
#26 C:/Users/Jessa/Downloads/pairfect-paws-web (2)/pairfect-paws-web/vendor/laravel/framework/src/Illuminate/Cookie/Middleware/AddQueuedCookiesToResponse.php(36): Illuminate/Pipeline/Pipeline->Illuminate/Pipeline/{closure}(Object(Illuminate/Http/Request))
#27 C:/Users/Jessa/Downloads/pairfect-paws-web (2)/pairfect-paws-web/vendor/laravel/framework/src/Illuminate/Pipeline/Pipeline.php(219): Illuminate/Cookie/Middleware/AddQueuedCookiesToResponse->handle(Object(Illuminate/Http/Request), Object(Closure))
#28 C:/Users/Jessa/Downloads/pairfect-paws-web (2)/pairfect-paws-web/vendor/laravel/framework/src/Illuminate/Cookie/Middleware/EncryptCookies.php(74): Illuminate/Pipeline/Pipeline->Illuminate/Pipeline/{closure}(Object(Illuminate/Http/Request))
#29 C:/Users/Jessa/Downloads/pairfect-paws-web (2)/pairfect-paws-web/vendor/laravel/framework/src/Illuminate/Pipeline/Pipeline.php(219): Illuminate/Cookie/Middleware/EncryptCookies->handle(Object(Illuminate/Http/Request), Object(Closure))
#30 C:/Users/Jessa/Downloads/pairfect-paws-web (2)/pairfect-paws-web/vendor/laravel/framework/src/Illuminate/Pipeline/Pipeline.php(137): Illuminate/Pipeline/Pipeline->Illuminate/Pipeline/{closure}(Object(Illuminate/Http/Request))
#31 C:/Users/Jessa/Downloads/pairfect-paws-web (2)/pairfect-paws-web/vendor/laravel/framework/src/Illuminate/Routing/Router.php(821): Illuminate/Pipeline/Pipeline->then(Object(Closure))
#32 C:/Users/Jessa/Downloads/pairfect-paws-web (2)/pairfect-paws-web/vendor/laravel/framework/src/Illuminate/Routing/Router.php(800): Illuminate/Routing/Router->runRouteWithinStack(Object(Illuminate/Routing/Route), Object(Illuminate/Http/Request))
#33 C:/Users/Jessa/Downloads/pairfect-paws-web (2)/pairfect-paws-web/vendor/laravel/framework/src/Illuminate/Routing/Router.php(764): Illuminate/Routing/Router->runRoute(Object(Illuminate/Http/Request), Object(Illuminate/Routing/Route))
#34 C:/Users/Jessa/Downloads/pairfect-paws-web (2)/pairfect-paws-web/vendor/laravel/framework/src/Illuminate/Routing/Router.php(753): Illuminate/Routing/Router->dispatchToRoute(Object(Illuminate/Http/Request))
#35 C:/Users/Jessa/Downloads/pairfect-paws-web (2)/pairfect-paws-web/vendor/laravel/framework/src/Illuminate/Foundation/Http/Kernel.php(200): Illuminate/Routing/Router->dispatch(Object(Illuminate/Http/Request))
#36 C:/Users/Jessa/Downloads/pairfect-paws-web (2)/pairfect-paws-web/vendor/laravel/framework/src/Illuminate/Pipeline/Pipeline.php(180): Illuminate/Foundation/Http/Kernel->Illuminate/Foundation/Http/{closure}(Object(Illuminate/Http/Request))
#37 C:/Users/Jessa/Downloads/pairfect-paws-web (2)/pairfect-paws-web/vendor/laravel/framework/src/Illuminate/Foundation/Http/Middleware/TransformsRequest.php(21): Illuminate/Pipeline/Pipeline->Illuminate/Pipeline/{closure}(Object(Illuminate/Http/Request))
#38 C:/Users/Jessa/Downloads/pairfect-paws-web (2)/pairfect-paws-web/vendor/laravel/framework/src/Illuminate/Foundation/Http/Middleware/ConvertEmptyStringsToNull.php(31): Illuminate/Foundation/Http/Middleware/TransformsRequest->handle(Object(Illuminate/Http/Request), Object(Closure))
#39 C:/Users/Jessa/Downloads/pairfect-paws-web (2)/pairfect-paws-web/vendor/laravel/framework/src/Illuminate/Pipeline/Pipeline.php(219): Illuminate/Foundation/Http/Middleware/ConvertEmptyStringsToNull->handle(Object(Illuminate/Http/Request), Object(Closure))
#40 C:/Users/Jessa/Downloads/pairfect-paws-web (2)/pairfect-paws-web/vendor/laravel/framework/src/Illuminate/Foundation/Http/Middleware/TransformsRequest.php(21): Illuminate/Pipeline/Pipeline->Illuminate/Pipeline/{closure}(Object(Illuminate/Http/Request))
#41 C:/Users/Jessa/Downloads/pairfect-paws-web (2)/pairfect-paws-web/vendor/laravel/framework/src/Illuminate/Foundation/Http/Middleware/TrimStrings.php(51): Illuminate/Foundation/Http/Middleware/TransformsRequest->handle(Object(Illuminate/Http/Request), Object(Closure))
#42 C:/Users/Jessa/Downloads/pairfect-paws-web (2)/pairfect-paws-web/vendor/laravel/framework/src/Illuminate/Pipeline/Pipeline.php(219): Illuminate/Foundation/Http/Middleware/TrimStrings->handle(Object(Illuminate/Http/Request), Object(Closure))
#43 C:/Users/Jessa/Downloads/pairfect-paws-web (2)/pairfect-paws-web/vendor/laravel/framework/src/Illuminate/Http/Middleware/ValidatePostSize.php(27): Illuminate/Pipeline/Pipeline->Illuminate/Pipeline/{closure}(Object(Illuminate/Http/Request))
#44 C:/Users/Jessa/Downloads/pairfect-paws-web (2)/pairfect-paws-web/vendor/laravel/framework/src/Illuminate/Pipeline/Pipeline.php(219): Illuminate/Http/Middleware/ValidatePostSize->handle(Object(Illuminate/Http/Request), Object(Closure))
#45 C:/Users/Jessa/Downloads/pairfect-paws-web (2)/pairfect-paws-web/vendor/laravel/framework/src/Illuminate/Foundation/Http/Middleware/PreventRequestsDuringMaintenance.php(109): Illuminate/Pipeline/Pipeline->Illuminate/Pipeline/{closure}(Object(Illuminate/Http/Request))
#46 C:/Users/Jessa/Downloads/pairfect-paws-web (2)/pairfect-paws-web/vendor/laravel/framework/src/Illuminate/Pipeline/Pipeline.php(219): Illuminate/Foundation/Http/Middleware/PreventRequestsDuringMaintenance->handle(Object(Illuminate/Http/Request), Object(Closure))
#47 C:/Users/Jessa/Downloads/pairfect-paws-web (2)/pairfect-paws-web/vendor/laravel/framework/src/Illuminate/Http/Middleware/HandleCors.php(61): Illuminate/Pipeline/Pipeline->Illuminate/Pipeline/{closure}(Object(Illuminate/Http/Request))
#48 C:/Users/Jessa/Downloads/pairfect-paws-web (2)/pairfect-paws-web/vendor/laravel/framework/src/Illuminate/Pipeline/Pipeline.php(219): Illuminate/Http/Middleware/HandleCors->handle(Object(Illuminate/Http/Request), Object(Closure))
#49 C:/Users/Jessa/Downloads/pairfect-paws-web (2)/pairfect-paws-web/vendor/laravel/framework/src/Illuminate/Http/Middleware/TrustProxies.php(58): Illuminate/Pipeline/Pipeline->Illuminate/Pipeline/{closure}(Object(Illuminate/Http/Request))
#50 C:/Users/Jessa/Downloads/pairfect-paws-web (2)/pairfect-paws-web/vendor/laravel/framework/src/Illuminate/Pipeline/Pipeline.php(219): Illuminate/Http/Middleware/TrustProxies->handle(Object(Illuminate/Http/Request), Object(Closure))
#51 C:/Users/Jessa/Downloads/pairfect-paws-web (2)/pairfect-paws-web/vendor/laravel/framework/src/Illuminate/Foundation/Http/Middleware/InvokeDeferredCallbacks.php(22): Illuminate/Pipeline/Pipeline->Illuminate/Pipeline/{closure}(Object(Illuminate/Http/Request))
#52 C:/Users/Jessa/Downloads/pairfect-paws-web (2)/pairfect-paws-web/vendor/laravel/framework/src/Illuminate/Pipeline/Pipeline.php(219): Illuminate/Foundation/Http/Middleware/InvokeDeferredCallbacks->handle(Object(Illuminate/Http/Request), Object(Closure))
#53 C:/Users/Jessa/Downloads/pairfect-paws-web (2)/pairfect-paws-web/vendor/laravel/framework/src/Illuminate/Http/Middleware/ValidatePathEncoding.php(26): Illuminate/Pipeline/Pipeline->Illuminate/Pipeline/{closure}(Object(Illuminate/Http/Request))
#54 C:/Users/Jessa/Downloads/pairfect-paws-web (2)/pairfect-paws-web/vendor/laravel/framework/src/Illuminate/Pipeline/Pipeline.php(219): Illuminate/Http/Middleware/ValidatePathEncoding->handle(Object(Illuminate/Http/Request), Object(Closure))
#55 C:/Users/Jessa/Downloads/pairfect-paws-web (2)/pairfect-paws-web/vendor/laravel/framework/src/Illuminate/Pipeline/Pipeline.php(137): Illuminate/Pipeline/Pipeline->Illuminate/Pipeline/{closure}(Object(Illuminate/Http/Request))
#56 C:/Users/Jessa/Downloads/pairfect-paws-web (2)/pairfect-paws-web/vendor/laravel/framework/src/Illuminate/Foundation/Http/Kernel.php(175): Illuminate/Pipeline/Pipeline->then(Object(Closure))
#57 C:/Users/Jessa/Downloads/pairfect-paws-web (2)/pairfect-paws-web/vendor/laravel/framework/src/Illuminate/Foundation/Http/Kernel.php(144): Illuminate/Foundation/Http/Kernel->sendRequestThroughRouter(Object(Illuminate/Http/Request))
#58 C:/Users/Jessa/Downloads/pairfect-paws-web (2)/pairfect-paws-web/vendor/laravel/framework/src/Illuminate/Foundation/Application.php(1220): Illuminate/Foundation/Http/Kernel->handle(Object(Illuminate/Http/Request))
#59 C:/Users/Jessa/Downloads/pairfect-paws-web (2)/pairfect-paws-web/public/index.php(18): Illuminate/Foundation/Application->handleRequest(Object(Illuminate/Http/Request))
#60 C:/Users/Jessa/Downloads/pairfect-paws-web (2)/pairfect-paws-web/vendor/laravel/framework/src/Illuminate/Foundation/resources/server.php(23): require_once('C://Users//Jessa//...')
#61 {main}

[previous exception] [object] (ParseError(code: 0): syntax error, unexpected token \"endif\" at C:/Users/Jessa/Downloads/pairfect-paws-web (2)/pairfect-paws-web/storage/framework/views/a7462be9d831fa4b00fda4f1ef3205e1.php:89)
[stacktrace]
#0 C:/Users/Jessa/Downloads/pairfect-paws-web (2)/pairfect-paws-web/vendor/laravel/framework/src/Illuminate/Filesystem/Filesystem.php(124): Illuminate/Filesystem/Filesystem::Illuminate/Filesystem/{closure}()
#1 C:/Users/Jessa/Downloads/pairfect-paws-web (2)/pairfect-paws-web/vendor/laravel/framework/src/Illuminate/View/Engines/PhpEngine.php(57): Illuminate/Filesystem/Filesystem->getRequire('C://Users//Jessa//...', Array)
#2 C:/Users/Jessa/Downloads/pairfect-paws-web (2)/pairfect-paws-web/vendor/laravel/framework/src/Illuminate/View/Engines/CompilerEngine.php(76): Illuminate/View/Engines/PhpEngine->evaluatePath('C://Users//Jessa//...', Array)
#3 C:/Users/Jessa/Downloads/pairfect-paws-web (2)/pairfect-paws-web/vendor/laravel/framework/src/Illuminate/View/View.php(208): Illuminate/View/Engines/CompilerEngine->get('C://Users//Jessa//...', Array)
#4 C:/Users/Jessa/Downloads/pairfect-paws-web (2)/pairfect-paws-web/vendor/laravel/framework/src/Illuminate/View/View.php(191): Illuminate/View/View->getContents()
#5 C:/Users/Jessa/Downloads/pairfect-paws-web (2)/pairfect-paws-web/vendor/laravel/framework/src/Illuminate/View/View.php(160): Illuminate/View/View->renderContents()
#6 C:/Users/Jessa/Downloads/pairfect-paws-web (2)/pairfect-paws-web/vendor/laravel/framework/src/Illuminate/Http/Response.php(78): Illuminate/View/View->render()
#7 C:/Users/Jessa/Downloads/pairfect-paws-web (2)/pairfect-paws-web/vendor/laravel/framework/src/Illuminate/Http/Response.php(34): Illuminate/Http/Response->setContent(Object(Illuminate/View/View))
#8 C:/Users/Jessa/Downloads/pairfect-paws-web (2)/pairfect-paws-web/vendor/laravel/framework/src/Illuminate/Routing/Router.php(939): Illuminate/Http/Response->__construct(Object(Illuminate/View/View), 200, Array)
#9 C:/Users/Jessa/Downloads/pairfect-paws-web (2)/pairfect-paws-web/vendor/laravel/framework/src/Illuminate/Routing/Router.php(906): Illuminate/Routing/Router::toResponse(Object(Illuminate/Http/Request), Object(Illuminate/View/View))
#10 C:/Users/Jessa/Downloads/pairfect-paws-web (2)/pairfect-paws-web/vendor/laravel/framework/src/Illuminate/Routing/Router.php(821): Illuminate/Routing/Router->prepareResponse(Object(Illuminate/Http/Request), Object(Illuminate/View/View))
#11 C:/Users/Jessa/Downloads/pairfect-paws-web (2)/pairfect-paws-web/vendor/laravel/framework/src/Illuminate/Pipeline/Pipeline.php(180): Illuminate/Routing/Router->Illuminate/Routing/{closure}(Object(Illuminate/Http/Request))
#12 C:/Users/Jessa/Downloads/pairfect-paws-web (2)/pairfect-paws-web/app/Http/Middleware/EnsureUserIsStaff.php(32): Illuminate/Pipeline/Pipeline->Illuminate/Pipeline/{closure}(Object(Illuminate/Http/Request))
#13 C:/Users/Jessa/Downloads/pairfect-paws-web (2)/pairfect-paws-web/vendor/laravel/framework/src/Illuminate/Pipeline/Pipeline.php(219): App/Http/Middleware/EnsureUserIsStaff->handle(Object(Illuminate/Http/Request), Object(Closure))
#14 C:/Users/Jessa/Downloads/pairfect-paws-web (2)/pairfect-paws-web/app/Http/Middleware/SecurityHeaders.php(19): Illuminate/Pipeline/Pipeline->Illuminate/Pipeline/{closure}(Object(Illuminate/Http/Request))
#15 C:/Users/Jessa/Downloads/pairfect-paws-web (2)/pairfect-paws-web/vendor/laravel/framework/src/Illuminate/Pipeline/Pipeline.php(219): App/Http/Middleware/SecurityHeaders->handle(Object(Illuminate/Http/Request), Object(Closure))
#16 C:/Users/Jessa/Downloads/pairfect-paws-web (2)/pairfect-paws-web/vendor/laravel/framework/src/Illuminate/Routing/Middleware/SubstituteBindings.php(50): Illuminate/Pipeline/Pipeline->Illuminate/Pipeline/{closure}(Object(Illuminate/Http/Request))
#17 C:/Users/Jessa/Downloads/pairfect-paws-web (2)/pairfect-paws-web/vendor/laravel/framework/src/Illuminate/Pipeline/Pipeline.php(219): Illuminate/Routing/Middleware/SubstituteBindings->handle(Object(Illuminate/Http/Request), Object(Closure))
#18 C:/Users/Jessa/Downloads/pairfect-paws-web (2)/pairfect-paws-web/vendor/laravel/framework/src/Illuminate/Auth/Middleware/Authenticate.php(63): Illuminate/Pipeline/Pipeline->Illuminate/Pipeline/{closure}(Object(Illuminate/Http/Request))
#19 C:/Users/Jessa/Downloads/pairfect-paws-web (2)/pairfect-paws-web/vendor/laravel/framework/src/Illuminate/Pipeline/Pipeline.php(219): Illuminate/Auth/Middleware/Authenticate->handle(Object(Illuminate/Http/Request), Object(Closure))
#20 C:/Users/Jessa/Downloads/pairfect-paws-web (2)/pairfect-paws-web/vendor/laravel/framework/src/Illuminate/Foundation/Http/Middleware/VerifyCsrfToken.php(87): Illuminate/Pipeline/Pipeline->Illuminate/Pipeline/{closure}(Object(Illuminate/Http/Request))
#21 C:/Users/Jessa/Downloads/pairfect-paws-web (2)/pairfect-paws-web/vendor/laravel/framework/src/Illuminate/Pipeline/Pipeline.php(219): Illuminate/Foundation/Http/Middleware/VerifyCsrfToken->handle(Object(Illuminate/Http/Request), Object(Closure))
#22 C:/Users/Jessa/Downloads/pairfect-paws-web (2)/pairfect-paws-web/vendor/laravel/framework/src/Illuminate/View/Middleware/ShareErrorsFromSession.php(48): Illuminate/Pipeline/Pipeline->Illuminate/Pipeline/{closure}(Object(Illuminate/Http/Request))
#23 C:/Users/Jessa/Downloads/pairfect-paws-web (2)/pairfect-paws-web/vendor/laravel/framework/src/Illuminate/Pipeline/Pipeline.php(219): Illuminate/View/Middleware/ShareErrorsFromSession->handle(Object(Illuminate/Http/Request), Object(Closure))
#24 C:/Users/Jessa/Downloads/pairfect-paws-web (2)/pairfect-paws-web/vendor/laravel/framework/src/Illuminate/Session/Middleware/StartSession.php(120): Illuminate/Pipeline/Pipeline->Illuminate/Pipeline/{closure}(Object(Illuminate/Http/Request))
#25 C:/Users/Jessa/Downloads/pairfect-paws-web (2)/pairfect-paws-web/vendor/laravel/framework/src/Illuminate/Session/Middleware/StartSession.php(63): Illuminate/Session/Middleware/StartSession->handleStatefulRequest(Object(Illuminate/Http/Request), Object(Illuminate/Session/EncryptedStore), Object(Closure))
#26 C:/Users/Jessa/Downloads/pairfect-paws-web (2)/pairfect-paws-web/vendor/laravel/framework/src/Illuminate/Pipeline/Pipeline.php(219): Illuminate/Session/Middleware/StartSession->handle(Object(Illuminate/Http/Request), Object(Closure))
#27 C:/Users/Jessa/Downloads/pairfect-paws-web (2)/pairfect-paws-web/vendor/laravel/framework/src/Illuminate/Cookie/Middleware/AddQueuedCookiesToResponse.php(36): Illuminate/Pipeline/Pipeline->Illuminate/Pipeline/{closure}(Object(Illuminate/Http/Request))
#28 C:/Users/Jessa/Downloads/pairfect-paws-web (2)/pairfect-paws-web/vendor/laravel/framework/src/Illuminate/Pipeline/Pipeline.php(219): Illuminate/Cookie/Middleware/AddQueuedCookiesToResponse->handle(Object(Illuminate/Http/Request), Object(Closure))
#29 C:/Users/Jessa/Downloads/pairfect-paws-web (2)/pairfect-paws-web/vendor/laravel/framework/src/Illuminate/Cookie/Middleware/EncryptCookies.php(74): Illuminate/Pipeline/Pipeline->Illuminate/Pipeline/{closure}(Object(Illuminate/Http/Request))
#30 C:/Users/Jessa/Downloads/pairfect-paws-web (2)/pairfect-paws-web/vendor/laravel/framework/src/Illuminate/Pipeline/Pipeline.php(219): Illuminate/Cookie/Middleware/EncryptCookies->handle(Object(Illuminate/Http/Request), Object(Closure))
#31 C:/Users/Jessa/Downloads/pairfect-paws-web (2)/pairfect-paws-web/vendor/laravel/framework/src/Illuminate/Pipeline/Pipeline.php(137): Illuminate/Pipeline/Pipeline->Illuminate/Pipeline/{closure}(Object(Illuminate/Http/Request))
#32 C:/Users/Jessa/Downloads/pairfect-paws-web (2)/pairfect-paws-web/vendor/laravel/framework/src/Illuminate/Routing/Router.php(821): Illuminate/Pipeline/Pipeline->then(Object(Closure))
#33 C:/Users/Jessa/Downloads/pairfect-paws-web (2)/pairfect-paws-web/vendor/laravel/framework/src/Illuminate/Routing/Router.php(800): Illuminate/Routing/Router->runRouteWithinStack(Object(Illuminate/Routing/Route), Object(Illuminate/Http/Request))
#34 C:/Users/Jessa/Downloads/pairfect-paws-web (2)/pairfect-paws-web/vendor/laravel/framework/src/Illuminate/Routing/Router.php(764): Illuminate/Routing/Router->runRoute(Object(Illuminate/Http/Request), Object(Illuminate/Routing/Route))
#35 C:/Users/Jessa/Downloads/pairfect-paws-web (2)/pairfect-paws-web/vendor/laravel/framework/src/Illuminate/Routing/Router.php(753): Illuminate/Routing/Router->dispatchToRoute(Object(Illuminate/Http/Request))
#36 C:/Users/Jessa/Downloads/pairfect-paws-web (2)/pairfect-paws-web/vendor/laravel/framework/src/Illuminate/Foundation/Http/Kernel.php(200): Illuminate/Routing/Router->dispatch(Object(Illuminate/Http/Request))
#37 C:/Users/Jessa/Downloads/pairfect-paws-web (2)/pairfect-paws-web/vendor/laravel/framework/src/Illuminate/Pipeline/Pipeline.php(180): Illuminate/Foundation/Http/Kernel->Illuminate/Foundation/Http/{closure}(Object(Illuminate/Http/Request))
#38 C:/Users/Jessa/Downloads/pairfect-paws-web (2)/pairfect-paws-web/vendor/laravel/framework/src/Illuminate/Foundation/Http/Middleware/TransformsRequest.php(21): Illuminate/Pipeline/Pipeline->Illuminate/Pipeline/{closure}(Object(Illuminate/Http/Request))
#39 C:/Users/Jessa/Downloads/pairfect-paws-web (2)/pairfect-paws-web/vendor/laravel/framework/src/Illuminate/Foundation/Http/Middleware/ConvertEmptyStringsToNull.php(31): Illuminate/Foundation/Http/Middleware/TransformsRequest->handle(Object(Illuminate/Http/Request), Object(Closure))
#40 C:/Users/Jessa/Downloads/pairfect-paws-web (2)/pairfect-paws-web/vendor/laravel/framework/src/Illuminate/Pipeline/Pipeline.php(219): Illuminate/Foundation/Http/Middleware/ConvertEmptyStringsToNull->handle(Object(Illuminate/Http/Request), Object(Closure))
#41 C:/Users/Jessa/Downloads/pairfect-paws-web (2)/pairfect-paws-web/vendor/laravel/framework/src/Illuminate/Foundation/Http/Middleware/TransformsRequest.php(21): Illuminate/Pipeline/Pipeline->Illuminate/Pipeline/{closure}(Object(Illuminate/Http/Request))
#42 C:/Users/Jessa/Downloads/pairfect-paws-web (2)/pairfect-paws-web/vendor/laravel/framework/src/Illuminate/Foundation/Http/Middleware/TrimStrings.php(51): Illuminate/Foundation/Http/Middleware/TransformsRequest->handle(Object(Illuminate/Http/Request), Object(Closure))
#43 C:/Users/Jessa/Downloads/pairfect-paws-web (2)/pairfect-paws-web/vendor/laravel/framework/src/Illuminate/Pipeline/Pipeline.php(219): Illuminate/Foundation/Http/Middleware/TrimStrings->handle(Object(Illuminate/Http/Request), Object(Closure))
#44 C:/Users/Jessa/Downloads/pairfect-paws-web (2)/pairfect-paws-web/vendor/laravel/framework/src/Illuminate/Http/Middleware/ValidatePostSize.php(27): Illuminate/Pipeline/Pipeline->Illuminate/Pipeline/{closure}(Object(Illuminate/Http/Request))
#45 C:/Users/Jessa/Downloads/pairfect-paws-web (2)/pairfect-paws-web/vendor/laravel/framework/src/Illuminate/Pipeline/Pipeline.php(219): Illuminate/Http/Middleware/ValidatePostSize->handle(Object(Illuminate/Http/Request), Object(Closure))
#46 C:/Users/Jessa/Downloads/pairfect-paws-web (2)/pairfect-paws-web/vendor/laravel/framework/src/Illuminate/Foundation/Http/Middleware/PreventRequestsDuringMaintenance.php(109): Illuminate/Pipeline/Pipeline->Illuminate/Pipeline/{closure}(Object(Illuminate/Http/Request))
#47 C:/Users/Jessa/Downloads/pairfect-paws-web (2)/pairfect-paws-web/vendor/laravel/framework/src/Illuminate/Pipeline/Pipeline.php(219): Illuminate/Foundation/Http/Middleware/PreventRequestsDuringMaintenance->handle(Object(Illuminate/Http/Request), Object(Closure))
#48 C:/Users/Jessa/Downloads/pairfect-paws-web (2)/pairfect-paws-web/vendor/laravel/framework/src/Illuminate/Http/Middleware/HandleCors.php(61): Illuminate/Pipeline/Pipeline->Illuminate/Pipeline/{closure}(Object(Illuminate/Http/Request))
#49 C:/Users/Jessa/Downloads/pairfect-paws-web (2)/pairfect-paws-web/vendor/laravel/framework/src/Illuminate/Pipeline/Pipeline.php(219): Illuminate/Http/Middleware/HandleCors->handle(Object(Illuminate/Http/Request), Object(Closure))
#50 C:/Users/Jessa/Downloads/pairfect-paws-web (2)/pairfect-paws-web/vendor/laravel/framework/src/Illuminate/Http/Middleware/TrustProxies.php(58): Illuminate/Pipeline/Pipeline->Illuminate/Pipeline/{closure}(Object(Illuminate/Http/Request))
#51 C:/Users/Jessa/Downloads/pairfect-paws-web (2)/pairfect-paws-web/vendor/laravel/framework/src/Illuminate/Pipeline/Pipeline.php(219): Illuminate/Http/Middleware/TrustProxies->handle(Object(Illuminate/Http/Request), Object(Closure))
#52 C:/Users/Jessa/Downloads/pairfect-paws-web (2)/pairfect-paws-web/vendor/laravel/framework/src/Illuminate/Foundation/Http/Middleware/InvokeDeferredCallbacks.php(22): Illuminate/Pipeline/Pipeline->Illuminate/Pipeline/{closure}(Object(Illuminate/Http/Request))
#53 C:/Users/Jessa/Downloads/pairfect-paws-web (2)/pairfect-paws-web/vendor/laravel/framework/src/Illuminate/Pipeline/Pipeline.php(219): Illuminate/Foundation/Http/Middleware/InvokeDeferredCallbacks->handle(Object(Illuminate/Http/Request), Object(Closure))
#54 C:/Users/Jessa/Downloads/pairfect-paws-web (2)/pairfect-paws-web/vendor/laravel/framework/src/Illuminate/Http/Middleware/ValidatePathEncoding.php(26): Illuminate/Pipeline/Pipeline->Illuminate/Pipeline/{closure}(Object(Illuminate/Http/Request))
#55 C:/Users/Jessa/Downloads/pairfect-paws-web (2)/pairfect-paws-web/vendor/laravel/framework/src/Illuminate/Pipeline/Pipeline.php(219): Illuminate/Http/Middleware/ValidatePathEncoding->handle(Object(Illuminate/Http/Request), Object(Closure))
#56 C:/Users/Jessa/Downloads/pairfect-paws-web (2)/pairfect-paws-web/vendor/laravel/framework/src/Illuminate/Pipeline/Pipeline.php(137): Illuminate/Pipeline/Pipeline->Illuminate/Pipeline/{closure}(Object(Illuminate/Http/Request))
#57 C:/Users/Jessa/Downloads/pairfect-paws-web (2)/pairfect-paws-web/vendor/laravel/framework/src/Illuminate/Foundation/Http/Kernel.php(175): Illuminate/Pipeline/Pipeline->then(Object(Closure))
#58 C:/Users/Jessa/Downloads/pairfect-paws-web (2)/pairfect-paws-web/vendor/laravel/framework/src/Illuminate/Foundation/Http/Kernel.php(144): Illuminate/Foundation/Http/Kernel->sendRequestThroughRouter(Object(Illuminate/Http/Request))
#59 C:/Users/Jessa/Downloads/pairfect-paws-web (2)/pairfect-paws-web/vendor/laravel/framework/src/Illuminate/Foundation/Application.php(1220): Illuminate/Foundation/Http/Kernel->handle(Object(Illuminate/Http/Request))
#60 C:/Users/Jessa/Downloads/pairfect-paws-web (2)/pairfect-paws-web/public/index.php(18): Illuminate/Foundation/Application->handleRequest(Object(Illuminate/Http/Request))
#61 C:/Users/Jessa/Downloads/pairfect-paws-web (2)/pairfect-paws-web/vendor/laravel/framework/src/Illuminate/Foundation/resources/server.php(23): require_once('C://Users//Jessa//...')
#62 {main}
"} 
[2026-08-05 01:13:16] local.ERROR: syntax error, unexpected token "endif" (View: C:\Users\Jessa\Downloads\pairfect-paws-web (2)\pairfect-paws-web\resources\views\admin\dashboard\index.blade.php) {"userId":2,"exception":"[object] (Illuminate\\View\\ViewException(code: 0): syntax error, unexpected token \"endif\" (View: C:\\Users\\Jessa\\Downloads\\pairfect-paws-web (2)\\pairfect-paws-web\\resources\\views\\admin\\dashboard\\index.blade.php) at C:/Users/Jessa/Downloads/pairfect-paws-web (2)/pairfect-paws-web/storage/framework/views/a7462be9d831fa4b00fda4f1ef3205e1.php:89)
[stacktrace]
#0 C:/Users/Jessa/Downloads/pairfect-paws-web (2)/pairfect-paws-web/vendor/laravel/framework/src/Illuminate/View/Engines/PhpEngine.php(59): Illuminate/View/Engines/CompilerEngine->handleViewException(Object(ParseError), 1)
#1 C:/Users/Jessa/Downloads/pairfect-paws-web (2)/pairfect-paws-web/vendor/laravel/framework/src/Illuminate/View/Engines/CompilerEngine.php(76): Illuminate/View/Engines/PhpEngine->evaluatePath('C://Users//Jessa//...', Array)
#2 C:/Users/Jessa/Downloads/pairfect-paws-web (2)/pairfect-paws-web/vendor/laravel/framework/src/Illuminate/View/View.php(208): Illuminate/View/Engines/CompilerEngine->get('C://Users//Jessa//...', Array)
#3 C:/Users/Jessa/Downloads/pairfect-paws-web (2)/pairfect-paws-web/vendor/laravel/framework/src/Illuminate/View/View.php(191): Illuminate/View/View->getContents()
#4 C:/Users/Jessa/Downloads/pairfect-paws-web (2)/pairfect-paws-web/vendor/laravel/framework/src/Illuminate/View/View.php(160): Illuminate/View/View->renderContents()
#5 C:/Users/Jessa/Downloads/pairfect-paws-web (2)/pairfect-paws-web/vendor/laravel/framework/src/Illuminate/Http/Response.php(78): Illuminate/View/View->render()
#6 C:/Users/Jessa/Downloads/pairfect-paws-web (2)/pairfect-paws-web/vendor/laravel/framework/src/Illuminate/Http/Response.php(34): Illuminate/Http/Response->setContent(Object(Illuminate/View/View))
#7 C:/Users/Jessa/Downloads/pairfect-paws-web (2)/pairfect-paws-web/vendor/laravel/framework/src/Illuminate/Routing/Router.php(939): Illuminate/Http/Response->__construct(Object(Illuminate/View/View), 200, Array)
#8 C:/Users/Jessa/Downloads/pairfect-paws-web (2)/pairfect-paws-web/vendor/laravel/framework/src/Illuminate/Routing/Router.php(906): Illuminate/Routing/Router::toResponse(Object(Illuminate/Http/Request), Object(Illuminate/View/View))
#9 C:/Users/Jessa/Downloads/pairfect-paws-web (2)/pairfect-paws-web/vendor/laravel/framework/src/Illuminate/Routing/Router.php(821): Illuminate/Routing/Router->prepareResponse(Object(Illuminate/Http/Request), Object(Illuminate/View/View))
#10 C:/Users/Jessa/Downloads/pairfect-paws-web (2)/pairfect-paws-web/vendor/laravel/framework/src/Illuminate/Pipeline/Pipeline.php(180): Illuminate/Routing/Router->Illuminate/Routing/{closure}(Object(Illuminate/Http/Request))
#11 C:/Users/Jessa/Downloads/pairfect-paws-web (2)/pairfect-paws-web/app/Http/Middleware/EnsureUserIsStaff.php(32): Illuminate/Pipeline/Pipeline->Illuminate/Pipeline/{closure}(Object(Illuminate/Http/Request))
#12 C:/Users/Jessa/Downloads/pairfect-paws-web (2)/pairfect-paws-web/vendor/laravel/framework/src/Illuminate/Pipeline/Pipeline.php(219): App/Http/Middleware/EnsureUserIsStaff->handle(Object(Illuminate/Http/Request), Object(Closure))
#13 C:/Users/Jessa/Downloads/pairfect-paws-web (2)/pairfect-paws-web/app/Http/Middleware/SecurityHeaders.php(19): Illuminate/Pipeline/Pipeline->Illuminate/Pipeline/{closure}(Object(Illuminate/Http/Request))
#14 C:/Users/Jessa/Downloads/pairfect-paws-web (2)/pairfect-paws-web/vendor/laravel/framework/src/Illuminate/Pipeline/Pipeline.php(219): App/Http/Middleware/SecurityHeaders->handle(Object(Illuminate/Http/Request), Object(Closure))
#15 C:/Users/Jessa/Downloads/pairfect-paws-web (2)/pairfect-paws-web/vendor/laravel/framework/src/Illuminate/Routing/Middleware/SubstituteBindings.php(50): Illuminate/Pipeline/Pipeline->Illuminate/Pipeline/{closure}(Object(Illuminate/Http/Request))
#16 C:/Users/Jessa/Downloads/pairfect-paws-web (2)/pairfect-paws-web/vendor/laravel/framework/src/Illuminate/Pipeline/Pipeline.php(219): Illuminate/Routing/Middleware/SubstituteBindings->handle(Object(Illuminate/Http/Request), Object(Closure))
#17 C:/Users/Jessa/Downloads/pairfect-paws-web (2)/pairfect-paws-web/vendor/laravel/framework/src/Illuminate/Auth/Middleware/Authenticate.php(63): Illuminate/Pipeline/Pipeline->Illuminate/Pipeline/{closure}(Object(Illuminate/Http/Request))
#18 C:/Users/Jessa/Downloads/pairfect-paws-web (2)/pairfect-paws-web/vendor/laravel/framework/src/Illuminate/Pipeline/Pipeline.php(219): Illuminate/Auth/Middleware/Authenticate->handle(Object(Illuminate/Http/Request), Object(Closure))
#19 C:/Users/Jessa/Downloads/pairfect-paws-web (2)/pairfect-paws-web/vendor/laravel/framework/src/Illuminate/Foundation/Http/Middleware/VerifyCsrfToken.php(87): Illuminate/Pipeline/Pipeline->Illuminate/Pipeline/{closure}(Object(Illuminate/Http/Request))
#20 C:/Users/Jessa/Downloads/pairfect-paws-web (2)/pairfect-paws-web/vendor/laravel/framework/src/Illuminate/Pipeline/Pipeline.php(219): Illuminate/Foundation/Http/Middleware/VerifyCsrfToken->handle(Object(Illuminate/Http/Request), Object(Closure))
#21 C:/Users/Jessa/Downloads/pairfect-paws-web (2)/pairfect-paws-web/vendor/laravel/framework/src/Illuminate/View/Middleware/ShareErrorsFromSession.php(48): Illuminate/Pipeline/Pipeline->Illuminate/Pipeline/{closure}(Object(Illuminate/Http/Request))
#22 C:/Users/Jessa/Downloads/pairfect-paws-web (2)/pairfect-paws-web/vendor/laravel/framework/src/Illuminate/Pipeline/Pipeline.php(219): Illuminate/View/Middleware/ShareErrorsFromSession->handle(Object(Illuminate/Http/Request), Object(Closure))
#23 C:/Users/Jessa/Downloads/pairfect-paws-web (2)/pairfect-paws-web/vendor/laravel/framework/src/Illuminate/Session/Middleware/StartSession.php(120): Illuminate/Pipeline/Pipeline->Illuminate/Pipeline/{closure}(Object(Illuminate/Http/Request))
#24 C:/Users/Jessa/Downloads/pairfect-paws-web (2)/pairfect-paws-web/vendor/laravel/framework/src/Illuminate/Session/Middleware/StartSession.php(63): Illuminate/Session/Middleware/StartSession->handleStatefulRequest(Object(Illuminate/Http/Request), Object(Illuminate/Session/EncryptedStore), Object(Closure))
#25 C:/Users/Jessa/Downloads/pairfect-paws-web (2)/pairfect-paws-web/vendor/laravel/framework/src/Illuminate/Pipeline/Pipeline.php(219): Illuminate/Session/Middleware/StartSession->handle(Object(Illuminate/Http/Request), Object(Closure))
#26 C:/Users/Jessa/Downloads/pairfect-paws-web (2)/pairfect-paws-web/vendor/laravel/framework/src/Illuminate/Cookie/Middleware/AddQueuedCookiesToResponse.php(36): Illuminate/Pipeline/Pipeline->Illuminate/Pipeline/{closure}(Object(Illuminate/Http/Request))
#27 C:/Users/Jessa/Downloads/pairfect-paws-web (2)/pairfect-paws-web/vendor/laravel/framework/src/Illuminate/Pipeline/Pipeline.php(219): Illuminate/Cookie/Middleware/AddQueuedCookiesToResponse->handle(Object(Illuminate/Http/Request), Object(Closure))
#28 C:/Users/Jessa/Downloads/pairfect-paws-web (2)/pairfect-paws-web/vendor/laravel/framework/src/Illuminate/Cookie/Middleware/EncryptCookies.php(74): Illuminate/Pipeline/Pipeline->Illuminate/Pipeline/{closure}(Object(Illuminate/Http/Request))
#29 C:/Users/Jessa/Downloads/pairfect-paws-web (2)/pairfect-paws-web/vendor/laravel/framework/src/Illuminate/Pipeline/Pipeline.php(219): Illuminate/Cookie/Middleware/EncryptCookies->handle(Object(Illuminate/Http/Request), Object(Closure))
#30 C:/Users/Jessa/Downloads/pairfect-paws-web (2)/pairfect-paws-web/vendor/laravel/framework/src/Illuminate/Pipeline/Pipeline.php(137): Illuminate/Pipeline/Pipeline->Illuminate/Pipeline/{closure}(Object(Illuminate/Http/Request))
#31 C:/Users/Jessa/Downloads/pairfect-paws-web (2)/pairfect-paws-web/vendor/laravel/framework/src/Illuminate/Routing/Router.php(821): Illuminate/Pipeline/Pipeline->then(Object(Closure))
#32 C:/Users/Jessa/Downloads/pairfect-paws-web (2)/pairfect-paws-web/vendor/laravel/framework/src/Illuminate/Routing/Router.php(800): Illuminate/Routing/Router->runRouteWithinStack(Object(Illuminate/Routing/Route), Object(Illuminate/Http/Request))
#33 C:/Users/Jessa/Downloads/pairfect-paws-web (2)/pairfect-paws-web/vendor/laravel/framework/src/Illuminate/Routing/Router.php(764): Illuminate/Routing/Router->runRoute(Object(Illuminate/Http/Request), Object(Illuminate/Routing/Route))
#34 C:/Users/Jessa/Downloads/pairfect-paws-web (2)/pairfect-paws-web/vendor/laravel/framework/src/Illuminate/Routing/Router.php(753): Illuminate/Routing/Router->dispatchToRoute(Object(Illuminate/Http/Request))
#35 C:/Users/Jessa/Downloads/pairfect-paws-web (2)/pairfect-paws-web/vendor/laravel/framework/src/Illuminate/Foundation/Http/Kernel.php(200): Illuminate/Routing/Router->dispatch(Object(Illuminate/Http/Request))
#36 C:/Users/Jessa/Downloads/pairfect-paws-web (2)/pairfect-paws-web/vendor/laravel/framework/src/Illuminate/Pipeline/Pipeline.php(180): Illuminate/Foundation/Http/Kernel->Illuminate/Foundation/Http/{closure}(Object(Illuminate/Http/Request))
#37 C:/Users/Jessa/Downloads/pairfect-paws-web (2)/pairfect-paws-web/vendor/laravel/framework/src/Illuminate/Foundation/Http/Middleware/TransformsRequest.php(21): Illuminate/Pipeline/Pipeline->Illuminate/Pipeline/{closure}(Object(Illuminate/Http/Request))
#38 C:/Users/Jessa/Downloads/pairfect-paws-web (2)/pairfect-paws-web/vendor/laravel/framework/src/Illuminate/Foundation/Http/Middleware/ConvertEmptyStringsToNull.php(31): Illuminate/Foundation/Http/Middleware/TransformsRequest->handle(Object(Illuminate/Http/Request), Object(Closure))
#39 C:/Users/Jessa/Downloads/pairfect-paws-web (2)/pairfect-paws-web/vendor/laravel/framework/src/Illuminate/Pipeline/Pipeline.php(219): Illuminate/Foundation/Http/Middleware/ConvertEmptyStringsToNull->handle(Object(Illuminate/Http/Request), Object(Closure))
#40 C:/Users/Jessa/Downloads/pairfect-paws-web (2)/pairfect-paws-web/vendor/laravel/framework/src/Illuminate/Foundation/Http/Middleware/TransformsRequest.php(21): Illuminate/Pipeline/Pipeline->Illuminate/Pipeline/{closure}(Object(Illuminate/Http/Request))
#41 C:/Users/Jessa/Downloads/pairfect-paws-web (2)/pairfect-paws-web/vendor/laravel/framework/src/Illuminate/Foundation/Http/Middleware/TrimStrings.php(51): Illuminate/Foundation/Http/Middleware/TransformsRequest->handle(Object(Illuminate/Http/Request), Object(Closure))
#42 C:/Users/Jessa/Downloads/pairfect-paws-web (2)/pairfect-paws-web/vendor/laravel/framework/src/Illuminate/Pipeline/Pipeline.php(219): Illuminate/Foundation/Http/Middleware/TrimStrings->handle(Object(Illuminate/Http/Request), Object(Closure))
#43 C:/Users/Jessa/Downloads/pairfect-paws-web (2)/pairfect-paws-web/vendor/laravel/framework/src/Illuminate/Http/Middleware/ValidatePostSize.php(27): Illuminate/Pipeline/Pipeline->Illuminate/Pipeline/{closure}(Object(Illuminate/Http/Request))
#44 C:/Users/Jessa/Downloads/pairfect-paws-web (2)/pairfect-paws-web/vendor/laravel/framework/src/Illuminate/Pipeline/Pipeline.php(219): Illuminate/Http/Middleware/ValidatePostSize->handle(Object(Illuminate/Http/Request), Object(Closure))
#45 C:/Users/Jessa/Downloads/pairfect-paws-web (2)/pairfect-paws-web/vendor/laravel/framework/src/Illuminate/Foundation/Http/Middleware/PreventRequestsDuringMaintenance.php(109): Illuminate/Pipeline/Pipeline->Illuminate/Pipeline/{closure}(Object(Illuminate/Http/Request))
#46 C:/Users/Jessa/Downloads/pairfect-paws-web (2)/pairfect-paws-web/vendor/laravel/framework/src/Illuminate/Pipeline/Pipeline.php(219): Illuminate/Foundation/Http/Middleware/PreventRequestsDuringMaintenance->handle(Object(Illuminate/Http/Request), Object(Closure))
#47 C:/Users/Jessa/Downloads/pairfect-paws-web (2)/pairfect-paws-web/vendor/laravel/framework/src/Illuminate/Http/Middleware/HandleCors.php(61): Illuminate/Pipeline/Pipeline->Illuminate/Pipeline/{closure}(Object(Illuminate/Http/Request))
#48 C:/Users/Jessa/Downloads/pairfect-paws-web (2)/pairfect-paws-web/vendor/laravel/framework/src/Illuminate/Pipeline/Pipeline.php(219): Illuminate/Http/Middleware/HandleCors->handle(Object(Illuminate/Http/Request), Object(Closure))
#49 C:/Users/Jessa/Downloads/pairfect-paws-web (2)/pairfect-paws-web/vendor/laravel/framework/src/Illuminate/Http/Middleware/TrustProxies.php(58): Illuminate/Pipeline/Pipeline->Illuminate/Pipeline/{closure}(Object(Illuminate/Http/Request))
#50 C:/Users/Jessa/Downloads/pairfect-paws-web (2)/pairfect-paws-web/vendor/laravel/framework/src/Illuminate/Pipeline/Pipeline.php(219): Illuminate/Http/Middleware/TrustProxies->handle(Object(Illuminate/Http/Request), Object(Closure))
#51 C:/Users/Jessa/Downloads/pairfect-paws-web (2)/pairfect-paws-web/vendor/laravel/framework/src/Illuminate/Foundation/Http/Middleware/InvokeDeferredCallbacks.php(22): Illuminate/Pipeline/Pipeline->Illuminate/Pipeline/{closure}(Object(Illuminate/Http/Request))
#52 C:/Users/Jessa/Downloads/pairfect-paws-web (2)/pairfect-paws-web/vendor/laravel/framework/src/Illuminate/Pipeline/Pipeline.php(219): Illuminate/Foundation/Http/Middleware/InvokeDeferredCallbacks->handle(Object(Illuminate/Http/Request), Object(Closure))
#53 C:/Users/Jessa/Downloads/pairfect-paws-web (2)/pairfect-paws-web/vendor/laravel/framework/src/Illuminate/Http/Middleware/ValidatePathEncoding.php(26): Illuminate/Pipeline/Pipeline->Illuminate/Pipeline/{closure}(Object(Illuminate/Http/Request))
#54 C:/Users/Jessa/Downloads/pairfect-paws-web (2)/pairfect-paws-web/vendor/laravel/framework/src/Illuminate/Pipeline/Pipeline.php(219): Illuminate/Http/Middleware/ValidatePathEncoding->handle(Object(Illuminate/Http/Request), Object(Closure))
#55 C:/Users/Jessa/Downloads/pairfect-paws-web (2)/pairfect-paws-web/vendor/laravel/framework/src/Illuminate/Pipeline/Pipeline.php(137): Illuminate/Pipeline/Pipeline->Illuminate/Pipeline/{closure}(Object(Illuminate/Http/Request))
#56 C:/Users/Jessa/Downloads/pairfect-paws-web (2)/pairfect-paws-web/vendor/laravel/framework/src/Illuminate/Foundation/Http/Kernel.php(175): Illuminate/Pipeline/Pipeline->then(Object(Closure))
#57 C:/Users/Jessa/Downloads/pairfect-paws-web (2)/pairfect-paws-web/vendor/laravel/framework/src/Illuminate/Foundation/Http/Kernel.php(144): Illuminate/Foundation/Http/Kernel->sendRequestThroughRouter(Object(Illuminate/Http/Request))
#58 C:/Users/Jessa/Downloads/pairfect-paws-web (2)/pairfect-paws-web/vendor/laravel/framework/src/Illuminate/Foundation/Application.php(1220): Illuminate/Foundation/Http/Kernel->handle(Object(Illuminate/Http/Request))
#59 C:/Users/Jessa/Downloads/pairfect-paws-web (2)/pairfect-paws-web/public/index.php(18): Illuminate/Foundation/Application->handleRequest(Object(Illuminate/Http/Request))
#60 C:/Users/Jessa/Downloads/pairfect-paws-web (2)/pairfect-paws-web/vendor/laravel/framework/src/Illuminate/Foundation/resources/server.php(23): require_once('C://Users//Jessa//...')
#61 {main}

[previous exception] [object] (ParseError(code: 0): syntax error, unexpected token \"endif\" at C:/Users/Jessa/Downloads/pairfect-paws-web (2)/pairfect-paws-web/storage/framework/views/a7462be9d831fa4b00fda4f1ef3205e1.php:89)
[stacktrace]
#0 C:/Users/Jessa/Downloads/pairfect-paws-web (2)/pairfect-paws-web/vendor/laravel/framework/src/Illuminate/Filesystem/Filesystem.php(124): Illuminate/Filesystem/Filesystem::Illuminate/Filesystem/{closure}()
#1 C:/Users/Jessa/Downloads/pairfect-paws-web (2)/pairfect-paws-web/vendor/laravel/framework/src/Illuminate/View/Engines/PhpEngine.php(57): Illuminate/Filesystem/Filesystem->getRequire('C://Users//Jessa//...', Array)
#2 C:/Users/Jessa/Downloads/pairfect-paws-web (2)/pairfect-paws-web/vendor/laravel/framework/src/Illuminate/View/Engines/CompilerEngine.php(76): Illuminate/View/Engines/PhpEngine->evaluatePath('C://Users//Jessa//...', Array)
#3 C:/Users/Jessa/Downloads/pairfect-paws-web (2)/pairfect-paws-web/vendor/laravel/framework/src/Illuminate/View/View.php(208): Illuminate/View/Engines/CompilerEngine->get('C://Users//Jessa//...', Array)
#4 C:/Users/Jessa/Downloads/pairfect-paws-web (2)/pairfect-paws-web/vendor/laravel/framework/src/Illuminate/View/View.php(191): Illuminate/View/View->getContents()
#5 C:/Users/Jessa/Downloads/pairfect-paws-web (2)/pairfect-paws-web/vendor/laravel/framework/src/Illuminate/View/View.php(160): Illuminate/View/View->renderContents()
#6 C:/Users/Jessa/Downloads/pairfect-paws-web (2)/pairfect-paws-web/vendor/laravel/framework/src/Illuminate/Http/Response.php(78): Illuminate/View/View->render()
#7 C:/Users/Jessa/Downloads/pairfect-paws-web (2)/pairfect-paws-web/vendor/laravel/framework/src/Illuminate/Http/Response.php(34): Illuminate/Http/Response->setContent(Object(Illuminate/View/View))
#8 C:/Users/Jessa/Downloads/pairfect-paws-web (2)/pairfect-paws-web/vendor/laravel/framework/src/Illuminate/Routing/Router.php(939): Illuminate/Http/Response->__construct(Object(Illuminate/View/View), 200, Array)
#9 C:/Users/Jessa/Downloads/pairfect-paws-web (2)/pairfect-paws-web/vendor/laravel/framework/src/Illuminate/Routing/Router.php(906): Illuminate/Routing/Router::toResponse(Object(Illuminate/Http/Request), Object(Illuminate/View/View))
#10 C:/Users/Jessa/Downloads/pairfect-paws-web (2)/pairfect-paws-web/vendor/laravel/framework/src/Illuminate/Routing/Router.php(821): Illuminate/Routing/Router->prepareResponse(Object(Illuminate/Http/Request), Object(Illuminate/View/View))
#11 C:/Users/Jessa/Downloads/pairfect-paws-web (2)/pairfect-paws-web/vendor/laravel/framework/src/Illuminate/Pipeline/Pipeline.php(180): Illuminate/Routing/Router->Illuminate/Routing/{closure}(Object(Illuminate/Http/Request))
#12 C:/Users/Jessa/Downloads/pairfect-paws-web (2)/pairfect-paws-web/app/Http/Middleware/EnsureUserIsStaff.php(32): Illuminate/Pipeline/Pipeline->Illuminate/Pipeline/{closure}(Object(Illuminate/Http/Request))
#13 C:/Users/Jessa/Downloads/pairfect-paws-web (2)/pairfect-paws-web/vendor/laravel/framework/src/Illuminate/Pipeline/Pipeline.php(219): App/Http/Middleware/EnsureUserIsStaff->handle(Object(Illuminate/Http/Request), Object(Closure))
#14 C:/Users/Jessa/Downloads/pairfect-paws-web (2)/pairfect-paws-web/app/Http/Middleware/SecurityHeaders.php(19): Illuminate/Pipeline/Pipeline->Illuminate/Pipeline/{closure}(Object(Illuminate/Http/Request))
#15 C:/Users/Jessa/Downloads/pairfect-paws-web (2)/pairfect-paws-web/vendor/laravel/framework/src/Illuminate/Pipeline/Pipeline.php(219): App/Http/Middleware/SecurityHeaders->handle(Object(Illuminate/Http/Request), Object(Closure))
#16 C:/Users/Jessa/Downloads/pairfect-paws-web (2)/pairfect-paws-web/vendor/laravel/framework/src/Illuminate/Routing/Middleware/SubstituteBindings.php(50): Illuminate/Pipeline/Pipeline->Illuminate/Pipeline/{closure}(Object(Illuminate/Http/Request))
#17 C:/Users/Jessa/Downloads/pairfect-paws-web (2)/pairfect-paws-web/vendor/laravel/framework/src/Illuminate/Pipeline/Pipeline.php(219): Illuminate/Routing/Middleware/SubstituteBindings->handle(Object(Illuminate/Http/Request), Object(Closure))
#18 C:/Users/Jessa/Downloads/pairfect-paws-web (2)/pairfect-paws-web/vendor/laravel/framework/src/Illuminate/Auth/Middleware/Authenticate.php(63): Illuminate/Pipeline/Pipeline->Illuminate/Pipeline/{closure}(Object(Illuminate/Http/Request))
#19 C:/Users/Jessa/Downloads/pairfect-paws-web (2)/pairfect-paws-web/vendor/laravel/framework/src/Illuminate/Pipeline/Pipeline.php(219): Illuminate/Auth/Middleware/Authenticate->handle(Object(Illuminate/Http/Request), Object(Closure))
#20 C:/Users/Jessa/Downloads/pairfect-paws-web (2)/pairfect-paws-web/vendor/laravel/framework/src/Illuminate/Foundation/Http/Middleware/VerifyCsrfToken.php(87): Illuminate/Pipeline/Pipeline->Illuminate/Pipeline/{closure}(Object(Illuminate/Http/Request))
#21 C:/Users/Jessa/Downloads/pairfect-paws-web (2)/pairfect-paws-web/vendor/laravel/framework/src/Illuminate/Pipeline/Pipeline.php(219): Illuminate/Foundation/Http/Middleware/VerifyCsrfToken->handle(Object(Illuminate/Http/Request), Object(Closure))
#22 C:/Users/Jessa/Downloads/pairfect-paws-web (2)/pairfect-paws-web/vendor/laravel/framework/src/Illuminate/View/Middleware/ShareErrorsFromSession.php(48): Illuminate/Pipeline/Pipeline->Illuminate/Pipeline/{closure}(Object(Illuminate/Http/Request))
#23 C:/Users/Jessa/Downloads/pairfect-paws-web (2)/pairfect-paws-web/vendor/laravel/framework/src/Illuminate/Pipeline/Pipeline.php(219): Illuminate/View/Middleware/ShareErrorsFromSession->handle(Object(Illuminate/Http/Request), Object(Closure))
#24 C:/Users/Jessa/Downloads/pairfect-paws-web (2)/pairfect-paws-web/vendor/laravel/framework/src/Illuminate/Session/Middleware/StartSession.php(120): Illuminate/Pipeline/Pipeline->Illuminate/Pipeline/{closure}(Object(Illuminate/Http/Request))
#25 C:/Users/Jessa/Downloads/pairfect-paws-web (2)/pairfect-paws-web/vendor/laravel/framework/src/Illuminate/Session/Middleware/StartSession.php(63): Illuminate/Session/Middleware/StartSession->handleStatefulRequest(Object(Illuminate/Http/Request), Object(Illuminate/Session/EncryptedStore), Object(Closure))
#26 C:/Users/Jessa/Downloads/pairfect-paws-web (2)/pairfect-paws-web/vendor/laravel/framework/src/Illuminate/Pipeline/Pipeline.php(219): Illuminate/Session/Middleware/StartSession->handle(Object(Illuminate/Http/Request), Object(Closure))
#27 C:/Users/Jessa/Downloads/pairfect-paws-web (2)/pairfect-paws-web/vendor/laravel/framework/src/Illuminate/Cookie/Middleware/AddQueuedCookiesToResponse.php(36): Illuminate/Pipeline/Pipeline->Illuminate/Pipeline/{closure}(Object(Illuminate/Http/Request))
#28 C:/Users/Jessa/Downloads/pairfect-paws-web (2)/pairfect-paws-web/vendor/laravel/framework/src/Illuminate/Pipeline/Pipeline.php(219): Illuminate/Cookie/Middleware/AddQueuedCookiesToResponse->handle(Object(Illuminate/Http/Request), Object(Closure))
#29 C:/Users/Jessa/Downloads/pairfect-paws-web (2)/pairfect-paws-web/vendor/laravel/framework/src/Illuminate/Cookie/Middleware/EncryptCookies.php(74): Illuminate/Pipeline/Pipeline->Illuminate/Pipeline/{closure}(Object(Illuminate/Http/Request))
#30 C:/Users/Jessa/Downloads/pairfect-paws-web (2)/pairfect-paws-web/vendor/laravel/framework/src/Illuminate/Pipeline/Pipeline.php(219): Illuminate/Cookie/Middleware/EncryptCookies->handle(Object(Illuminate/Http/Request), Object(Closure))
#31 C:/Users/Jessa/Downloads/pairfect-paws-web (2)/pairfect-paws-web/vendor/laravel/framework/src/Illuminate/Pipeline/Pipeline.php(137): Illuminate/Pipeline/Pipeline->Illuminate/Pipeline/{closure}(Object(Illuminate/Http/Request))
#32 C:/Users/Jessa/Downloads/pairfect-paws-web (2)/pairfect-paws-web/vendor/laravel/framework/src/Illuminate/Routing/Router.php(821): Illuminate/Pipeline/Pipeline->then(Object(Closure))
#33 C:/Users/Jessa/Downloads/pairfect-paws-web (2)/pairfect-paws-web/vendor/laravel/framework/src/Illuminate/Routing/Router.php(800): Illuminate/Routing/Router->runRouteWithinStack(Object(Illuminate/Routing/Route), Object(Illuminate/Http/Request))
#34 C:/Users/Jessa/Downloads/pairfect-paws-web (2)/pairfect-paws-web/vendor/laravel/framework/src/Illuminate/Routing/Router.php(764): Illuminate/Routing/Router->runRoute(Object(Illuminate/Http/Request), Object(Illuminate/Routing/Route))
#35 C:/Users/Jessa/Downloads/pairfect-paws-web (2)/pairfect-paws-web/vendor/laravel/framework/src/Illuminate/Routing/Router.php(753): Illuminate/Routing/Router->dispatchToRoute(Object(Illuminate/Http/Request))
#36 C:/Users/Jessa/Downloads/pairfect-paws-web (2)/pairfect-paws-web/vendor/laravel/framework/src/Illuminate/Foundation/Http/Kernel.php(200): Illuminate/Routing/Router->dispatch(Object(Illuminate/Http/Request))
#37 C:/Users/Jessa/Downloads/pairfect-paws-web (2)/pairfect-paws-web/vendor/laravel/framework/src/Illuminate/Pipeline/Pipeline.php(180): Illuminate/Foundation/Http/Kernel->Illuminate/Foundation/Http/{closure}(Object(Illuminate/Http/Request))
#38 C:/Users/Jessa/Downloads/pairfect-paws-web (2)/pairfect-paws-web/vendor/laravel/framework/src/Illuminate/Foundation/Http/Middleware/TransformsRequest.php(21): Illuminate/Pipeline/Pipeline->Illuminate/Pipeline/{closure}(Object(Illuminate/Http/Request))
#39 C:/Users/Jessa/Downloads/pairfect-paws-web (2)/pairfect-paws-web/vendor/laravel/framework/src/Illuminate/Foundation/Http/Middleware/ConvertEmptyStringsToNull.php(31): Illuminate/Foundation/Http/Middleware/TransformsRequest->handle(Object(Illuminate/Http/Request), Object(Closure))
#40 C:/Users/Jessa/Downloads/pairfect-paws-web (2)/pairfect-paws-web/vendor/laravel/framework/src/Illuminate/Pipeline/Pipeline.php(219): Illuminate/Foundation/Http/Middleware/ConvertEmptyStringsToNull->handle(Object(Illuminate/Http/Request), Object(Closure))
#41 C:/Users/Jessa/Downloads/pairfect-paws-web (2)/pairfect-paws-web/vendor/laravel/framework/src/Illuminate/Foundation/Http/Middleware/TransformsRequest.php(21): Illuminate/Pipeline/Pipeline->Illuminate/Pipeline/{closure}(Object(Illuminate/Http/Request))
#42 C:/Users/Jessa/Downloads/pairfect-paws-web (2)/pairfect-paws-web/vendor/laravel/framework/src/Illuminate/Foundation/Http/Middleware/TrimStrings.php(51): Illuminate/Foundation/Http/Middleware/TransformsRequest->handle(Object(Illuminate/Http/Request), Object(Closure))
#43 C:/Users/Jessa/Downloads/pairfect-paws-web (2)/pairfect-paws-web/vendor/laravel/framework/src/Illuminate/Pipeline/Pipeline.php(219): Illuminate/Foundation/Http/Middleware/TrimStrings->handle(Object(Illuminate/Http/Request), Object(Closure))
#44 C:/Users/Jessa/Downloads/pairfect-paws-web (2)/pairfect-paws-web/vendor/laravel/framework/src/Illuminate/Http/Middleware/ValidatePostSize.php(27): Illuminate/Pipeline/Pipeline->Illuminate/Pipeline/{closure}(Object(Illuminate/Http/Request))
#45 C:/Users/Jessa/Downloads/pairfect-paws-web (2)/pairfect-paws-web/vendor/laravel/framework/src/Illuminate/Pipeline/Pipeline.php(219): Illuminate/Http/Middleware/ValidatePostSize->handle(Object(Illuminate/Http/Request), Object(Closure))
#46 C:/Users/Jessa/Downloads/pairfect-paws-web (2)/pairfect-paws-web/vendor/laravel/framework/src/Illuminate/Foundation/Http/Middleware/PreventRequestsDuringMaintenance.php(109): Illuminate/Pipeline/Pipeline->Illuminate/Pipeline/{closure}(Object(Illuminate/Http/Request))
#47 C:/Users/Jessa/Downloads/pairfect-paws-web (2)/pairfect-paws-web/vendor/laravel/framework/src/Illuminate/Pipeline/Pipeline.php(219): Illuminate/Foundation/Http/Middleware/PreventRequestsDuringMaintenance->handle(Object(Illuminate/Http/Request), Object(Closure))
#48 C:/Users/Jessa/Downloads/pairfect-paws-web (2)/pairfect-paws-web/vendor/laravel/framework/src/Illuminate/Http/Middleware/HandleCors.php(61): Illuminate/Pipeline/Pipeline->Illuminate/Pipeline/{closure}(Object(Illuminate/Http/Request))
#49 C:/Users/Jessa/Downloads/pairfect-paws-web (2)/pairfect-paws-web/vendor/laravel/framework/src/Illuminate/Pipeline/Pipeline.php(219): Illuminate/Http/Middleware/HandleCors->handle(Object(Illuminate/Http/Request), Object(Closure))
#50 C:/Users/Jessa/Downloads/pairfect-paws-web (2)/pairfect-paws-web/vendor/laravel/framework/src/Illuminate/Http/Middleware/TrustProxies.php(58): Illuminate/Pipeline/Pipeline->Illuminate/Pipeline/{closure}(Object(Illuminate/Http/Request))
#51 C:/Users/Jessa/Downloads/pairfect-paws-web (2)/pairfect-paws-web/vendor/laravel/framework/src/Illuminate/Pipeline/Pipeline.php(219): Illuminate/Http/Middleware/TrustProxies->handle(Object(Illuminate/Http/Request), Object(Closure))
#52 C:/Users/Jessa/Downloads/pairfect-paws-web (2)/pairfect-paws-web/vendor/laravel/framework/src/Illuminate/Foundation/Http/Middleware/InvokeDeferredCallbacks.php(22): Illuminate/Pipeline/Pipeline->Illuminate/Pipeline/{closure}(Object(Illuminate/Http/Request))
#53 C:/Users/Jessa/Downloads/pairfect-paws-web (2)/pairfect-paws-web/vendor/laravel/framework/src/Illuminate/Pipeline/Pipeline.php(219): Illuminate/Foundation/Http/Middleware/InvokeDeferredCallbacks->handle(Object(Illuminate/Http/Request), Object(Closure))
#54 C:/Users/Jessa/Downloads/pairfect-paws-web (2)/pairfect-paws-web/vendor/laravel/framework/src/Illuminate/Http/Middleware/ValidatePathEncoding.php(26): Illuminate/Pipeline/Pipeline->Illuminate/Pipeline/{closure}(Object(Illuminate/Http/Request))
#55 C:/Users/Jessa/Downloads/pairfect-paws-web (2)/pairfect-paws-web/vendor/laravel/framework/src/Illuminate/Pipeline/Pipeline.php(219): Illuminate/Http/Middleware/ValidatePathEncoding->handle(Object(Illuminate/Http/Request), Object(Closure))
#56 C:/Users/Jessa/Downloads/pairfect-paws-web (2)/pairfect-paws-web/vendor/laravel/framework/src/Illuminate/Pipeline/Pipeline.php(137): Illuminate/Pipeline/Pipeline->Illuminate/Pipeline/{closure}(Object(Illuminate/Http/Request))
#57 C:/Users/Jessa/Downloads/pairfect-paws-web (2)/pairfect-paws-web/vendor/laravel/framework/src/Illuminate/Foundation/Http/Kernel.php(175): Illuminate/Pipeline/Pipeline->then(Object(Closure))
#58 C:/Users/Jessa/Downloads/pairfect-paws-web (2)/pairfect-paws-web/vendor/laravel/framework/src/Illuminate/Foundation/Http/Kernel.php(144): Illuminate/Foundation/Http/Kernel->sendRequestThroughRouter(Object(Illuminate/Http/Request))
#59 C:/Users/Jessa/Downloads/pairfect-paws-web (2)/pairfect-paws-web/vendor/laravel/framework/src/Illuminate/Foundation/Application.php(1220): Illuminate/Foundation/Http/Kernel->handle(Object(Illuminate/Http/Request))
#60 C:/Users/Jessa/Downloads/pairfect-paws-web (2)/pairfect-paws-web/public/index.php(18): Illuminate/Foundation/Application->handleRequest(Object(Illuminate/Http/Request))
#61 C:/Users/Jessa/Downloads/pairfect-paws-web (2)/pairfect-paws-web/vendor/laravel/framework/src/Illuminate/Foundation/resources/server.php(23): require_once('C://Users//Jessa//...')
#62 {main}
"} 
[2026-08-05 01:19:55] local.ERROR: syntax error, unexpected token "endif" (View: C:\Users\Jessa\Downloads\pairfect-paws-web (2)\pairfect-paws-web\resources\views\admin\dashboard\index.blade.php) {"userId":2,"exception":"[object] (Illuminate\\View\\ViewException(code: 0): syntax error, unexpected token \"endif\" (View: C:\\Users\\Jessa\\Downloads\\pairfect-paws-web (2)\\pairfect-paws-web\\resources\\views\\admin\\dashboard\\index.blade.php) at C:/Users/Jessa/Downloads/pairfect-paws-web (2)/pairfect-paws-web/storage/framework/views/a7462be9d831fa4b00fda4f1ef3205e1.php:89)
[stacktrace]
#0 C:/Users/Jessa/Downloads/pairfect-paws-web (2)/pairfect-paws-web/vendor/laravel/framework/src/Illuminate/View/Engines/PhpEngine.php(59): Illuminate/View/Engines/CompilerEngine->handleViewException(Object(ParseError), 1)
#1 C:/Users/Jessa/Downloads/pairfect-paws-web (2)/pairfect-paws-web/vendor/laravel/framework/src/Illuminate/View/Engines/CompilerEngine.php(76): Illuminate/View/Engines/PhpEngine->evaluatePath('C://Users//Jessa//...', Array)
#2 C:/Users/Jessa/Downloads/pairfect-paws-web (2)/pairfect-paws-web/vendor/laravel/framework/src/Illuminate/View/View.php(208): Illuminate/View/Engines/CompilerEngine->get('C://Users//Jessa//...', Array)
#3 C:/Users/Jessa/Downloads/pairfect-paws-web (2)/pairfect-paws-web/vendor/laravel/framework/src/Illuminate/View/View.php(191): Illuminate/View/View->getContents()
#4 C:/Users/Jessa/Downloads/pairfect-paws-web (2)/pairfect-paws-web/vendor/laravel/framework/src/Illuminate/View/View.php(160): Illuminate/View/View->renderContents()
#5 C:/Users/Jessa/Downloads/pairfect-paws-web (2)/pairfect-paws-web/vendor/laravel/framework/src/Illuminate/Http/Response.php(78): Illuminate/View/View->render()
#6 C:/Users/Jessa/Downloads/pairfect-paws-web (2)/pairfect-paws-web/vendor/laravel/framework/src/Illuminate/Http/Response.php(34): Illuminate/Http/Response->setContent(Object(Illuminate/View/View))
#7 C:/Users/Jessa/Downloads/pairfect-paws-web (2)/pairfect-paws-web/vendor/laravel/framework/src/Illuminate/Routing/Router.php(939): Illuminate/Http/Response->__construct(Object(Illuminate/View/View), 200, Array)
#8 C:/Users/Jessa/Downloads/pairfect-paws-web (2)/pairfect-paws-web/vendor/laravel/framework/src/Illuminate/Routing/Router.php(906): Illuminate/Routing/Router::toResponse(Object(Illuminate/Http/Request), Object(Illuminate/View/View))
#9 C:/Users/Jessa/Downloads/pairfect-paws-web (2)/pairfect-paws-web/vendor/laravel/framework/src/Illuminate/Routing/Router.php(821): Illuminate/Routing/Router->prepareResponse(Object(Illuminate/Http/Request), Object(Illuminate/View/View))
#10 C:/Users/Jessa/Downloads/pairfect-paws-web (2)/pairfect-paws-web/vendor/laravel/framework/src/Illuminate/Pipeline/Pipeline.php(180): Illuminate/Routing/Router->Illuminate/Routing/{closure}(Object(Illuminate/Http/Request))
#11 C:/Users/Jessa/Downloads/pairfect-paws-web (2)/pairfect-paws-web/app/Http/Middleware/EnsureUserIsStaff.php(32): Illuminate/Pipeline/Pipeline->Illuminate/Pipeline/{closure}(Object(Illuminate/Http/Request))
#12 C:/Users/Jessa/Downloads/pairfect-paws-web (2)/pairfect-paws-web/vendor/laravel/framework/src/Illuminate/Pipeline/Pipeline.php(219): App/Http/Middleware/EnsureUserIsStaff->handle(Object(Illuminate/Http/Request), Object(Closure))
#13 C:/Users/Jessa/Downloads/pairfect-paws-web (2)/pairfect-paws-web/app/Http/Middleware/SecurityHeaders.php(19): Illuminate/Pipeline/Pipeline->Illuminate/Pipeline/{closure}(Object(Illuminate/Http/Request))
#14 C:/Users/Jessa/Downloads/pairfect-paws-web (2)/pairfect-paws-web/vendor/laravel/framework/src/Illuminate/Pipeline/Pipeline.php(219): App/Http/Middleware/SecurityHeaders->handle(Object(Illuminate/Http/Request), Object(Closure))
#15 C:/Users/Jessa/Downloads/pairfect-paws-web (2)/pairfect-paws-web/vendor/laravel/framework/src/Illuminate/Routing/Middleware/SubstituteBindings.php(50): Illuminate/Pipeline/Pipeline->Illuminate/Pipeline/{closure}(Object(Illuminate/Http/Request))
#16 C:/Users/Jessa/Downloads/pairfect-paws-web (2)/pairfect-paws-web/vendor/laravel/framework/src/Illuminate/Pipeline/Pipeline.php(219): Illuminate/Routing/Middleware/SubstituteBindings->handle(Object(Illuminate/Http/Request), Object(Closure))
#17 C:/Users/Jessa/Downloads/pairfect-paws-web (2)/pairfect-paws-web/vendor/laravel/framework/src/Illuminate/Auth/Middleware/Authenticate.php(63): Illuminate/Pipeline/Pipeline->Illuminate/Pipeline/{closure}(Object(Illuminate/Http/Request))
#18 C:/Users/Jessa/Downloads/pairfect-paws-web (2)/pairfect-paws-web/vendor/laravel/framework/src/Illuminate/Pipeline/Pipeline.php(219): Illuminate/Auth/Middleware/Authenticate->handle(Object(Illuminate/Http/Request), Object(Closure))
#19 C:/Users/Jessa/Downloads/pairfect-paws-web (2)/pairfect-paws-web/vendor/laravel/framework/src/Illuminate/Foundation/Http/Middleware/VerifyCsrfToken.php(87): Illuminate/Pipeline/Pipeline->Illuminate/Pipeline/{closure}(Object(Illuminate/Http/Request))
#20 C:/Users/Jessa/Downloads/pairfect-paws-web (2)/pairfect-paws-web/vendor/laravel/framework/src/Illuminate/Pipeline/Pipeline.php(219): Illuminate/Foundation/Http/Middleware/VerifyCsrfToken->handle(Object(Illuminate/Http/Request), Object(Closure))
#21 C:/Users/Jessa/Downloads/pairfect-paws-web (2)/pairfect-paws-web/vendor/laravel/framework/src/Illuminate/View/Middleware/ShareErrorsFromSession.php(48): Illuminate/Pipeline/Pipeline->Illuminate/Pipeline/{closure}(Object(Illuminate/Http/Request))
#22 C:/Users/Jessa/Downloads/pairfect-paws-web (2)/pairfect-paws-web/vendor/laravel/framework/src/Illuminate/Pipeline/Pipeline.php(219): Illuminate/View/Middleware/ShareErrorsFromSession->handle(Object(Illuminate/Http/Request), Object(Closure))
#23 C:/Users/Jessa/Downloads/pairfect-paws-web (2)/pairfect-paws-web/vendor/laravel/framework/src/Illuminate/Session/Middleware/StartSession.php(120): Illuminate/Pipeline/Pipeline->Illuminate/Pipeline/{closure}(Object(Illuminate/Http/Request))
#24 C:/Users/Jessa/Downloads/pairfect-paws-web (2)/pairfect-paws-web/vendor/laravel/framework/src/Illuminate/Session/Middleware/StartSession.php(63): Illuminate/Session/Middleware/StartSession->handleStatefulRequest(Object(Illuminate/Http/Request), Object(Illuminate/Session/EncryptedStore), Object(Closure))
#25 C:/Users/Jessa/Downloads/pairfect-paws-web (2)/pairfect-paws-web/vendor/laravel/framework/src/Illuminate/Pipeline/Pipeline.php(219): Illuminate/Session/Middleware/StartSession->handle(Object(Illuminate/Http/Request), Object(Closure))
#26 C:/Users/Jessa/Downloads/pairfect-paws-web (2)/pairfect-paws-web/vendor/laravel/framework/src/Illuminate/Cookie/Middleware/AddQueuedCookiesToResponse.php(36): Illuminate/Pipeline/Pipeline->Illuminate/Pipeline/{closure}(Object(Illuminate/Http/Request))
#27 C:/Users/Jessa/Downloads/pairfect-paws-web (2)/pairfect-paws-web/vendor/laravel/framework/src/Illuminate/Pipeline/Pipeline.php(219): Illuminate/Cookie/Middleware/AddQueuedCookiesToResponse->handle(Object(Illuminate/Http/Request), Object(Closure))
#28 C:/Users/Jessa/Downloads/pairfect-paws-web (2)/pairfect-paws-web/vendor/laravel/framework/src/Illuminate/Cookie/Middleware/EncryptCookies.php(74): Illuminate/Pipeline/Pipeline->Illuminate/Pipeline/{closure}(Object(Illuminate/Http/Request))
#29 C:/Users/Jessa/Downloads/pairfect-paws-web (2)/pairfect-paws-web/vendor/laravel/framework/src/Illuminate/Pipeline/Pipeline.php(219): Illuminate/Cookie/Middleware/EncryptCookies->handle(Object(Illuminate/Http/Request), Object(Closure))
#30 C:/Users/Jessa/Downloads/pairfect-paws-web (2)/pairfect-paws-web/vendor/laravel/framework/src/Illuminate/Pipeline/Pipeline.php(137): Illuminate/Pipeline/Pipeline->Illuminate/Pipeline/{closure}(Object(Illuminate/Http/Request))
#31 C:/Users/Jessa/Downloads/pairfect-paws-web (2)/pairfect-paws-web/vendor/laravel/framework/src/Illuminate/Routing/Router.php(821): Illuminate/Pipeline/Pipeline->then(Object(Closure))
#32 C:/Users/Jessa/Downloads/pairfect-paws-web (2)/pairfect-paws-web/vendor/laravel/framework/src/Illuminate/Routing/Router.php(800): Illuminate/Routing/Router->runRouteWithinStack(Object(Illuminate/Routing/Route), Object(Illuminate/Http/Request))
#33 C:/Users/Jessa/Downloads/pairfect-paws-web (2)/pairfect-paws-web/vendor/laravel/framework/src/Illuminate/Routing/Router.php(764): Illuminate/Routing/Router->runRoute(Object(Illuminate/Http/Request), Object(Illuminate/Routing/Route))
#34 C:/Users/Jessa/Downloads/pairfect-paws-web (2)/pairfect-paws-web/vendor/laravel/framework/src/Illuminate/Routing/Router.php(753): Illuminate/Routing/Router->dispatchToRoute(Object(Illuminate/Http/Request))
#35 C:/Users/Jessa/Downloads/pairfect-paws-web (2)/pairfect-paws-web/vendor/laravel/framework/src/Illuminate/Foundation/Http/Kernel.php(200): Illuminate/Routing/Router->dispatch(Object(Illuminate/Http/Request))
#36 C:/Users/Jessa/Downloads/pairfect-paws-web (2)/pairfect-paws-web/vendor/laravel/framework/src/Illuminate/Pipeline/Pipeline.php(180): Illuminate/Foundation/Http/Kernel->Illuminate/Foundation/Http/{closure}(Object(Illuminate/Http/Request))
#37 C:/Users/Jessa/Downloads/pairfect-paws-web (2)/pairfect-paws-web/vendor/laravel/framework/src/Illuminate/Foundation/Http/Middleware/TransformsRequest.php(21): Illuminate/Pipeline/Pipeline->Illuminate/Pipeline/{closure}(Object(Illuminate/Http/Request))
#38 C:/Users/Jessa/Downloads/pairfect-paws-web (2)/pairfect-paws-web/vendor/laravel/framework/src/Illuminate/Foundation/Http/Middleware/ConvertEmptyStringsToNull.php(31): Illuminate/Foundation/Http/Middleware/TransformsRequest->handle(Object(Illuminate/Http/Request), Object(Closure))
#39 C:/Users/Jessa/Downloads/pairfect-paws-web (2)/pairfect-paws-web/vendor/laravel/framework/src/Illuminate/Pipeline/Pipeline.php(219): Illuminate/Foundation/Http/Middleware/ConvertEmptyStringsToNull->handle(Object(Illuminate/Http/Request), Object(Closure))
#40 C:/Users/Jessa/Downloads/pairfect-paws-web (2)/pairfect-paws-web/vendor/laravel/framework/src/Illuminate/Foundation/Http/Middleware/TransformsRequest.php(21): Illuminate/Pipeline/Pipeline->Illuminate/Pipeline/{closure}(Object(Illuminate/Http/Request))
#41 C:/Users/Jessa/Downloads/pairfect-paws-web (2)/pairfect-paws-web/vendor/laravel/framework/src/Illuminate/Foundation/Http/Middleware/TrimStrings.php(51): Illuminate/Foundation/Http/Middleware/TransformsRequest->handle(Object(Illuminate/Http/Request), Object(Closure))
#42 C:/Users/Jessa/Downloads/pairfect-paws-web (2)/pairfect-paws-web/vendor/laravel/framework/src/Illuminate/Pipeline/Pipeline.php(219): Illuminate/Foundation/Http/Middleware/TrimStrings->handle(Object(Illuminate/Http/Request), Object(Closure))
#43 C:/Users/Jessa/Downloads/pairfect-paws-web (2)/pairfect-paws-web/vendor/laravel/framework/src/Illuminate/Http/Middleware/ValidatePostSize.php(27): Illuminate/Pipeline/Pipeline->Illuminate/Pipeline/{closure}(Object(Illuminate/Http/Request))
#44 C:/Users/Jessa/Downloads/pairfect-paws-web (2)/pairfect-paws-web/vendor/laravel/framework/src/Illuminate/Pipeline/Pipeline.php(219): Illuminate/Http/Middleware/ValidatePostSize->handle(Object(Illuminate/Http/Request), Object(Closure))
#45 C:/Users/Jessa/Downloads/pairfect-paws-web (2)/pairfect-paws-web/vendor/laravel/framework/src/Illuminate/Foundation/Http/Middleware/PreventRequestsDuringMaintenance.php(109): Illuminate/Pipeline/Pipeline->Illuminate/Pipeline/{closure}(Object(Illuminate/Http/Request))
#46 C:/Users/Jessa/Downloads/pairfect-paws-web (2)/pairfect-paws-web/vendor/laravel/framework/src/Illuminate/Pipeline/Pipeline.php(219): Illuminate/Foundation/Http/Middleware/PreventRequestsDuringMaintenance->handle(Object(Illuminate/Http/Request), Object(Closure))
#47 C:/Users/Jessa/Downloads/pairfect-paws-web (2)/pairfect-paws-web/vendor/laravel/framework/src/Illuminate/Http/Middleware/HandleCors.php(61): Illuminate/Pipeline/Pipeline->Illuminate/Pipeline/{closure}(Object(Illuminate/Http/Request))
#48 C:/Users/Jessa/Downloads/pairfect-paws-web (2)/pairfect-paws-web/vendor/laravel/framework/src/Illuminate/Pipeline/Pipeline.php(219): Illuminate/Http/Middleware/HandleCors->handle(Object(Illuminate/Http/Request), Object(Closure))
#49 C:/Users/Jessa/Downloads/pairfect-paws-web (2)/pairfect-paws-web/vendor/laravel/framework/src/Illuminate/Http/Middleware/TrustProxies.php(58): Illuminate/Pipeline/Pipeline->Illuminate/Pipeline/{closure}(Object(Illuminate/Http/Request))
#50 C:/Users/Jessa/Downloads/pairfect-paws-web (2)/pairfect-paws-web/vendor/laravel/framework/src/Illuminate/Pipeline/Pipeline.php(219): Illuminate/Http/Middleware/TrustProxies->handle(Object(Illuminate/Http/Request), Object(Closure))
#51 C:/Users/Jessa/Downloads/pairfect-paws-web (2)/pairfect-paws-web/vendor/laravel/framework/src/Illuminate/Foundation/Http/Middleware/InvokeDeferredCallbacks.php(22): Illuminate/Pipeline/Pipeline->Illuminate/Pipeline/{closure}(Object(Illuminate/Http/Request))
#52 C:/Users/Jessa/Downloads/pairfect-paws-web (2)/pairfect-paws-web/vendor/laravel/framework/src/Illuminate/Pipeline/Pipeline.php(219): Illuminate/Foundation/Http/Middleware/InvokeDeferredCallbacks->handle(Object(Illuminate/Http/Request), Object(Closure))
#53 C:/Users/Jessa/Downloads/pairfect-paws-web (2)/pairfect-paws-web/vendor/laravel/framework/src/Illuminate/Http/Middleware/ValidatePathEncoding.php(26): Illuminate/Pipeline/Pipeline->Illuminate/Pipeline/{closure}(Object(Illuminate/Http/Request))
#54 C:/Users/Jessa/Downloads/pairfect-paws-web (2)/pairfect-paws-web/vendor/laravel/framework/src/Illuminate/Pipeline/Pipeline.php(219): Illuminate/Http/Middleware/ValidatePathEncoding->handle(Object(Illuminate/Http/Request), Object(Closure))
#55 C:/Users/Jessa/Downloads/pairfect-paws-web (2)/pairfect-paws-web/vendor/laravel/framework/src/Illuminate/Pipeline/Pipeline.php(137): Illuminate/Pipeline/Pipeline->Illuminate/Pipeline/{closure}(Object(Illuminate/Http/Request))
#56 C:/Users/Jessa/Downloads/pairfect-paws-web (2)/pairfect-paws-web/vendor/laravel/framework/src/Illuminate/Foundation/Http/Kernel.php(175): Illuminate/Pipeline/Pipeline->then(Object(Closure))
#57 C:/Users/Jessa/Downloads/pairfect-paws-web (2)/pairfect-paws-web/vendor/laravel/framework/src/Illuminate/Foundation/Http/Kernel.php(144): Illuminate/Foundation/Http/Kernel->sendRequestThroughRouter(Object(Illuminate/Http/Request))
#58 C:/Users/Jessa/Downloads/pairfect-paws-web (2)/pairfect-paws-web/vendor/laravel/framework/src/Illuminate/Foundation/Application.php(1220): Illuminate/Foundation/Http/Kernel->handle(Object(Illuminate/Http/Request))
#59 C:/Users/Jessa/Downloads/pairfect-paws-web (2)/pairfect-paws-web/public/index.php(18): Illuminate/Foundation/Application->handleRequest(Object(Illuminate/Http/Request))
#60 C:/Users/Jessa/Downloads/pairfect-paws-web (2)/pairfect-paws-web/vendor/laravel/framework/src/Illuminate/Foundation/resources/server.php(23): require_once('C://Users//Jessa//...')
#61 {main}

[previous exception] [object] (ParseError(code: 0): syntax error, unexpected token \"endif\" at C:/Users/Jessa/Downloads/pairfect-paws-web (2)/pairfect-paws-web/storage/framework/views/a7462be9d831fa4b00fda4f1ef3205e1.php:89)
[stacktrace]
#0 C:/Users/Jessa/Downloads/pairfect-paws-web (2)/pairfect-paws-web/vendor/laravel/framework/src/Illuminate/Filesystem/Filesystem.php(124): Illuminate/Filesystem/Filesystem::Illuminate/Filesystem/{closure}()
#1 C:/Users/Jessa/Downloads/pairfect-paws-web (2)/pairfect-paws-web/vendor/laravel/framework/src/Illuminate/View/Engines/PhpEngine.php(57): Illuminate/Filesystem/Filesystem->getRequire('C://Users//Jessa//...', Array)
#2 C:/Users/Jessa/Downloads/pairfect-paws-web (2)/pairfect-paws-web/vendor/laravel/framework/src/Illuminate/View/Engines/CompilerEngine.php(76): Illuminate/View/Engines/PhpEngine->evaluatePath('C://Users//Jessa//...', Array)
#3 C:/Users/Jessa/Downloads/pairfect-paws-web (2)/pairfect-paws-web/vendor/laravel/framework/src/Illuminate/View/View.php(208): Illuminate/View/Engines/CompilerEngine->get('C://Users//Jessa//...', Array)
#4 C:/Users/Jessa/Downloads/pairfect-paws-web (2)/pairfect-paws-web/vendor/laravel/framework/src/Illuminate/View/View.php(191): Illuminate/View/View->getContents()
#5 C:/Users/Jessa/Downloads/pairfect-paws-web (2)/pairfect-paws-web/vendor/laravel/framework/src/Illuminate/View/View.php(160): Illuminate/View/View->renderContents()
#6 C:/Users/Jessa/Downloads/pairfect-paws-web (2)/pairfect-paws-web/vendor/laravel/framework/src/Illuminate/Http/Response.php(78): Illuminate/View/View->render()
#7 C:/Users/Jessa/Downloads/pairfect-paws-web (2)/pairfect-paws-web/vendor/laravel/framework/src/Illuminate/Http/Response.php(34): Illuminate/Http/Response->setContent(Object(Illuminate/View/View))
#8 C:/Users/Jessa/Downloads/pairfect-paws-web (2)/pairfect-paws-web/vendor/laravel/framework/src/Illuminate/Routing/Router.php(939): Illuminate/Http/Response->__construct(Object(Illuminate/View/View), 200, Array)
#9 C:/Users/Jessa/Downloads/pairfect-paws-web (2)/pairfect-paws-web/vendor/laravel/framework/src/Illuminate/Routing/Router.php(906): Illuminate/Routing/Router::toResponse(Object(Illuminate/Http/Request), Object(Illuminate/View/View))
#10 C:/Users/Jessa/Downloads/pairfect-paws-web (2)/pairfect-paws-web/vendor/laravel/framework/src/Illuminate/Routing/Router.php(821): Illuminate/Routing/Router->prepareResponse(Object(Illuminate/Http/Request), Object(Illuminate/View/View))
#11 C:/Users/Jessa/Downloads/pairfect-paws-web (2)/pairfect-paws-web/vendor/laravel/framework/src/Illuminate/Pipeline/Pipeline.php(180): Illuminate/Routing/Router->Illuminate/Routing/{closure}(Object(Illuminate/Http/Request))
#12 C:/Users/Jessa/Downloads/pairfect-paws-web (2)/pairfect-paws-web/app/Http/Middleware/EnsureUserIsStaff.php(32): Illuminate/Pipeline/Pipeline->Illuminate/Pipeline/{closure}(Object(Illuminate/Http/Request))
#13 C:/Users/Jessa/Downloads/pairfect-paws-web (2)/pairfect-paws-web/vendor/laravel/framework/src/Illuminate/Pipeline/Pipeline.php(219): App/Http/Middleware/EnsureUserIsStaff->handle(Object(Illuminate/Http/Request), Object(Closure))
#14 C:/Users/Jessa/Downloads/pairfect-paws-web (2)/pairfect-paws-web/app/Http/Middleware/SecurityHeaders.php(19): Illuminate/Pipeline/Pipeline->Illuminate/Pipeline/{closure}(Object(Illuminate/Http/Request))
#15 C:/Users/Jessa/Downloads/pairfect-paws-web (2)/pairfect-paws-web/vendor/laravel/framework/src/Illuminate/Pipeline/Pipeline.php(219): App/Http/Middleware/SecurityHeaders->handle(Object(Illuminate/Http/Request), Object(Closure))
#16 C:/Users/Jessa/Downloads/pairfect-paws-web (2)/pairfect-paws-web/vendor/laravel/framework/src/Illuminate/Routing/Middleware/SubstituteBindings.php(50): Illuminate/Pipeline/Pipeline->Illuminate/Pipeline/{closure}(Object(Illuminate/Http/Request))
#17 C:/Users/Jessa/Downloads/pairfect-paws-web (2)/pairfect-paws-web/vendor/laravel/framework/src/Illuminate/Pipeline/Pipeline.php(219): Illuminate/Routing/Middleware/SubstituteBindings->handle(Object(Illuminate/Http/Request), Object(Closure))
#18 C:/Users/Jessa/Downloads/pairfect-paws-web (2)/pairfect-paws-web/vendor/laravel/framework/src/Illuminate/Auth/Middleware/Authenticate.php(63): Illuminate/Pipeline/Pipeline->Illuminate/Pipeline/{closure}(Object(Illuminate/Http/Request))
#19 C:/Users/Jessa/Downloads/pairfect-paws-web (2)/pairfect-paws-web/vendor/laravel/framework/src/Illuminate/Pipeline/Pipeline.php(219): Illuminate/Auth/Middleware/Authenticate->handle(Object(Illuminate/Http/Request), Object(Closure))
#20 C:/Users/Jessa/Downloads/pairfect-paws-web (2)/pairfect-paws-web/vendor/laravel/framework/src/Illuminate/Foundation/Http/Middleware/VerifyCsrfToken.php(87): Illuminate/Pipeline/Pipeline->Illuminate/Pipeline/{closure}(Object(Illuminate/Http/Request))
#21 C:/Users/Jessa/Downloads/pairfect-paws-web (2)/pairfect-paws-web/vendor/laravel/framework/src/Illuminate/Pipeline/Pipeline.php(219): Illuminate/Foundation/Http/Middleware/VerifyCsrfToken->handle(Object(Illuminate/Http/Request), Object(Closure))
#22 C:/Users/Jessa/Downloads/pairfect-paws-web (2)/pairfect-paws-web/vendor/laravel/framework/src/Illuminate/View/Middleware/ShareErrorsFromSession.php(48): Illuminate/Pipeline/Pipeline->Illuminate/Pipeline/{closure}(Object(Illuminate/Http/Request))
#23 C:/Users/Jessa/Downloads/pairfect-paws-web (2)/pairfect-paws-web/vendor/laravel/framework/src/Illuminate/Pipeline/Pipeline.php(219): Illuminate/View/Middleware/ShareErrorsFromSession->handle(Object(Illuminate/Http/Request), Object(Closure))
#24 C:/Users/Jessa/Downloads/pairfect-paws-web (2)/pairfect-paws-web/vendor/laravel/framework/src/Illuminate/Session/Middleware/StartSession.php(120): Illuminate/Pipeline/Pipeline->Illuminate/Pipeline/{closure}(Object(Illuminate/Http/Request))
#25 C:/Users/Jessa/Downloads/pairfect-paws-web (2)/pairfect-paws-web/vendor/laravel/framework/src/Illuminate/Session/Middleware/StartSession.php(63): Illuminate/Session/Middleware/StartSession->handleStatefulRequest(Object(Illuminate/Http/Request), Object(Illuminate/Session/EncryptedStore), Object(Closure))
#26 C:/Users/Jessa/Downloads/pairfect-paws-web (2)/pairfect-paws-web/vendor/laravel/framework/src/Illuminate/Pipeline/Pipeline.php(219): Illuminate/Session/Middleware/StartSession->handle(Object(Illuminate/Http/Request), Object(Closure))
#27 C:/Users/Jessa/Downloads/pairfect-paws-web (2)/pairfect-paws-web/vendor/laravel/framework/src/Illuminate/Cookie/Middleware/AddQueuedCookiesToResponse.php(36): Illuminate/Pipeline/Pipeline->Illuminate/Pipeline/{closure}(Object(Illuminate/Http/Request))
#28 C:/Users/Jessa/Downloads/pairfect-paws-web (2)/pairfect-paws-web/vendor/laravel/framework/src/Illuminate/Pipeline/Pipeline.php(219): Illuminate/Cookie/Middleware/AddQueuedCookiesToResponse->handle(Object(Illuminate/Http/Request), Object(Closure))
#29 C:/Users/Jessa/Downloads/pairfect-paws-web (2)/pairfect-paws-web/vendor/laravel/framework/src/Illuminate/Cookie/Middleware/EncryptCookies.php(74): Illuminate/Pipeline/Pipeline->Illuminate/Pipeline/{closure}(Object(Illuminate/Http/Request))
#30 C:/Users/Jessa/Downloads/pairfect-paws-web (2)/pairfect-paws-web/vendor/laravel/framework/src/Illuminate/Pipeline/Pipeline.php(219): Illuminate/Cookie/Middleware/EncryptCookies->handle(Object(Illuminate/Http/Request), Object(Closure))
#31 C:/Users/Jessa/Downloads/pairfect-paws-web (2)/pairfect-paws-web/vendor/laravel/framework/src/Illuminate/Pipeline/Pipeline.php(137): Illuminate/Pipeline/Pipeline->Illuminate/Pipeline/{closure}(Object(Illuminate/Http/Request))
#32 C:/Users/Jessa/Downloads/pairfect-paws-web (2)/pairfect-paws-web/vendor/laravel/framework/src/Illuminate/Routing/Router.php(821): Illuminate/Pipeline/Pipeline->then(Object(Closure))
#33 C:/Users/Jessa/Downloads/pairfect-paws-web (2)/pairfect-paws-web/vendor/laravel/framework/src/Illuminate/Routing/Router.php(800): Illuminate/Routing/Router->runRouteWithinStack(Object(Illuminate/Routing/Route), Object(Illuminate/Http/Request))
#34 C:/Users/Jessa/Downloads/pairfect-paws-web (2)/pairfect-paws-web/vendor/laravel/framework/src/Illuminate/Routing/Router.php(764): Illuminate/Routing/Router->runRoute(Object(Illuminate/Http/Request), Object(Illuminate/Routing/Route))
#35 C:/Users/Jessa/Downloads/pairfect-paws-web (2)/pairfect-paws-web/vendor/laravel/framework/src/Illuminate/Routing/Router.php(753): Illuminate/Routing/Router->dispatchToRoute(Object(Illuminate/Http/Request))
#36 C:/Users/Jessa/Downloads/pairfect-paws-web (2)/pairfect-paws-web/vendor/laravel/framework/src/Illuminate/Foundation/Http/Kernel.php(200): Illuminate/Routing/Router->dispatch(Object(Illuminate/Http/Request))
#37 C:/Users/Jessa/Downloads/pairfect-paws-web (2)/pairfect-paws-web/vendor/laravel/framework/src/Illuminate/Pipeline/Pipeline.php(180): Illuminate/Foundation/Http/Kernel->Illuminate/Foundation/Http/{closure}(Object(Illuminate/Http/Request))
#38 C:/Users/Jessa/Downloads/pairfect-paws-web (2)/pairfect-paws-web/vendor/laravel/framework/src/Illuminate/Foundation/Http/Middleware/TransformsRequest.php(21): Illuminate/Pipeline/Pipeline->Illuminate/Pipeline/{closure}(Object(Illuminate/Http/Request))
#39 C:/Users/Jessa/Downloads/pairfect-paws-web (2)/pairfect-paws-web/vendor/laravel/framework/src/Illuminate/Foundation/Http/Middleware/ConvertEmptyStringsToNull.php(31): Illuminate/Foundation/Http/Middleware/TransformsRequest->handle(Object(Illuminate/Http/Request), Object(Closure))
#40 C:/Users/Jessa/Downloads/pairfect-paws-web (2)/pairfect-paws-web/vendor/laravel/framework/src/Illuminate/Pipeline/Pipeline.php(219): Illuminate/Foundation/Http/Middleware/ConvertEmptyStringsToNull->handle(Object(Illuminate/Http/Request), Object(Closure))
#41 C:/Users/Jessa/Downloads/pairfect-paws-web (2)/pairfect-paws-web/vendor/laravel/framework/src/Illuminate/Foundation/Http/Middleware/TransformsRequest.php(21): Illuminate/Pipeline/Pipeline->Illuminate/Pipeline/{closure}(Object(Illuminate/Http/Request))
#42 C:/Users/Jessa/Downloads/pairfect-paws-web (2)/pairfect-paws-web/vendor/laravel/framework/src/Illuminate/Foundation/Http/Middleware/TrimStrings.php(51): Illuminate/Foundation/Http/Middleware/TransformsRequest->handle(Object(Illuminate/Http/Request), Object(Closure))
#43 C:/Users/Jessa/Downloads/pairfect-paws-web (2)/pairfect-paws-web/vendor/laravel/framework/src/Illuminate/Pipeline/Pipeline.php(219): Illuminate/Foundation/Http/Middleware/TrimStrings->handle(Object(Illuminate/Http/Request), Object(Closure))
#44 C:/Users/Jessa/Downloads/pairfect-paws-web (2)/pairfect-paws-web/vendor/laravel/framework/src/Illuminate/Http/Middleware/ValidatePostSize.php(27): Illuminate/Pipeline/Pipeline->Illuminate/Pipeline/{closure}(Object(Illuminate/Http/Request))
#45 C:/Users/Jessa/Downloads/pairfect-paws-web (2)/pairfect-paws-web/vendor/laravel/framework/src/Illuminate/Pipeline/Pipeline.php(219): Illuminate/Http/Middleware/ValidatePostSize->handle(Object(Illuminate/Http/Request), Object(Closure))
#46 C:/Users/Jessa/Downloads/pairfect-paws-web (2)/pairfect-paws-web/vendor/laravel/framework/src/Illuminate/Foundation/Http/Middleware/PreventRequestsDuringMaintenance.php(109): Illuminate/Pipeline/Pipeline->Illuminate/Pipeline/{closure}(Object(Illuminate/Http/Request))
#47 C:/Users/Jessa/Downloads/pairfect-paws-web (2)/pairfect-paws-web/vendor/laravel/framework/src/Illuminate/Pipeline/Pipeline.php(219): Illuminate/Foundation/Http/Middleware/PreventRequestsDuringMaintenance->handle(Object(Illuminate/Http/Request), Object(Closure))
#48 C:/Users/Jessa/Downloads/pairfect-paws-web (2)/pairfect-paws-web/vendor/laravel/framework/src/Illuminate/Http/Middleware/HandleCors.php(61): Illuminate/Pipeline/Pipeline->Illuminate/Pipeline/{closure}(Object(Illuminate/Http/Request))
#49 C:/Users/Jessa/Downloads/pairfect-paws-web (2)/pairfect-paws-web/vendor/laravel/framework/src/Illuminate/Pipeline/Pipeline.php(219): Illuminate/Http/Middleware/HandleCors->handle(Object(Illuminate/Http/Request), Object(Closure))
#50 C:/Users/Jessa/Downloads/pairfect-paws-web (2)/pairfect-paws-web/vendor/laravel/framework/src/Illuminate/Http/Middleware/TrustProxies.php(58): Illuminate/Pipeline/Pipeline->Illuminate/Pipeline/{closure}(Object(Illuminate/Http/Request))
#51 C:/Users/Jessa/Downloads/pairfect-paws-web (2)/pairfect-paws-web/vendor/laravel/framework/src/Illuminate/Pipeline/Pipeline.php(219): Illuminate/Http/Middleware/TrustProxies->handle(Object(Illuminate/Http/Request), Object(Closure))
#52 C:/Users/Jessa/Downloads/pairfect-paws-web (2)/pairfect-paws-web/vendor/laravel/framework/src/Illuminate/Foundation/Http/Middleware/InvokeDeferredCallbacks.php(22): Illuminate/Pipeline/Pipeline->Illuminate/Pipeline/{closure}(Object(Illuminate/Http/Request))
#53 C:/Users/Jessa/Downloads/pairfect-paws-web (2)/pairfect-paws-web/vendor/laravel/framework/src/Illuminate/Pipeline/Pipeline.php(219): Illuminate/Foundation/Http/Middleware/InvokeDeferredCallbacks->handle(Object(Illuminate/Http/Request), Object(Closure))
#54 C:/Users/Jessa/Downloads/pairfect-paws-web (2)/pairfect-paws-web/vendor/laravel/framework/src/Illuminate/Http/Middleware/ValidatePathEncoding.php(26): Illuminate/Pipeline/Pipeline->Illuminate/Pipeline/{closure}(Object(Illuminate/Http/Request))
#55 C:/Users/Jessa/Downloads/pairfect-paws-web (2)/pairfect-paws-web/vendor/laravel/framework/src/Illuminate/Pipeline/Pipeline.php(219): Illuminate/Http/Middleware/ValidatePathEncoding->handle(Object(Illuminate/Http/Request), Object(Closure))
#56 C:/Users/Jessa/Downloads/pairfect-paws-web (2)/pairfect-paws-web/vendor/laravel/framework/src/Illuminate/Pipeline/Pipeline.php(137): Illuminate/Pipeline/Pipeline->Illuminate/Pipeline/{closure}(Object(Illuminate/Http/Request))
#57 C:/Users/Jessa/Downloads/pairfect-paws-web (2)/pairfect-paws-web/vendor/laravel/framework/src/Illuminate/Foundation/Http/Kernel.php(175): Illuminate/Pipeline/Pipeline->then(Object(Closure))
#58 C:/Users/Jessa/Downloads/pairfect-paws-web (2)/pairfect-paws-web/vendor/laravel/framework/src/Illuminate/Foundation/Http/Kernel.php(144): Illuminate/Foundation/Http/Kernel->sendRequestThroughRouter(Object(Illuminate/Http/Request))
#59 C:/Users/Jessa/Downloads/pairfect-paws-web (2)/pairfect-paws-web/vendor/laravel/framework/src/Illuminate/Foundation/Application.php(1220): Illuminate/Foundation/Http/Kernel->handle(Object(Illuminate/Http/Request))
#60 C:/Users/Jessa/Downloads/pairfect-paws-web (2)/pairfect-paws-web/public/index.php(18): Illuminate/Foundation/Application->handleRequest(Object(Illuminate/Http/Request))
#61 C:/Users/Jessa/Downloads/pairfect-paws-web (2)/pairfect-paws-web/vendor/laravel/framework/src/Illuminate/Foundation/resources/server.php(23): require_once('C://Users//Jessa//...')
#62 {main}
"} 
[2026-08-05 01:27:23] local.ERROR: Call to undefined relationship [user] on model [App\Models\CheckIn]. {"userId":2,"exception":"[object] (Illuminate\\Database\\Eloquent\\RelationNotFoundException(code: 0): Call to undefined relationship [user] on model [App\\Models\\CheckIn]. at C:/Users/Jessa/Downloads/pairfect-paws-web (2)/pairfect-paws-web/vendor/laravel/framework/src/Illuminate/Database/Eloquent/RelationNotFoundException.php:35)
[stacktrace]
#0 C:/Users/Jessa/Downloads/pairfect-paws-web (2)/pairfect-paws-web/vendor/laravel/framework/src/Illuminate/Database/Eloquent/Builder.php(969): Illuminate/Database/Eloquent/RelationNotFoundException::make(Object(App/Models/CheckIn), 'user')
#1 C:/Users/Jessa/Downloads/pairfect-paws-web (2)/pairfect-paws-web/vendor/laravel/framework/src/Illuminate/Database/Eloquent/Relations/Relation.php(119): Illuminate/Database/Eloquent/Builder->Illuminate/Database/Eloquent/{closure}()
#2 C:/Users/Jessa/Downloads/pairfect-paws-web (2)/pairfect-paws-web/vendor/laravel/framework/src/Illuminate/Database/Eloquent/Builder.php(965): Illuminate/Database/Eloquent/Relations/Relation::noConstraints(Object(Closure))
#3 C:/Users/Jessa/Downloads/pairfect-paws-web (2)/pairfect-paws-web/vendor/laravel/framework/src/Illuminate/Database/Eloquent/Builder.php(939): Illuminate/Database/Eloquent/Builder->getRelation('user')
#4 C:/Users/Jessa/Downloads/pairfect-paws-web (2)/pairfect-paws-web/vendor/laravel/framework/src/Illuminate/Database/Eloquent/Builder.php(919): Illuminate/Database/Eloquent/Builder->eagerLoadRelation(Array, 'user', Object(Closure))
#5 C:/Users/Jessa/Downloads/pairfect-paws-web (2)/pairfect-paws-web/vendor/laravel/framework/src/Illuminate/Database/Eloquent/Builder.php(885): Illuminate/Database/Eloquent/Builder->eagerLoadRelations(Array)
#6 C:/Users/Jessa/Downloads/pairfect-paws-web (2)/pairfect-paws-web/app/Http/Controllers/Admin/MonitoringController.php(15): Illuminate/Database/Eloquent/Builder->get()
#7 C:/Users/Jessa/Downloads/pairfect-paws-web (2)/pairfect-paws-web/vendor/laravel/framework/src/Illuminate/Routing/ControllerDispatcher.php(46): App/Http/Controllers/Admin/MonitoringController->index()
#8 C:/Users/Jessa/Downloads/pairfect-paws-web (2)/pairfect-paws-web/vendor/laravel/framework/src/Illuminate/Routing/Route.php(265): Illuminate/Routing/ControllerDispatcher->dispatch(Object(Illuminate/Routing/Route), Object(App/Http/Controllers/Admin/MonitoringController), 'index')
#9 C:/Users/Jessa/Downloads/pairfect-paws-web (2)/pairfect-paws-web/vendor/laravel/framework/src/Illuminate/Routing/Route.php(211): Illuminate/Routing/Route->runController()
#10 C:/Users/Jessa/Downloads/pairfect-paws-web (2)/pairfect-paws-web/vendor/laravel/framework/src/Illuminate/Routing/Router.php(822): Illuminate/Routing/Route->run()
#11 C:/Users/Jessa/Downloads/pairfect-paws-web (2)/pairfect-paws-web/vendor/laravel/framework/src/Illuminate/Pipeline/Pipeline.php(180): Illuminate/Routing/Router->Illuminate/Routing/{closure}(Object(Illuminate/Http/Request))
#12 C:/Users/Jessa/Downloads/pairfect-paws-web (2)/pairfect-paws-web/app/Http/Middleware/EnsureUserIsStaff.php(32): Illuminate/Pipeline/Pipeline->Illuminate/Pipeline/{closure}(Object(Illuminate/Http/Request))
#13 C:/Users/Jessa/Downloads/pairfect-paws-web (2)/pairfect-paws-web/vendor/laravel/framework/src/Illuminate/Pipeline/Pipeline.php(219): App/Http/Middleware/EnsureUserIsStaff->handle(Object(Illuminate/Http/Request), Object(Closure))
#14 C:/Users/Jessa/Downloads/pairfect-paws-web (2)/pairfect-paws-web/app/Http/Middleware/SecurityHeaders.php(19): Illuminate/Pipeline/Pipeline->Illuminate/Pipeline/{closure}(Object(Illuminate/Http/Request))
#15 C:/Users/Jessa/Downloads/pairfect-paws-web (2)/pairfect-paws-web/vendor/laravel/framework/src/Illuminate/Pipeline/Pipeline.php(219): App/Http/Middleware/SecurityHeaders->handle(Object(Illuminate/Http/Request), Object(Closure))
#16 C:/Users/Jessa/Downloads/pairfect-paws-web (2)/pairfect-paws-web/vendor/laravel/framework/src/Illuminate/Routing/Middleware/SubstituteBindings.php(50): Illuminate/Pipeline/Pipeline->Illuminate/Pipeline/{closure}(Object(Illuminate/Http/Request))
#17 C:/Users/Jessa/Downloads/pairfect-paws-web (2)/pairfect-paws-web/vendor/laravel/framework/src/Illuminate/Pipeline/Pipeline.php(219): Illuminate/Routing/Middleware/SubstituteBindings->handle(Object(Illuminate/Http/Request), Object(Closure))
#18 C:/Users/Jessa/Downloads/pairfect-paws-web (2)/pairfect-paws-web/vendor/laravel/framework/src/Illuminate/Auth/Middleware/Authenticate.php(63): Illuminate/Pipeline/Pipeline->Illuminate/Pipeline/{closure}(Object(Illuminate/Http/Request))
#19 C:/Users/Jessa/Downloads/pairfect-paws-web (2)/pairfect-paws-web/vendor/laravel/framework/src/Illuminate/Pipeline/Pipeline.php(219): Illuminate/Auth/Middleware/Authenticate->handle(Object(Illuminate/Http/Request), Object(Closure))
#20 C:/Users/Jessa/Downloads/pairfect-paws-web (2)/pairfect-paws-web/vendor/laravel/framework/src/Illuminate/Foundation/Http/Middleware/VerifyCsrfToken.php(87): Illuminate/Pipeline/Pipeline->Illuminate/Pipeline/{closure}(Object(Illuminate/Http/Request))
#21 C:/Users/Jessa/Downloads/pairfect-paws-web (2)/pairfect-paws-web/vendor/laravel/framework/src/Illuminate/Pipeline/Pipeline.php(219): Illuminate/Foundation/Http/Middleware/VerifyCsrfToken->handle(Object(Illuminate/Http/Request), Object(Closure))
#22 C:/Users/Jessa/Downloads/pairfect-paws-web (2)/pairfect-paws-web/vendor/laravel/framework/src/Illuminate/View/Middleware/ShareErrorsFromSession.php(48): Illuminate/Pipeline/Pipeline->Illuminate/Pipeline/{closure}(Object(Illuminate/Http/Request))
#23 C:/Users/Jessa/Downloads/pairfect-paws-web (2)/pairfect-paws-web/vendor/laravel/framework/src/Illuminate/Pipeline/Pipeline.php(219): Illuminate/View/Middleware/ShareErrorsFromSession->handle(Object(Illuminate/Http/Request), Object(Closure))
#24 C:/Users/Jessa/Downloads/pairfect-paws-web (2)/pairfect-paws-web/vendor/laravel/framework/src/Illuminate/Session/Middleware/StartSession.php(120): Illuminate/Pipeline/Pipeline->Illuminate/Pipeline/{closure}(Object(Illuminate/Http/Request))
#25 C:/Users/Jessa/Downloads/pairfect-paws-web (2)/pairfect-paws-web/vendor/laravel/framework/src/Illuminate/Session/Middleware/StartSession.php(63): Illuminate/Session/Middleware/StartSession->handleStatefulRequest(Object(Illuminate/Http/Request), Object(Illuminate/Session/EncryptedStore), Object(Closure))
#26 C:/Users/Jessa/Downloads/pairfect-paws-web (2)/pairfect-paws-web/vendor/laravel/framework/src/Illuminate/Pipeline/Pipeline.php(219): Illuminate/Session/Middleware/StartSession->handle(Object(Illuminate/Http/Request), Object(Closure))
#27 C:/Users/Jessa/Downloads/pairfect-paws-web (2)/pairfect-paws-web/vendor/laravel/framework/src/Illuminate/Cookie/Middleware/AddQueuedCookiesToResponse.php(36): Illuminate/Pipeline/Pipeline->Illuminate/Pipeline/{closure}(Object(Illuminate/Http/Request))
#28 C:/Users/Jessa/Downloads/pairfect-paws-web (2)/pairfect-paws-web/vendor/laravel/framework/src/Illuminate/Pipeline/Pipeline.php(219): Illuminate/Cookie/Middleware/AddQueuedCookiesToResponse->handle(Object(Illuminate/Http/Request), Object(Closure))
#29 C:/Users/Jessa/Downloads/pairfect-paws-web (2)/pairfect-paws-web/vendor/laravel/framework/src/Illuminate/Cookie/Middleware/EncryptCookies.php(74): Illuminate/Pipeline/Pipeline->Illuminate/Pipeline/{closure}(Object(Illuminate/Http/Request))
#30 C:/Users/Jessa/Downloads/pairfect-paws-web (2)/pairfect-paws-web/vendor/laravel/framework/src/Illuminate/Pipeline/Pipeline.php(219): Illuminate/Cookie/Middleware/EncryptCookies->handle(Object(Illuminate/Http/Request), Object(Closure))
#31 C:/Users/Jessa/Downloads/pairfect-paws-web (2)/pairfect-paws-web/vendor/laravel/framework/src/Illuminate/Pipeline/Pipeline.php(137): Illuminate/Pipeline/Pipeline->Illuminate/Pipeline/{closure}(Object(Illuminate/Http/Request))
#32 C:/Users/Jessa/Downloads/pairfect-paws-web (2)/pairfect-paws-web/vendor/laravel/framework/src/Illuminate/Routing/Router.php(821): Illuminate/Pipeline/Pipeline->then(Object(Closure))
#33 C:/Users/Jessa/Downloads/pairfect-paws-web (2)/pairfect-paws-web/vendor/laravel/framework/src/Illuminate/Routing/Router.php(800): Illuminate/Routing/Router->runRouteWithinStack(Object(Illuminate/Routing/Route), Object(Illuminate/Http/Request))
#34 C:/Users/Jessa/Downloads/pairfect-paws-web (2)/pairfect-paws-web/vendor/laravel/framework/src/Illuminate/Routing/Router.php(764): Illuminate/Routing/Router->runRoute(Object(Illuminate/Http/Request), Object(Illuminate/Routing/Route))
#35 C:/Users/Jessa/Downloads/pairfect-paws-web (2)/pairfect-paws-web/vendor/laravel/framework/src/Illuminate/Routing/Router.php(753): Illuminate/Routing/Router->dispatchToRoute(Object(Illuminate/Http/Request))
#36 C:/Users/Jessa/Downloads/pairfect-paws-web (2)/pairfect-paws-web/vendor/laravel/framework/src/Illuminate/Foundation/Http/Kernel.php(200): Illuminate/Routing/Router->dispatch(Object(Illuminate/Http/Request))
#37 C:/Users/Jessa/Downloads/pairfect-paws-web (2)/pairfect-paws-web/vendor/laravel/framework/src/Illuminate/Pipeline/Pipeline.php(180): Illuminate/Foundation/Http/Kernel->Illuminate/Foundation/Http/{closure}(Object(Illuminate/Http/Request))
#38 C:/Users/Jessa/Downloads/pairfect-paws-web (2)/pairfect-paws-web/vendor/laravel/framework/src/Illuminate/Foundation/Http/Middleware/TransformsRequest.php(21): Illuminate/Pipeline/Pipeline->Illuminate/Pipeline/{closure}(Object(Illuminate/Http/Request))
#39 C:/Users/Jessa/Downloads/pairfect-paws-web (2)/pairfect-paws-web/vendor/laravel/framework/src/Illuminate/Foundation/Http/Middleware/ConvertEmptyStringsToNull.php(31): Illuminate/Foundation/Http/Middleware/TransformsRequest->handle(Object(Illuminate/Http/Request), Object(Closure))
#40 C:/Users/Jessa/Downloads/pairfect-paws-web (2)/pairfect-paws-web/vendor/laravel/framework/src/Illuminate/Pipeline/Pipeline.php(219): Illuminate/Foundation/Http/Middleware/ConvertEmptyStringsToNull->handle(Object(Illuminate/Http/Request), Object(Closure))
#41 C:/Users/Jessa/Downloads/pairfect-paws-web (2)/pairfect-paws-web/vendor/laravel/framework/src/Illuminate/Foundation/Http/Middleware/TransformsRequest.php(21): Illuminate/Pipeline/Pipeline->Illuminate/Pipeline/{closure}(Object(Illuminate/Http/Request))
#42 C:/Users/Jessa/Downloads/pairfect-paws-web (2)/pairfect-paws-web/vendor/laravel/framework/src/Illuminate/Foundation/Http/Middleware/TrimStrings.php(51): Illuminate/Foundation/Http/Middleware/TransformsRequest->handle(Object(Illuminate/Http/Request), Object(Closure))
#43 C:/Users/Jessa/Downloads/pairfect-paws-web (2)/pairfect-paws-web/vendor/laravel/framework/src/Illuminate/Pipeline/Pipeline.php(219): Illuminate/Foundation/Http/Middleware/TrimStrings->handle(Object(Illuminate/Http/Request), Object(Closure))
#44 C:/Users/Jessa/Downloads/pairfect-paws-web (2)/pairfect-paws-web/vendor/laravel/framework/src/Illuminate/Http/Middleware/ValidatePostSize.php(27): Illuminate/Pipeline/Pipeline->Illuminate/Pipeline/{closure}(Object(Illuminate/Http/Request))
#45 C:/Users/Jessa/Downloads/pairfect-paws-web (2)/pairfect-paws-web/vendor/laravel/framework/src/Illuminate/Pipeline/Pipeline.php(219): Illuminate/Http/Middleware/ValidatePostSize->handle(Object(Illuminate/Http/Request), Object(Closure))
#46 C:/Users/Jessa/Downloads/pairfect-paws-web (2)/pairfect-paws-web/vendor/laravel/framework/src/Illuminate/Foundation/Http/Middleware/PreventRequestsDuringMaintenance.php(109): Illuminate/Pipeline/Pipeline->Illuminate/Pipeline/{closure}(Object(Illuminate/Http/Request))
#47 C:/Users/Jessa/Downloads/pairfect-paws-web (2)/pairfect-paws-web/vendor/laravel/framework/src/Illuminate/Pipeline/Pipeline.php(219): Illuminate/Foundation/Http/Middleware/PreventRequestsDuringMaintenance->handle(Object(Illuminate/Http/Request), Object(Closure))
#48 C:/Users/Jessa/Downloads/pairfect-paws-web (2)/pairfect-paws-web/vendor/laravel/framework/src/Illuminate/Http/Middleware/HandleCors.php(61): Illuminate/Pipeline/Pipeline->Illuminate/Pipeline/{closure}(Object(Illuminate/Http/Request))
#49 C:/Users/Jessa/Downloads/pairfect-paws-web (2)/pairfect-paws-web/vendor/laravel/framework/src/Illuminate/Pipeline/Pipeline.php(219): Illuminate/Http/Middleware/HandleCors->handle(Object(Illuminate/Http/Request), Object(Closure))
#50 C:/Users/Jessa/Downloads/pairfect-paws-web (2)/pairfect-paws-web/vendor/laravel/framework/src/Illuminate/Http/Middleware/TrustProxies.php(58): Illuminate/Pipeline/Pipeline->Illuminate/Pipeline/{closure}(Object(Illuminate/Http/Request))
#51 C:/Users/Jessa/Downloads/pairfect-paws-web (2)/pairfect-paws-web/vendor/laravel/framework/src/Illuminate/Pipeline/Pipeline.php(219): Illuminate/Http/Middleware/TrustProxies->handle(Object(Illuminate/Http/Request), Object(Closure))
#52 C:/Users/Jessa/Downloads/pairfect-paws-web (2)/pairfect-paws-web/vendor/laravel/framework/src/Illuminate/Foundation/Http/Middleware/InvokeDeferredCallbacks.php(22): Illuminate/Pipeline/Pipeline->Illuminate/Pipeline/{closure}(Object(Illuminate/Http/Request))
#53 C:/Users/Jessa/Downloads/pairfect-paws-web (2)/pairfect-paws-web/vendor/laravel/framework/src/Illuminate/Pipeline/Pipeline.php(219): Illuminate/Foundation/Http/Middleware/InvokeDeferredCallbacks->handle(Object(Illuminate/Http/Request), Object(Closure))
#54 C:/Users/Jessa/Downloads/pairfect-paws-web (2)/pairfect-paws-web/vendor/laravel/framework/src/Illuminate/Http/Middleware/ValidatePathEncoding.php(26): Illuminate/Pipeline/Pipeline->Illuminate/Pipeline/{closure}(Object(Illuminate/Http/Request))
#55 C:/Users/Jessa/Downloads/pairfect-paws-web (2)/pairfect-paws-web/vendor/laravel/framework/src/Illuminate/Pipeline/Pipeline.php(219): Illuminate/Http/Middleware/ValidatePathEncoding->handle(Object(Illuminate/Http/Request), Object(Closure))
#56 C:/Users/Jessa/Downloads/pairfect-paws-web (2)/pairfect-paws-web/vendor/laravel/framework/src/Illuminate/Pipeline/Pipeline.php(137): Illuminate/Pipeline/Pipeline->Illuminate/Pipeline/{closure}(Object(Illuminate/Http/Request))
#57 C:/Users/Jessa/Downloads/pairfect-paws-web (2)/pairfect-paws-web/vendor/laravel/framework/src/Illuminate/Foundation/Http/Kernel.php(175): Illuminate/Pipeline/Pipeline->then(Object(Closure))
#58 C:/Users/Jessa/Downloads/pairfect-paws-web (2)/pairfect-paws-web/vendor/laravel/framework/src/Illuminate/Foundation/Http/Kernel.php(144): Illuminate/Foundation/Http/Kernel->sendRequestThroughRouter(Object(Illuminate/Http/Request))
#59 C:/Users/Jessa/Downloads/pairfect-paws-web (2)/pairfect-paws-web/vendor/laravel/framework/src/Illuminate/Foundation/Application.php(1220): Illuminate/Foundation/Http/Kernel->handle(Object(Illuminate/Http/Request))
#60 C:/Users/Jessa/Downloads/pairfect-paws-web (2)/pairfect-paws-web/public/index.php(18): Illuminate/Foundation/Application->handleRequest(Object(Illuminate/Http/Request))
#61 C:/Users/Jessa/Downloads/pairfect-paws-web (2)/pairfect-paws-web/vendor/laravel/framework/src/Illuminate/Foundation/resources/server.php(23): require_once('C://Users//Jessa//...')
#62 {main}
"} 
[2026-08-05 01:27:47] local.ERROR: Unclosed '[' does not match ')' (View: C:\Users\Jessa\Downloads\pairfect-paws-web (2)\pairfect-paws-web\resources\views\admin\volunteer\index.blade.php) {"userId":2,"exception":"[object] (Illuminate\\View\\ViewException(code: 0): Unclosed '[' does not match ')' (View: C:\\Users\\Jessa\\Downloads\\pairfect-paws-web (2)\\pairfect-paws-web\\resources\\views\\admin\\volunteer\\index.blade.php) at C:/Users/Jessa/Downloads/pairfect-paws-web (2)/pairfect-paws-web/storage/framework/views/9e2d8e5460f8354eed8ccdcfe3b57311.php:31)
[stacktrace]
#0 C:/Users/Jessa/Downloads/pairfect-paws-web (2)/pairfect-paws-web/vendor/laravel/framework/src/Illuminate/View/Engines/PhpEngine.php(59): Illuminate/View/Engines/CompilerEngine->handleViewException(Object(ParseError), 1)
#1 C:/Users/Jessa/Downloads/pairfect-paws-web (2)/pairfect-paws-web/vendor/laravel/framework/src/Illuminate/View/Engines/CompilerEngine.php(76): Illuminate/View/Engines/PhpEngine->evaluatePath('C://Users//Jessa//...', Array)
#2 C:/Users/Jessa/Downloads/pairfect-paws-web (2)/pairfect-paws-web/vendor/laravel/framework/src/Illuminate/View/View.php(208): Illuminate/View/Engines/CompilerEngine->get('C://Users//Jessa//...', Array)
#3 C:/Users/Jessa/Downloads/pairfect-paws-web (2)/pairfect-paws-web/vendor/laravel/framework/src/Illuminate/View/View.php(191): Illuminate/View/View->getContents()
#4 C:/Users/Jessa/Downloads/pairfect-paws-web (2)/pairfect-paws-web/vendor/laravel/framework/src/Illuminate/View/View.php(160): Illuminate/View/View->renderContents()
#5 C:/Users/Jessa/Downloads/pairfect-paws-web (2)/pairfect-paws-web/vendor/laravel/framework/src/Illuminate/Http/Response.php(78): Illuminate/View/View->render()
#6 C:/Users/Jessa/Downloads/pairfect-paws-web (2)/pairfect-paws-web/vendor/laravel/framework/src/Illuminate/Http/Response.php(34): Illuminate/Http/Response->setContent(Object(Illuminate/View/View))
#7 C:/Users/Jessa/Downloads/pairfect-paws-web (2)/pairfect-paws-web/vendor/laravel/framework/src/Illuminate/Routing/Router.php(939): Illuminate/Http/Response->__construct(Object(Illuminate/View/View), 200, Array)
#8 C:/Users/Jessa/Downloads/pairfect-paws-web (2)/pairfect-paws-web/vendor/laravel/framework/src/Illuminate/Routing/Router.php(906): Illuminate/Routing/Router::toResponse(Object(Illuminate/Http/Request), Object(Illuminate/View/View))
#9 C:/Users/Jessa/Downloads/pairfect-paws-web (2)/pairfect-paws-web/vendor/laravel/framework/src/Illuminate/Routing/Router.php(821): Illuminate/Routing/Router->prepareResponse(Object(Illuminate/Http/Request), Object(Illuminate/View/View))
#10 C:/Users/Jessa/Downloads/pairfect-paws-web (2)/pairfect-paws-web/vendor/laravel/framework/src/Illuminate/Pipeline/Pipeline.php(180): Illuminate/Routing/Router->Illuminate/Routing/{closure}(Object(Illuminate/Http/Request))
#11 C:/Users/Jessa/Downloads/pairfect-paws-web (2)/pairfect-paws-web/app/Http/Middleware/EnsureUserIsStaff.php(32): Illuminate/Pipeline/Pipeline->Illuminate/Pipeline/{closure}(Object(Illuminate/Http/Request))
#12 C:/Users/Jessa/Downloads/pairfect-paws-web (2)/pairfect-paws-web/vendor/laravel/framework/src/Illuminate/Pipeline/Pipeline.php(219): App/Http/Middleware/EnsureUserIsStaff->handle(Object(Illuminate/Http/Request), Object(Closure))
#13 C:/Users/Jessa/Downloads/pairfect-paws-web (2)/pairfect-paws-web/app/Http/Middleware/SecurityHeaders.php(19): Illuminate/Pipeline/Pipeline->Illuminate/Pipeline/{closure}(Object(Illuminate/Http/Request))
#14 C:/Users/Jessa/Downloads/pairfect-paws-web (2)/pairfect-paws-web/vendor/laravel/framework/src/Illuminate/Pipeline/Pipeline.php(219): App/Http/Middleware/SecurityHeaders->handle(Object(Illuminate/Http/Request), Object(Closure))
#15 C:/Users/Jessa/Downloads/pairfect-paws-web (2)/pairfect-paws-web/vendor/laravel/framework/src/Illuminate/Routing/Middleware/SubstituteBindings.php(50): Illuminate/Pipeline/Pipeline->Illuminate/Pipeline/{closure}(Object(Illuminate/Http/Request))
#16 C:/Users/Jessa/Downloads/pairfect-paws-web (2)/pairfect-paws-web/vendor/laravel/framework/src/Illuminate/Pipeline/Pipeline.php(219): Illuminate/Routing/Middleware/SubstituteBindings->handle(Object(Illuminate/Http/Request), Object(Closure))
#17 C:/Users/Jessa/Downloads/pairfect-paws-web (2)/pairfect-paws-web/vendor/laravel/framework/src/Illuminate/Auth/Middleware/Authenticate.php(63): Illuminate/Pipeline/Pipeline->Illuminate/Pipeline/{closure}(Object(Illuminate/Http/Request))
#18 C:/Users/Jessa/Downloads/pairfect-paws-web (2)/pairfect-paws-web/vendor/laravel/framework/src/Illuminate/Pipeline/Pipeline.php(219): Illuminate/Auth/Middleware/Authenticate->handle(Object(Illuminate/Http/Request), Object(Closure))
#19 C:/Users/Jessa/Downloads/pairfect-paws-web (2)/pairfect-paws-web/vendor/laravel/framework/src/Illuminate/Foundation/Http/Middleware/VerifyCsrfToken.php(87): Illuminate/Pipeline/Pipeline->Illuminate/Pipeline/{closure}(Object(Illuminate/Http/Request))
#20 C:/Users/Jessa/Downloads/pairfect-paws-web (2)/pairfect-paws-web/vendor/laravel/framework/src/Illuminate/Pipeline/Pipeline.php(219): Illuminate/Foundation/Http/Middleware/VerifyCsrfToken->handle(Object(Illuminate/Http/Request), Object(Closure))
#21 C:/Users/Jessa/Downloads/pairfect-paws-web (2)/pairfect-paws-web/vendor/laravel/framework/src/Illuminate/View/Middleware/ShareErrorsFromSession.php(48): Illuminate/Pipeline/Pipeline->Illuminate/Pipeline/{closure}(Object(Illuminate/Http/Request))
#22 C:/Users/Jessa/Downloads/pairfect-paws-web (2)/pairfect-paws-web/vendor/laravel/framework/src/Illuminate/Pipeline/Pipeline.php(219): Illuminate/View/Middleware/ShareErrorsFromSession->handle(Object(Illuminate/Http/Request), Object(Closure))
#23 C:/Users/Jessa/Downloads/pairfect-paws-web (2)/pairfect-paws-web/vendor/laravel/framework/src/Illuminate/Session/Middleware/StartSession.php(120): Illuminate/Pipeline/Pipeline->Illuminate/Pipeline/{closure}(Object(Illuminate/Http/Request))
#24 C:/Users/Jessa/Downloads/pairfect-paws-web (2)/pairfect-paws-web/vendor/laravel/framework/src/Illuminate/Session/Middleware/StartSession.php(63): Illuminate/Session/Middleware/StartSession->handleStatefulRequest(Object(Illuminate/Http/Request), Object(Illuminate/Session/EncryptedStore), Object(Closure))
#25 C:/Users/Jessa/Downloads/pairfect-paws-web (2)/pairfect-paws-web/vendor/laravel/framework/src/Illuminate/Pipeline/Pipeline.php(219): Illuminate/Session/Middleware/StartSession->handle(Object(Illuminate/Http/Request), Object(Closure))
#26 C:/Users/Jessa/Downloads/pairfect-paws-web (2)/pairfect-paws-web/vendor/laravel/framework/src/Illuminate/Cookie/Middleware/AddQueuedCookiesToResponse.php(36): Illuminate/Pipeline/Pipeline->Illuminate/Pipeline/{closure}(Object(Illuminate/Http/Request))
#27 C:/Users/Jessa/Downloads/pairfect-paws-web (2)/pairfect-paws-web/vendor/laravel/framework/src/Illuminate/Pipeline/Pipeline.php(219): Illuminate/Cookie/Middleware/AddQueuedCookiesToResponse->handle(Object(Illuminate/Http/Request), Object(Closure))
#28 C:/Users/Jessa/Downloads/pairfect-paws-web (2)/pairfect-paws-web/vendor/laravel/framework/src/Illuminate/Cookie/Middleware/EncryptCookies.php(74): Illuminate/Pipeline/Pipeline->Illuminate/Pipeline/{closure}(Object(Illuminate/Http/Request))
#29 C:/Users/Jessa/Downloads/pairfect-paws-web (2)/pairfect-paws-web/vendor/laravel/framework/src/Illuminate/Pipeline/Pipeline.php(219): Illuminate/Cookie/Middleware/EncryptCookies->handle(Object(Illuminate/Http/Request), Object(Closure))
#30 C:/Users/Jessa/Downloads/pairfect-paws-web (2)/pairfect-paws-web/vendor/laravel/framework/src/Illuminate/Pipeline/Pipeline.php(137): Illuminate/Pipeline/Pipeline->Illuminate/Pipeline/{closure}(Object(Illuminate/Http/Request))
#31 C:/Users/Jessa/Downloads/pairfect-paws-web (2)/pairfect-paws-web/vendor/laravel/framework/src/Illuminate/Routing/Router.php(821): Illuminate/Pipeline/Pipeline->then(Object(Closure))
#32 C:/Users/Jessa/Downloads/pairfect-paws-web (2)/pairfect-paws-web/vendor/laravel/framework/src/Illuminate/Routing/Router.php(800): Illuminate/Routing/Router->runRouteWithinStack(Object(Illuminate/Routing/Route), Object(Illuminate/Http/Request))
#33 C:/Users/Jessa/Downloads/pairfect-paws-web (2)/pairfect-paws-web/vendor/laravel/framework/src/Illuminate/Routing/Router.php(764): Illuminate/Routing/Router->runRoute(Object(Illuminate/Http/Request), Object(Illuminate/Routing/Route))
#34 C:/Users/Jessa/Downloads/pairfect-paws-web (2)/pairfect-paws-web/vendor/laravel/framework/src/Illuminate/Routing/Router.php(753): Illuminate/Routing/Router->dispatchToRoute(Object(Illuminate/Http/Request))
#35 C:/Users/Jessa/Downloads/pairfect-paws-web (2)/pairfect-paws-web/vendor/laravel/framework/src/Illuminate/Foundation/Http/Kernel.php(200): Illuminate/Routing/Router->dispatch(Object(Illuminate/Http/Request))
#36 C:/Users/Jessa/Downloads/pairfect-paws-web (2)/pairfect-paws-web/vendor/laravel/framework/src/Illuminate/Pipeline/Pipeline.php(180): Illuminate/Foundation/Http/Kernel->Illuminate/Foundation/Http/{closure}(Object(Illuminate/Http/Request))
#37 C:/Users/Jessa/Downloads/pairfect-paws-web (2)/pairfect-paws-web/vendor/laravel/framework/src/Illuminate/Foundation/Http/Middleware/TransformsRequest.php(21): Illuminate/Pipeline/Pipeline->Illuminate/Pipeline/{closure}(Object(Illuminate/Http/Request))
#38 C:/Users/Jessa/Downloads/pairfect-paws-web (2)/pairfect-paws-web/vendor/laravel/framework/src/Illuminate/Foundation/Http/Middleware/ConvertEmptyStringsToNull.php(31): Illuminate/Foundation/Http/Middleware/TransformsRequest->handle(Object(Illuminate/Http/Request), Object(Closure))
#39 C:/Users/Jessa/Downloads/pairfect-paws-web (2)/pairfect-paws-web/vendor/laravel/framework/src/Illuminate/Pipeline/Pipeline.php(219): Illuminate/Foundation/Http/Middleware/ConvertEmptyStringsToNull->handle(Object(Illuminate/Http/Request), Object(Closure))
#40 C:/Users/Jessa/Downloads/pairfect-paws-web (2)/pairfect-paws-web/vendor/laravel/framework/src/Illuminate/Foundation/Http/Middleware/TransformsRequest.php(21): Illuminate/Pipeline/Pipeline->Illuminate/Pipeline/{closure}(Object(Illuminate/Http/Request))
#41 C:/Users/Jessa/Downloads/pairfect-paws-web (2)/pairfect-paws-web/vendor/laravel/framework/src/Illuminate/Foundation/Http/Middleware/TrimStrings.php(51): Illuminate/Foundation/Http/Middleware/TransformsRequest->handle(Object(Illuminate/Http/Request), Object(Closure))
#42 C:/Users/Jessa/Downloads/pairfect-paws-web (2)/pairfect-paws-web/vendor/laravel/framework/src/Illuminate/Pipeline/Pipeline.php(219): Illuminate/Foundation/Http/Middleware/TrimStrings->handle(Object(Illuminate/Http/Request), Object(Closure))
#43 C:/Users/Jessa/Downloads/pairfect-paws-web (2)/pairfect-paws-web/vendor/laravel/framework/src/Illuminate/Http/Middleware/ValidatePostSize.php(27): Illuminate/Pipeline/Pipeline->Illuminate/Pipeline/{closure}(Object(Illuminate/Http/Request))
#44 C:/Users/Jessa/Downloads/pairfect-paws-web (2)/pairfect-paws-web/vendor/laravel/framework/src/Illuminate/Pipeline/Pipeline.php(219): Illuminate/Http/Middleware/ValidatePostSize->handle(Object(Illuminate/Http/Request), Object(Closure))
#45 C:/Users/Jessa/Downloads/pairfect-paws-web (2)/pairfect-paws-web/vendor/laravel/framework/src/Illuminate/Foundation/Http/Middleware/PreventRequestsDuringMaintenance.php(109): Illuminate/Pipeline/Pipeline->Illuminate/Pipeline/{closure}(Object(Illuminate/Http/Request))
#46 C:/Users/Jessa/Downloads/pairfect-paws-web (2)/pairfect-paws-web/vendor/laravel/framework/src/Illuminate/Pipeline/Pipeline.php(219): Illuminate/Foundation/Http/Middleware/PreventRequestsDuringMaintenance->handle(Object(Illuminate/Http/Request), Object(Closure))
#47 C:/Users/Jessa/Downloads/pairfect-paws-web (2)/pairfect-paws-web/vendor/laravel/framework/src/Illuminate/Http/Middleware/HandleCors.php(61): Illuminate/Pipeline/Pipeline->Illuminate/Pipeline/{closure}(Object(Illuminate/Http/Request))
#48 C:/Users/Jessa/Downloads/pairfect-paws-web (2)/pairfect-paws-web/vendor/laravel/framework/src/Illuminate/Pipeline/Pipeline.php(219): Illuminate/Http/Middleware/HandleCors->handle(Object(Illuminate/Http/Request), Object(Closure))
#49 C:/Users/Jessa/Downloads/pairfect-paws-web (2)/pairfect-paws-web/vendor/laravel/framework/src/Illuminate/Http/Middleware/TrustProxies.php(58): Illuminate/Pipeline/Pipeline->Illuminate/Pipeline/{closure}(Object(Illuminate/Http/Request))
#50 C:/Users/Jessa/Downloads/pairfect-paws-web (2)/pairfect-paws-web/vendor/laravel/framework/src/Illuminate/Pipeline/Pipeline.php(219): Illuminate/Http/Middleware/TrustProxies->handle(Object(Illuminate/Http/Request), Object(Closure))
#51 C:/Users/Jessa/Downloads/pairfect-paws-web (2)/pairfect-paws-web/vendor/laravel/framework/src/Illuminate/Foundation/Http/Middleware/InvokeDeferredCallbacks.php(22): Illuminate/Pipeline/Pipeline->Illuminate/Pipeline/{closure}(Object(Illuminate/Http/Request))
#52 C:/Users/Jessa/Downloads/pairfect-paws-web (2)/pairfect-paws-web/vendor/laravel/framework/src/Illuminate/Pipeline/Pipeline.php(219): Illuminate/Foundation/Http/Middleware/InvokeDeferredCallbacks->handle(Object(Illuminate/Http/Request), Object(Closure))
#53 C:/Users/Jessa/Downloads/pairfect-paws-web (2)/pairfect-paws-web/vendor/laravel/framework/src/Illuminate/Http/Middleware/ValidatePathEncoding.php(26): Illuminate/Pipeline/Pipeline->Illuminate/Pipeline/{closure}(Object(Illuminate/Http/Request))
#54 C:/Users/Jessa/Downloads/pairfect-paws-web (2)/pairfect-paws-web/vendor/laravel/framework/src/Illuminate/Pipeline/Pipeline.php(219): Illuminate/Http/Middleware/ValidatePathEncoding->handle(Object(Illuminate/Http/Request), Object(Closure))
#55 C:/Users/Jessa/Downloads/pairfect-paws-web (2)/pairfect-paws-web/vendor/laravel/framework/src/Illuminate/Pipeline/Pipeline.php(137): Illuminate/Pipeline/Pipeline->Illuminate/Pipeline/{closure}(Object(Illuminate/Http/Request))
#56 C:/Users/Jessa/Downloads/pairfect-paws-web (2)/pairfect-paws-web/vendor/laravel/framework/src/Illuminate/Foundation/Http/Kernel.php(175): Illuminate/Pipeline/Pipeline->then(Object(Closure))
#57 C:/Users/Jessa/Downloads/pairfect-paws-web (2)/pairfect-paws-web/vendor/laravel/framework/src/Illuminate/Foundation/Http/Kernel.php(144): Illuminate/Foundation/Http/Kernel->sendRequestThroughRouter(Object(Illuminate/Http/Request))
#58 C:/Users/Jessa/Downloads/pairfect-paws-web (2)/pairfect-paws-web/vendor/laravel/framework/src/Illuminate/Foundation/Application.php(1220): Illuminate/Foundation/Http/Kernel->handle(Object(Illuminate/Http/Request))
#59 C:/Users/Jessa/Downloads/pairfect-paws-web (2)/pairfect-paws-web/public/index.php(18): Illuminate/Foundation/Application->handleRequest(Object(Illuminate/Http/Request))
#60 C:/Users/Jessa/Downloads/pairfect-paws-web (2)/pairfect-paws-web/vendor/laravel/framework/src/Illuminate/Foundation/resources/server.php(23): require_once('C://Users//Jessa//...')
#61 {main}

[previous exception] [object] (ParseError(code: 0): Unclosed '[' does not match ')' at C:/Users/Jessa/Downloads/pairfect-paws-web (2)/pairfect-paws-web/storage/framework/views/9e2d8e5460f8354eed8ccdcfe3b57311.php:31)
[stacktrace]
#0 C:/Users/Jessa/Downloads/pairfect-paws-web (2)/pairfect-paws-web/vendor/laravel/framework/src/Illuminate/Filesystem/Filesystem.php(124): Illuminate/Filesystem/Filesystem::Illuminate/Filesystem/{closure}()
#1 C:/Users/Jessa/Downloads/pairfect-paws-web (2)/pairfect-paws-web/vendor/laravel/framework/src/Illuminate/View/Engines/PhpEngine.php(57): Illuminate/Filesystem/Filesystem->getRequire('C://Users//Jessa//...', Array)
#2 C:/Users/Jessa/Downloads/pairfect-paws-web (2)/pairfect-paws-web/vendor/laravel/framework/src/Illuminate/View/Engines/CompilerEngine.php(76): Illuminate/View/Engines/PhpEngine->evaluatePath('C://Users//Jessa//...', Array)
#3 C:/Users/Jessa/Downloads/pairfect-paws-web (2)/pairfect-paws-web/vendor/laravel/framework/src/Illuminate/View/View.php(208): Illuminate/View/Engines/CompilerEngine->get('C://Users//Jessa//...', Array)
#4 C:/Users/Jessa/Downloads/pairfect-paws-web (2)/pairfect-paws-web/vendor/laravel/framework/src/Illuminate/View/View.php(191): Illuminate/View/View->getContents()
#5 C:/Users/Jessa/Downloads/pairfect-paws-web (2)/pairfect-paws-web/vendor/laravel/framework/src/Illuminate/View/View.php(160): Illuminate/View/View->renderContents()
#6 C:/Users/Jessa/Downloads/pairfect-paws-web (2)/pairfect-paws-web/vendor/laravel/framework/src/Illuminate/Http/Response.php(78): Illuminate/View/View->render()
#7 C:/Users/Jessa/Downloads/pairfect-paws-web (2)/pairfect-paws-web/vendor/laravel/framework/src/Illuminate/Http/Response.php(34): Illuminate/Http/Response->setContent(Object(Illuminate/View/View))
#8 C:/Users/Jessa/Downloads/pairfect-paws-web (2)/pairfect-paws-web/vendor/laravel/framework/src/Illuminate/Routing/Router.php(939): Illuminate/Http/Response->__construct(Object(Illuminate/View/View), 200, Array)
#9 C:/Users/Jessa/Downloads/pairfect-paws-web (2)/pairfect-paws-web/vendor/laravel/framework/src/Illuminate/Routing/Router.php(906): Illuminate/Routing/Router::toResponse(Object(Illuminate/Http/Request), Object(Illuminate/View/View))
#10 C:/Users/Jessa/Downloads/pairfect-paws-web (2)/pairfect-paws-web/vendor/laravel/framework/src/Illuminate/Routing/Router.php(821): Illuminate/Routing/Router->prepareResponse(Object(Illuminate/Http/Request), Object(Illuminate/View/View))
#11 C:/Users/Jessa/Downloads/pairfect-paws-web (2)/pairfect-paws-web/vendor/laravel/framework/src/Illuminate/Pipeline/Pipeline.php(180): Illuminate/Routing/Router->Illuminate/Routing/{closure}(Object(Illuminate/Http/Request))
#12 C:/Users/Jessa/Downloads/pairfect-paws-web (2)/pairfect-paws-web/app/Http/Middleware/EnsureUserIsStaff.php(32): Illuminate/Pipeline/Pipeline->Illuminate/Pipeline/{closure}(Object(Illuminate/Http/Request))
#13 C:/Users/Jessa/Downloads/pairfect-paws-web (2)/pairfect-paws-web/vendor/laravel/framework/src/Illuminate/Pipeline/Pipeline.php(219): App/Http/Middleware/EnsureUserIsStaff->handle(Object(Illuminate/Http/Request), Object(Closure))
#14 C:/Users/Jessa/Downloads/pairfect-paws-web (2)/pairfect-paws-web/app/Http/Middleware/SecurityHeaders.php(19): Illuminate/Pipeline/Pipeline->Illuminate/Pipeline/{closure}(Object(Illuminate/Http/Request))
#15 C:/Users/Jessa/Downloads/pairfect-paws-web (2)/pairfect-paws-web/vendor/laravel/framework/src/Illuminate/Pipeline/Pipeline.php(219): App/Http/Middleware/SecurityHeaders->handle(Object(Illuminate/Http/Request), Object(Closure))
#16 C:/Users/Jessa/Downloads/pairfect-paws-web (2)/pairfect-paws-web/vendor/laravel/framework/src/Illuminate/Routing/Middleware/SubstituteBindings.php(50): Illuminate/Pipeline/Pipeline->Illuminate/Pipeline/{closure}(Object(Illuminate/Http/Request))
#17 C:/Users/Jessa/Downloads/pairfect-paws-web (2)/pairfect-paws-web/vendor/laravel/framework/src/Illuminate/Pipeline/Pipeline.php(219): Illuminate/Routing/Middleware/SubstituteBindings->handle(Object(Illuminate/Http/Request), Object(Closure))
#18 C:/Users/Jessa/Downloads/pairfect-paws-web (2)/pairfect-paws-web/vendor/laravel/framework/src/Illuminate/Auth/Middleware/Authenticate.php(63): Illuminate/Pipeline/Pipeline->Illuminate/Pipeline/{closure}(Object(Illuminate/Http/Request))
#19 C:/Users/Jessa/Downloads/pairfect-paws-web (2)/pairfect-paws-web/vendor/laravel/framework/src/Illuminate/Pipeline/Pipeline.php(219): Illuminate/Auth/Middleware/Authenticate->handle(Object(Illuminate/Http/Request), Object(Closure))
#20 C:/Users/Jessa/Downloads/pairfect-paws-web (2)/pairfect-paws-web/vendor/laravel/framework/src/Illuminate/Foundation/Http/Middleware/VerifyCsrfToken.php(87): Illuminate/Pipeline/Pipeline->Illuminate/Pipeline/{closure}(Object(Illuminate/Http/Request))
#21 C:/Users/Jessa/Downloads/pairfect-paws-web (2)/pairfect-paws-web/vendor/laravel/framework/src/Illuminate/Pipeline/Pipeline.php(219): Illuminate/Foundation/Http/Middleware/VerifyCsrfToken->handle(Object(Illuminate/Http/Request), Object(Closure))
#22 C:/Users/Jessa/Downloads/pairfect-paws-web (2)/pairfect-paws-web/vendor/laravel/framework/src/Illuminate/View/Middleware/ShareErrorsFromSession.php(48): Illuminate/Pipeline/Pipeline->Illuminate/Pipeline/{closure}(Object(Illuminate/Http/Request))
#23 C:/Users/Jessa/Downloads/pairfect-paws-web (2)/pairfect-paws-web/vendor/laravel/framework/src/Illuminate/Pipeline/Pipeline.php(219): Illuminate/View/Middleware/ShareErrorsFromSession->handle(Object(Illuminate/Http/Request), Object(Closure))
#24 C:/Users/Jessa/Downloads/pairfect-paws-web (2)/pairfect-paws-web/vendor/laravel/framework/src/Illuminate/Session/Middleware/StartSession.php(120): Illuminate/Pipeline/Pipeline->Illuminate/Pipeline/{closure}(Object(Illuminate/Http/Request))
#25 C:/Users/Jessa/Downloads/pairfect-paws-web (2)/pairfect-paws-web/vendor/laravel/framework/src/Illuminate/Session/Middleware/StartSession.php(63): Illuminate/Session/Middleware/StartSession->handleStatefulRequest(Object(Illuminate/Http/Request), Object(Illuminate/Session/EncryptedStore), Object(Closure))
#26 C:/Users/Jessa/Downloads/pairfect-paws-web (2)/pairfect-paws-web/vendor/laravel/framework/src/Illuminate/Pipeline/Pipeline.php(219): Illuminate/Session/Middleware/StartSession->handle(Object(Illuminate/Http/Request), Object(Closure))
#27 C:/Users/Jessa/Downloads/pairfect-paws-web (2)/pairfect-paws-web/vendor/laravel/framework/src/Illuminate/Cookie/Middleware/AddQueuedCookiesToResponse.php(36): Illuminate/Pipeline/Pipeline->Illuminate/Pipeline/{closure}(Object(Illuminate/Http/Request))
#28 C:/Users/Jessa/Downloads/pairfect-paws-web (2)/pairfect-paws-web/vendor/laravel/framework/src/Illuminate/Pipeline/Pipeline.php(219): Illuminate/Cookie/Middleware/AddQueuedCookiesToResponse->handle(Object(Illuminate/Http/Request), Object(Closure))
#29 C:/Users/Jessa/Downloads/pairfect-paws-web (2)/pairfect-paws-web/vendor/laravel/framework/src/Illuminate/Cookie/Middleware/EncryptCookies.php(74): Illuminate/Pipeline/Pipeline->Illuminate/Pipeline/{closure}(Object(Illuminate/Http/Request))
#30 C:/Users/Jessa/Downloads/pairfect-paws-web (2)/pairfect-paws-web/vendor/laravel/framework/src/Illuminate/Pipeline/Pipeline.php(219): Illuminate/Cookie/Middleware/EncryptCookies->handle(Object(Illuminate/Http/Request), Object(Closure))
#31 C:/Users/Jessa/Downloads/pairfect-paws-web (2)/pairfect-paws-web/vendor/laravel/framework/src/Illuminate/Pipeline/Pipeline.php(137): Illuminate/Pipeline/Pipeline->Illuminate/Pipeline/{closure}(Object(Illuminate/Http/Request))
#32 C:/Users/Jessa/Downloads/pairfect-paws-web (2)/pairfect-paws-web/vendor/laravel/framework/src/Illuminate/Routing/Router.php(821): Illuminate/Pipeline/Pipeline->then(Object(Closure))
#33 C:/Users/Jessa/Downloads/pairfect-paws-web (2)/pairfect-paws-web/vendor/laravel/framework/src/Illuminate/Routing/Router.php(800): Illuminate/Routing/Router->runRouteWithinStack(Object(Illuminate/Routing/Route), Object(Illuminate/Http/Request))
#34 C:/Users/Jessa/Downloads/pairfect-paws-web (2)/pairfect-paws-web/vendor/laravel/framework/src/Illuminate/Routing/Router.php(764): Illuminate/Routing/Router->runRoute(Object(Illuminate/Http/Request), Object(Illuminate/Routing/Route))
#35 C:/Users/Jessa/Downloads/pairfect-paws-web (2)/pairfect-paws-web/vendor/laravel/framework/src/Illuminate/Routing/Router.php(753): Illuminate/Routing/Router->dispatchToRoute(Object(Illuminate/Http/Request))
#36 C:/Users/Jessa/Downloads/pairfect-paws-web (2)/pairfect-paws-web/vendor/laravel/framework/src/Illuminate/Foundation/Http/Kernel.php(200): Illuminate/Routing/Router->dispatch(Object(Illuminate/Http/Request))
#37 C:/Users/Jessa/Downloads/pairfect-paws-web (2)/pairfect-paws-web/vendor/laravel/framework/src/Illuminate/Pipeline/Pipeline.php(180): Illuminate/Foundation/Http/Kernel->Illuminate/Foundation/Http/{closure}(Object(Illuminate/Http/Request))
#38 C:/Users/Jessa/Downloads/pairfect-paws-web (2)/pairfect-paws-web/vendor/laravel/framework/src/Illuminate/Foundation/Http/Middleware/TransformsRequest.php(21): Illuminate/Pipeline/Pipeline->Illuminate/Pipeline/{closure}(Object(Illuminate/Http/Request))
#39 C:/Users/Jessa/Downloads/pairfect-paws-web (2)/pairfect-paws-web/vendor/laravel/framework/src/Illuminate/Foundation/Http/Middleware/ConvertEmptyStringsToNull.php(31): Illuminate/Foundation/Http/Middleware/TransformsRequest->handle(Object(Illuminate/Http/Request), Object(Closure))
#40 C:/Users/Jessa/Downloads/pairfect-paws-web (2)/pairfect-paws-web/vendor/laravel/framework/src/Illuminate/Pipeline/Pipeline.php(219): Illuminate/Foundation/Http/Middleware/ConvertEmptyStringsToNull->handle(Object(Illuminate/Http/Request), Object(Closure))
#41 C:/Users/Jessa/Downloads/pairfect-paws-web (2)/pairfect-paws-web/vendor/laravel/framework/src/Illuminate/Foundation/Http/Middleware/TransformsRequest.php(21): Illuminate/Pipeline/Pipeline->Illuminate/Pipeline/{closure}(Object(Illuminate/Http/Request))
#42 C:/Users/Jessa/Downloads/pairfect-paws-web (2)/pairfect-paws-web/vendor/laravel/framework/src/Illuminate/Foundation/Http/Middleware/TrimStrings.php(51): Illuminate/Foundation/Http/Middleware/TransformsRequest->handle(Object(Illuminate/Http/Request), Object(Closure))
#43 C:/Users/Jessa/Downloads/pairfect-paws-web (2)/pairfect-paws-web/vendor/laravel/framework/src/Illuminate/Pipeline/Pipeline.php(219): Illuminate/Foundation/Http/Middleware/TrimStrings->handle(Object(Illuminate/Http/Request), Object(Closure))
#44 C:/Users/Jessa/Downloads/pairfect-paws-web (2)/pairfect-paws-web/vendor/laravel/framework/src/Illuminate/Http/Middleware/ValidatePostSize.php(27): Illuminate/Pipeline/Pipeline->Illuminate/Pipeline/{closure}(Object(Illuminate/Http/Request))
#45 C:/Users/Jessa/Downloads/pairfect-paws-web (2)/pairfect-paws-web/vendor/laravel/framework/src/Illuminate/Pipeline/Pipeline.php(219): Illuminate/Http/Middleware/ValidatePostSize->handle(Object(Illuminate/Http/Request), Object(Closure))
#46 C:/Users/Jessa/Downloads/pairfect-paws-web (2)/pairfect-paws-web/vendor/laravel/framework/src/Illuminate/Foundation/Http/Middleware/PreventRequestsDuringMaintenance.php(109): Illuminate/Pipeline/Pipeline->Illuminate/Pipeline/{closure}(Object(Illuminate/Http/Request))
#47 C:/Users/Jessa/Downloads/pairfect-paws-web (2)/pairfect-paws-web/vendor/laravel/framework/src/Illuminate/Pipeline/Pipeline.php(219): Illuminate/Foundation/Http/Middleware/PreventRequestsDuringMaintenance->handle(Object(Illuminate/Http/Request), Object(Closure))
#48 C:/Users/Jessa/Downloads/pairfect-paws-web (2)/pairfect-paws-web/vendor/laravel/framework/src/Illuminate/Http/Middleware/HandleCors.php(61): Illuminate/Pipeline/Pipeline->Illuminate/Pipeline/{closure}(Object(Illuminate/Http/Request))
#49 C:/Users/Jessa/Downloads/pairfect-paws-web (2)/pairfect-paws-web/vendor/laravel/framework/src/Illuminate/Pipeline/Pipeline.php(219): Illuminate/Http/Middleware/HandleCors->handle(Object(Illuminate/Http/Request), Object(Closure))
#50 C:/Users/Jessa/Downloads/pairfect-paws-web (2)/pairfect-paws-web/vendor/laravel/framework/src/Illuminate/Http/Middleware/TrustProxies.php(58): Illuminate/Pipeline/Pipeline->Illuminate/Pipeline/{closure}(Object(Illuminate/Http/Request))
#51 C:/Users/Jessa/Downloads/pairfect-paws-web (2)/pairfect-paws-web/vendor/laravel/framework/src/Illuminate/Pipeline/Pipeline.php(219): Illuminate/Http/Middleware/TrustProxies->handle(Object(Illuminate/Http/Request), Object(Closure))
#52 C:/Users/Jessa/Downloads/pairfect-paws-web (2)/pairfect-paws-web/vendor/laravel/framework/src/Illuminate/Foundation/Http/Middleware/InvokeDeferredCallbacks.php(22): Illuminate/Pipeline/Pipeline->Illuminate/Pipeline/{closure}(Object(Illuminate/Http/Request))
#53 C:/Users/Jessa/Downloads/pairfect-paws-web (2)/pairfect-paws-web/vendor/laravel/framework/src/Illuminate/Pipeline/Pipeline.php(219): Illuminate/Foundation/Http/Middleware/InvokeDeferredCallbacks->handle(Object(Illuminate/Http/Request), Object(Closure))
#54 C:/Users/Jessa/Downloads/pairfect-paws-web (2)/pairfect-paws-web/vendor/laravel/framework/src/Illuminate/Http/Middleware/ValidatePathEncoding.php(26): Illuminate/Pipeline/Pipeline->Illuminate/Pipeline/{closure}(Object(Illuminate/Http/Request))
#55 C:/Users/Jessa/Downloads/pairfect-paws-web (2)/pairfect-paws-web/vendor/laravel/framework/src/Illuminate/Pipeline/Pipeline.php(219): Illuminate/Http/Middleware/ValidatePathEncoding->handle(Object(Illuminate/Http/Request), Object(Closure))
#56 C:/Users/Jessa/Downloads/pairfect-paws-web (2)/pairfect-paws-web/vendor/laravel/framework/src/Illuminate/Pipeline/Pipeline.php(137): Illuminate/Pipeline/Pipeline->Illuminate/Pipeline/{closure}(Object(Illuminate/Http/Request))
#57 C:/Users/Jessa/Downloads/pairfect-paws-web (2)/pairfect-paws-web/vendor/laravel/framework/src/Illuminate/Foundation/Http/Kernel.php(175): Illuminate/Pipeline/Pipeline->then(Object(Closure))
#58 C:/Users/Jessa/Downloads/pairfect-paws-web (2)/pairfect-paws-web/vendor/laravel/framework/src/Illuminate/Foundation/Http/Kernel.php(144): Illuminate/Foundation/Http/Kernel->sendRequestThroughRouter(Object(Illuminate/Http/Request))
#59 C:/Users/Jessa/Downloads/pairfect-paws-web (2)/pairfect-paws-web/vendor/laravel/framework/src/Illuminate/Foundation/Application.php(1220): Illuminate/Foundation/Http/Kernel->handle(Object(Illuminate/Http/Request))
#60 C:/Users/Jessa/Downloads/pairfect-paws-web (2)/pairfect-paws-web/public/index.php(18): Illuminate/Foundation/Application->handleRequest(Object(Illuminate/Http/Request))
#61 C:/Users/Jessa/Downloads/pairfect-paws-web (2)/pairfect-paws-web/vendor/laravel/framework/src/Illuminate/Foundation/resources/server.php(23): require_once('C://Users//Jessa//...')
#62 {main}
"} 
[2026-08-05 01:30:01] local.ERROR: Call to undefined relationship [user] on model [App\Models\CheckIn]. {"userId":2,"exception":"[object] (Illuminate\\Database\\Eloquent\\RelationNotFoundException(code: 0): Call to undefined relationship [user] on model [App\\Models\\CheckIn]. at C:/Users/Jessa/Downloads/pairfect-paws-web (2)/pairfect-paws-web/vendor/laravel/framework/src/Illuminate/Database/Eloquent/RelationNotFoundException.php:35)
[stacktrace]
#0 C:/Users/Jessa/Downloads/pairfect-paws-web (2)/pairfect-paws-web/vendor/laravel/framework/src/Illuminate/Database/Eloquent/Builder.php(969): Illuminate/Database/Eloquent/RelationNotFoundException::make(Object(App/Models/CheckIn), 'user')
#1 C:/Users/Jessa/Downloads/pairfect-paws-web (2)/pairfect-paws-web/vendor/laravel/framework/src/Illuminate/Database/Eloquent/Relations/Relation.php(119): Illuminate/Database/Eloquent/Builder->Illuminate/Database/Eloquent/{closure}()
#2 C:/Users/Jessa/Downloads/pairfect-paws-web (2)/pairfect-paws-web/vendor/laravel/framework/src/Illuminate/Database/Eloquent/Builder.php(965): Illuminate/Database/Eloquent/Relations/Relation::noConstraints(Object(Closure))
#3 C:/Users/Jessa/Downloads/pairfect-paws-web (2)/pairfect-paws-web/vendor/laravel/framework/src/Illuminate/Database/Eloquent/Builder.php(939): Illuminate/Database/Eloquent/Builder->getRelation('user')
#4 C:/Users/Jessa/Downloads/pairfect-paws-web (2)/pairfect-paws-web/vendor/laravel/framework/src/Illuminate/Database/Eloquent/Builder.php(919): Illuminate/Database/Eloquent/Builder->eagerLoadRelation(Array, 'user', Object(Closure))
#5 C:/Users/Jessa/Downloads/pairfect-paws-web (2)/pairfect-paws-web/vendor/laravel/framework/src/Illuminate/Database/Eloquent/Builder.php(885): Illuminate/Database/Eloquent/Builder->eagerLoadRelations(Array)
#6 C:/Users/Jessa/Downloads/pairfect-paws-web (2)/pairfect-paws-web/app/Http/Controllers/Admin/MonitoringController.php(15): Illuminate/Database/Eloquent/Builder->get()
#7 C:/Users/Jessa/Downloads/pairfect-paws-web (2)/pairfect-paws-web/vendor/laravel/framework/src/Illuminate/Routing/ControllerDispatcher.php(46): App/Http/Controllers/Admin/MonitoringController->index()
#8 C:/Users/Jessa/Downloads/pairfect-paws-web (2)/pairfect-paws-web/vendor/laravel/framework/src/Illuminate/Routing/Route.php(265): Illuminate/Routing/ControllerDispatcher->dispatch(Object(Illuminate/Routing/Route), Object(App/Http/Controllers/Admin/MonitoringController), 'index')
#9 C:/Users/Jessa/Downloads/pairfect-paws-web (2)/pairfect-paws-web/vendor/laravel/framework/src/Illuminate/Routing/Route.php(211): Illuminate/Routing/Route->runController()
#10 C:/Users/Jessa/Downloads/pairfect-paws-web (2)/pairfect-paws-web/vendor/laravel/framework/src/Illuminate/Routing/Router.php(822): Illuminate/Routing/Route->run()
#11 C:/Users/Jessa/Downloads/pairfect-paws-web (2)/pairfect-paws-web/vendor/laravel/framework/src/Illuminate/Pipeline/Pipeline.php(180): Illuminate/Routing/Router->Illuminate/Routing/{closure}(Object(Illuminate/Http/Request))
#12 C:/Users/Jessa/Downloads/pairfect-paws-web (2)/pairfect-paws-web/app/Http/Middleware/EnsureUserIsStaff.php(32): Illuminate/Pipeline/Pipeline->Illuminate/Pipeline/{closure}(Object(Illuminate/Http/Request))
#13 C:/Users/Jessa/Downloads/pairfect-paws-web (2)/pairfect-paws-web/vendor/laravel/framework/src/Illuminate/Pipeline/Pipeline.php(219): App/Http/Middleware/EnsureUserIsStaff->handle(Object(Illuminate/Http/Request), Object(Closure))
#14 C:/Users/Jessa/Downloads/pairfect-paws-web (2)/pairfect-paws-web/app/Http/Middleware/SecurityHeaders.php(19): Illuminate/Pipeline/Pipeline->Illuminate/Pipeline/{closure}(Object(Illuminate/Http/Request))
#15 C:/Users/Jessa/Downloads/pairfect-paws-web (2)/pairfect-paws-web/vendor/laravel/framework/src/Illuminate/Pipeline/Pipeline.php(219): App/Http/Middleware/SecurityHeaders->handle(Object(Illuminate/Http/Request), Object(Closure))
#16 C:/Users/Jessa/Downloads/pairfect-paws-web (2)/pairfect-paws-web/vendor/laravel/framework/src/Illuminate/Routing/Middleware/SubstituteBindings.php(50): Illuminate/Pipeline/Pipeline->Illuminate/Pipeline/{closure}(Object(Illuminate/Http/Request))
#17 C:/Users/Jessa/Downloads/pairfect-paws-web (2)/pairfect-paws-web/vendor/laravel/framework/src/Illuminate/Pipeline/Pipeline.php(219): Illuminate/Routing/Middleware/SubstituteBindings->handle(Object(Illuminate/Http/Request), Object(Closure))
#18 C:/Users/Jessa/Downloads/pairfect-paws-web (2)/pairfect-paws-web/vendor/laravel/framework/src/Illuminate/Auth/Middleware/Authenticate.php(63): Illuminate/Pipeline/Pipeline->Illuminate/Pipeline/{closure}(Object(Illuminate/Http/Request))
#19 C:/Users/Jessa/Downloads/pairfect-paws-web (2)/pairfect-paws-web/vendor/laravel/framework/src/Illuminate/Pipeline/Pipeline.php(219): Illuminate/Auth/Middleware/Authenticate->handle(Object(Illuminate/Http/Request), Object(Closure))
#20 C:/Users/Jessa/Downloads/pairfect-paws-web (2)/pairfect-paws-web/vendor/laravel/framework/src/Illuminate/Foundation/Http/Middleware/VerifyCsrfToken.php(87): Illuminate/Pipeline/Pipeline->Illuminate/Pipeline/{closure}(Object(Illuminate/Http/Request))
#21 C:/Users/Jessa/Downloads/pairfect-paws-web (2)/pairfect-paws-web/vendor/laravel/framework/src/Illuminate/Pipeline/Pipeline.php(219): Illuminate/Foundation/Http/Middleware/VerifyCsrfToken->handle(Object(Illuminate/Http/Request), Object(Closure))
#22 C:/Users/Jessa/Downloads/pairfect-paws-web (2)/pairfect-paws-web/vendor/laravel/framework/src/Illuminate/View/Middleware/ShareErrorsFromSession.php(48): Illuminate/Pipeline/Pipeline->Illuminate/Pipeline/{closure}(Object(Illuminate/Http/Request))
#23 C:/Users/Jessa/Downloads/pairfect-paws-web (2)/pairfect-paws-web/vendor/laravel/framework/src/Illuminate/Pipeline/Pipeline.php(219): Illuminate/View/Middleware/ShareErrorsFromSession->handle(Object(Illuminate/Http/Request), Object(Closure))
#24 C:/Users/Jessa/Downloads/pairfect-paws-web (2)/pairfect-paws-web/vendor/laravel/framework/src/Illuminate/Session/Middleware/StartSession.php(120): Illuminate/Pipeline/Pipeline->Illuminate/Pipeline/{closure}(Object(Illuminate/Http/Request))
#25 C:/Users/Jessa/Downloads/pairfect-paws-web (2)/pairfect-paws-web/vendor/laravel/framework/src/Illuminate/Session/Middleware/StartSession.php(63): Illuminate/Session/Middleware/StartSession->handleStatefulRequest(Object(Illuminate/Http/Request), Object(Illuminate/Session/EncryptedStore), Object(Closure))
#26 C:/Users/Jessa/Downloads/pairfect-paws-web (2)/pairfect-paws-web/vendor/laravel/framework/src/Illuminate/Pipeline/Pipeline.php(219): Illuminate/Session/Middleware/StartSession->handle(Object(Illuminate/Http/Request), Object(Closure))
#27 C:/Users/Jessa/Downloads/pairfect-paws-web (2)/pairfect-paws-web/vendor/laravel/framework/src/Illuminate/Cookie/Middleware/AddQueuedCookiesToResponse.php(36): Illuminate/Pipeline/Pipeline->Illuminate/Pipeline/{closure}(Object(Illuminate/Http/Request))
#28 C:/Users/Jessa/Downloads/pairfect-paws-web (2)/pairfect-paws-web/vendor/laravel/framework/src/Illuminate/Pipeline/Pipeline.php(219): Illuminate/Cookie/Middleware/AddQueuedCookiesToResponse->handle(Object(Illuminate/Http/Request), Object(Closure))
#29 C:/Users/Jessa/Downloads/pairfect-paws-web (2)/pairfect-paws-web/vendor/laravel/framework/src/Illuminate/Cookie/Middleware/EncryptCookies.php(74): Illuminate/Pipeline/Pipeline->Illuminate/Pipeline/{closure}(Object(Illuminate/Http/Request))
#30 C:/Users/Jessa/Downloads/pairfect-paws-web (2)/pairfect-paws-web/vendor/laravel/framework/src/Illuminate/Pipeline/Pipeline.php(219): Illuminate/Cookie/Middleware/EncryptCookies->handle(Object(Illuminate/Http/Request), Object(Closure))
#31 C:/Users/Jessa/Downloads/pairfect-paws-web (2)/pairfect-paws-web/vendor/laravel/framework/src/Illuminate/Pipeline/Pipeline.php(137): Illuminate/Pipeline/Pipeline->Illuminate/Pipeline/{closure}(Object(Illuminate/Http/Request))
#32 C:/Users/Jessa/Downloads/pairfect-paws-web (2)/pairfect-paws-web/vendor/laravel/framework/src/Illuminate/Routing/Router.php(821): Illuminate/Pipeline/Pipeline->then(Object(Closure))
#33 C:/Users/Jessa/Downloads/pairfect-paws-web (2)/pairfect-paws-web/vendor/laravel/framework/src/Illuminate/Routing/Router.php(800): Illuminate/Routing/Router->runRouteWithinStack(Object(Illuminate/Routing/Route), Object(Illuminate/Http/Request))
#34 C:/Users/Jessa/Downloads/pairfect-paws-web (2)/pairfect-paws-web/vendor/laravel/framework/src/Illuminate/Routing/Router.php(764): Illuminate/Routing/Router->runRoute(Object(Illuminate/Http/Request), Object(Illuminate/Routing/Route))
#35 C:/Users/Jessa/Downloads/pairfect-paws-web (2)/pairfect-paws-web/vendor/laravel/framework/src/Illuminate/Routing/Router.php(753): Illuminate/Routing/Router->dispatchToRoute(Object(Illuminate/Http/Request))
#36 C:/Users/Jessa/Downloads/pairfect-paws-web (2)/pairfect-paws-web/vendor/laravel/framework/src/Illuminate/Foundation/Http/Kernel.php(200): Illuminate/Routing/Router->dispatch(Object(Illuminate/Http/Request))
#37 C:/Users/Jessa/Downloads/pairfect-paws-web (2)/pairfect-paws-web/vendor/laravel/framework/src/Illuminate/Pipeline/Pipeline.php(180): Illuminate/Foundation/Http/Kernel->Illuminate/Foundation/Http/{closure}(Object(Illuminate/Http/Request))
#38 C:/Users/Jessa/Downloads/pairfect-paws-web (2)/pairfect-paws-web/vendor/laravel/framework/src/Illuminate/Foundation/Http/Middleware/TransformsRequest.php(21): Illuminate/Pipeline/Pipeline->Illuminate/Pipeline/{closure}(Object(Illuminate/Http/Request))
#39 C:/Users/Jessa/Downloads/pairfect-paws-web (2)/pairfect-paws-web/vendor/laravel/framework/src/Illuminate/Foundation/Http/Middleware/ConvertEmptyStringsToNull.php(31): Illuminate/Foundation/Http/Middleware/TransformsRequest->handle(Object(Illuminate/Http/Request), Object(Closure))
#40 C:/Users/Jessa/Downloads/pairfect-paws-web (2)/pairfect-paws-web/vendor/laravel/framework/src/Illuminate/Pipeline/Pipeline.php(219): Illuminate/Foundation/Http/Middleware/ConvertEmptyStringsToNull->handle(Object(Illuminate/Http/Request), Object(Closure))
#41 C:/Users/Jessa/Downloads/pairfect-paws-web (2)/pairfect-paws-web/vendor/laravel/framework/src/Illuminate/Foundation/Http/Middleware/TransformsRequest.php(21): Illuminate/Pipeline/Pipeline->Illuminate/Pipeline/{closure}(Object(Illuminate/Http/Request))
#42 C:/Users/Jessa/Downloads/pairfect-paws-web (2)/pairfect-paws-web/vendor/laravel/framework/src/Illuminate/Foundation/Http/Middleware/TrimStrings.php(51): Illuminate/Foundation/Http/Middleware/TransformsRequest->handle(Object(Illuminate/Http/Request), Object(Closure))
#43 C:/Users/Jessa/Downloads/pairfect-paws-web (2)/pairfect-paws-web/vendor/laravel/framework/src/Illuminate/Pipeline/Pipeline.php(219): Illuminate/Foundation/Http/Middleware/TrimStrings->handle(Object(Illuminate/Http/Request), Object(Closure))
#44 C:/Users/Jessa/Downloads/pairfect-paws-web (2)/pairfect-paws-web/vendor/laravel/framework/src/Illuminate/Http/Middleware/ValidatePostSize.php(27): Illuminate/Pipeline/Pipeline->Illuminate/Pipeline/{closure}(Object(Illuminate/Http/Request))
#45 C:/Users/Jessa/Downloads/pairfect-paws-web (2)/pairfect-paws-web/vendor/laravel/framework/src/Illuminate/Pipeline/Pipeline.php(219): Illuminate/Http/Middleware/ValidatePostSize->handle(Object(Illuminate/Http/Request), Object(Closure))
#46 C:/Users/Jessa/Downloads/pairfect-paws-web (2)/pairfect-paws-web/vendor/laravel/framework/src/Illuminate/Foundation/Http/Middleware/PreventRequestsDuringMaintenance.php(109): Illuminate/Pipeline/Pipeline->Illuminate/Pipeline/{closure}(Object(Illuminate/Http/Request))
#47 C:/Users/Jessa/Downloads/pairfect-paws-web (2)/pairfect-paws-web/vendor/laravel/framework/src/Illuminate/Pipeline/Pipeline.php(219): Illuminate/Foundation/Http/Middleware/PreventRequestsDuringMaintenance->handle(Object(Illuminate/Http/Request), Object(Closure))
#48 C:/Users/Jessa/Downloads/pairfect-paws-web (2)/pairfect-paws-web/vendor/laravel/framework/src/Illuminate/Http/Middleware/HandleCors.php(61): Illuminate/Pipeline/Pipeline->Illuminate/Pipeline/{closure}(Object(Illuminate/Http/Request))
#49 C:/Users/Jessa/Downloads/pairfect-paws-web (2)/pairfect-paws-web/vendor/laravel/framework/src/Illuminate/Pipeline/Pipeline.php(219): Illuminate/Http/Middleware/HandleCors->handle(Object(Illuminate/Http/Request), Object(Closure))
#50 C:/Users/Jessa/Downloads/pairfect-paws-web (2)/pairfect-paws-web/vendor/laravel/framework/src/Illuminate/Http/Middleware/TrustProxies.php(58): Illuminate/Pipeline/Pipeline->Illuminate/Pipeline/{closure}(Object(Illuminate/Http/Request))
#51 C:/Users/Jessa/Downloads/pairfect-paws-web (2)/pairfect-paws-web/vendor/laravel/framework/src/Illuminate/Pipeline/Pipeline.php(219): Illuminate/Http/Middleware/TrustProxies->handle(Object(Illuminate/Http/Request), Object(Closure))
#52 C:/Users/Jessa/Downloads/pairfect-paws-web (2)/pairfect-paws-web/vendor/laravel/framework/src/Illuminate/Foundation/Http/Middleware/InvokeDeferredCallbacks.php(22): Illuminate/Pipeline/Pipeline->Illuminate/Pipeline/{closure}(Object(Illuminate/Http/Request))
#53 C:/Users/Jessa/Downloads/pairfect-paws-web (2)/pairfect-paws-web/vendor/laravel/framework/src/Illuminate/Pipeline/Pipeline.php(219): Illuminate/Foundation/Http/Middleware/InvokeDeferredCallbacks->handle(Object(Illuminate/Http/Request), Object(Closure))
#54 C:/Users/Jessa/Downloads/pairfect-paws-web (2)/pairfect-paws-web/vendor/laravel/framework/src/Illuminate/Http/Middleware/ValidatePathEncoding.php(26): Illuminate/Pipeline/Pipeline->Illuminate/Pipeline/{closure}(Object(Illuminate/Http/Request))
#55 C:/Users/Jessa/Downloads/pairfect-paws-web (2)/pairfect-paws-web/vendor/laravel/framework/src/Illuminate/Pipeline/Pipeline.php(219): Illuminate/Http/Middleware/ValidatePathEncoding->handle(Object(Illuminate/Http/Request), Object(Closure))
#56 C:/Users/Jessa/Downloads/pairfect-paws-web (2)/pairfect-paws-web/vendor/laravel/framework/src/Illuminate/Pipeline/Pipeline.php(137): Illuminate/Pipeline/Pipeline->Illuminate/Pipeline/{closure}(Object(Illuminate/Http/Request))
#57 C:/Users/Jessa/Downloads/pairfect-paws-web (2)/pairfect-paws-web/vendor/laravel/framework/src/Illuminate/Foundation/Http/Kernel.php(175): Illuminate/Pipeline/Pipeline->then(Object(Closure))
#58 C:/Users/Jessa/Downloads/pairfect-paws-web (2)/pairfect-paws-web/vendor/laravel/framework/src/Illuminate/Foundation/Http/Kernel.php(144): Illuminate/Foundation/Http/Kernel->sendRequestThroughRouter(Object(Illuminate/Http/Request))
#59 C:/Users/Jessa/Downloads/pairfect-paws-web (2)/pairfect-paws-web/vendor/laravel/framework/src/Illuminate/Foundation/Application.php(1220): Illuminate/Foundation/Http/Kernel->handle(Object(Illuminate/Http/Request))
#60 C:/Users/Jessa/Downloads/pairfect-paws-web (2)/pairfect-paws-web/public/index.php(18): Illuminate/Foundation/Application->handleRequest(Object(Illuminate/Http/Request))
#61 C:/Users/Jessa/Downloads/pairfect-paws-web (2)/pairfect-paws-web/vendor/laravel/framework/src/Illuminate/Foundation/resources/server.php(23): require_once('C://Users//Jessa//...')
#62 {main}
"} 
[2026-08-05 01:30:10] local.ERROR: Call to undefined relationship [user] on model [App\Models\CheckIn]. {"userId":2,"exception":"[object] (Illuminate\\Database\\Eloquent\\RelationNotFoundException(code: 0): Call to undefined relationship [user] on model [App\\Models\\CheckIn]. at C:/Users/Jessa/Downloads/pairfect-paws-web (2)/pairfect-paws-web/vendor/laravel/framework/src/Illuminate/Database/Eloquent/RelationNotFoundException.php:35)
[stacktrace]
#0 C:/Users/Jessa/Downloads/pairfect-paws-web (2)/pairfect-paws-web/vendor/laravel/framework/src/Illuminate/Database/Eloquent/Builder.php(969): Illuminate/Database/Eloquent/RelationNotFoundException::make(Object(App/Models/CheckIn), 'user')
#1 C:/Users/Jessa/Downloads/pairfect-paws-web (2)/pairfect-paws-web/vendor/laravel/framework/src/Illuminate/Database/Eloquent/Relations/Relation.php(119): Illuminate/Database/Eloquent/Builder->Illuminate/Database/Eloquent/{closure}()
#2 C:/Users/Jessa/Downloads/pairfect-paws-web (2)/pairfect-paws-web/vendor/laravel/framework/src/Illuminate/Database/Eloquent/Builder.php(965): Illuminate/Database/Eloquent/Relations/Relation::noConstraints(Object(Closure))
#3 C:/Users/Jessa/Downloads/pairfect-paws-web (2)/pairfect-paws-web/vendor/laravel/framework/src/Illuminate/Database/Eloquent/Builder.php(939): Illuminate/Database/Eloquent/Builder->getRelation('user')
#4 C:/Users/Jessa/Downloads/pairfect-paws-web (2)/pairfect-paws-web/vendor/laravel/framework/src/Illuminate/Database/Eloquent/Builder.php(919): Illuminate/Database/Eloquent/Builder->eagerLoadRelation(Array, 'user', Object(Closure))
#5 C:/Users/Jessa/Downloads/pairfect-paws-web (2)/pairfect-paws-web/vendor/laravel/framework/src/Illuminate/Database/Eloquent/Builder.php(885): Illuminate/Database/Eloquent/Builder->eagerLoadRelations(Array)
#6 C:/Users/Jessa/Downloads/pairfect-paws-web (2)/pairfect-paws-web/app/Http/Controllers/Admin/MonitoringController.php(15): Illuminate/Database/Eloquent/Builder->get()
#7 C:/Users/Jessa/Downloads/pairfect-paws-web (2)/pairfect-paws-web/vendor/laravel/framework/src/Illuminate/Routing/ControllerDispatcher.php(46): App/Http/Controllers/Admin/MonitoringController->index()
#8 C:/Users/Jessa/Downloads/pairfect-paws-web (2)/pairfect-paws-web/vendor/laravel/framework/src/Illuminate/Routing/Route.php(265): Illuminate/Routing/ControllerDispatcher->dispatch(Object(Illuminate/Routing/Route), Object(App/Http/Controllers/Admin/MonitoringController), 'index')
#9 C:/Users/Jessa/Downloads/pairfect-paws-web (2)/pairfect-paws-web/vendor/laravel/framework/src/Illuminate/Routing/Route.php(211): Illuminate/Routing/Route->runController()
#10 C:/Users/Jessa/Downloads/pairfect-paws-web (2)/pairfect-paws-web/vendor/laravel/framework/src/Illuminate/Routing/Router.php(822): Illuminate/Routing/Route->run()
#11 C:/Users/Jessa/Downloads/pairfect-paws-web (2)/pairfect-paws-web/vendor/laravel/framework/src/Illuminate/Pipeline/Pipeline.php(180): Illuminate/Routing/Router->Illuminate/Routing/{closure}(Object(Illuminate/Http/Request))
#12 C:/Users/Jessa/Downloads/pairfect-paws-web (2)/pairfect-paws-web/app/Http/Middleware/EnsureUserIsStaff.php(32): Illuminate/Pipeline/Pipeline->Illuminate/Pipeline/{closure}(Object(Illuminate/Http/Request))
#13 C:/Users/Jessa/Downloads/pairfect-paws-web (2)/pairfect-paws-web/vendor/laravel/framework/src/Illuminate/Pipeline/Pipeline.php(219): App/Http/Middleware/EnsureUserIsStaff->handle(Object(Illuminate/Http/Request), Object(Closure))
#14 C:/Users/Jessa/Downloads/pairfect-paws-web (2)/pairfect-paws-web/app/Http/Middleware/SecurityHeaders.php(19): Illuminate/Pipeline/Pipeline->Illuminate/Pipeline/{closure}(Object(Illuminate/Http/Request))
#15 C:/Users/Jessa/Downloads/pairfect-paws-web (2)/pairfect-paws-web/vendor/laravel/framework/src/Illuminate/Pipeline/Pipeline.php(219): App/Http/Middleware/SecurityHeaders->handle(Object(Illuminate/Http/Request), Object(Closure))
#16 C:/Users/Jessa/Downloads/pairfect-paws-web (2)/pairfect-paws-web/vendor/laravel/framework/src/Illuminate/Routing/Middleware/SubstituteBindings.php(50): Illuminate/Pipeline/Pipeline->Illuminate/Pipeline/{closure}(Object(Illuminate/Http/Request))
#17 C:/Users/Jessa/Downloads/pairfect-paws-web (2)/pairfect-paws-web/vendor/laravel/framework/src/Illuminate/Pipeline/Pipeline.php(219): Illuminate/Routing/Middleware/SubstituteBindings->handle(Object(Illuminate/Http/Request), Object(Closure))
#18 C:/Users/Jessa/Downloads/pairfect-paws-web (2)/pairfect-paws-web/vendor/laravel/framework/src/Illuminate/Auth/Middleware/Authenticate.php(63): Illuminate/Pipeline/Pipeline->Illuminate/Pipeline/{closure}(Object(Illuminate/Http/Request))
#19 C:/Users/Jessa/Downloads/pairfect-paws-web (2)/pairfect-paws-web/vendor/laravel/framework/src/Illuminate/Pipeline/Pipeline.php(219): Illuminate/Auth/Middleware/Authenticate->handle(Object(Illuminate/Http/Request), Object(Closure))
#20 C:/Users/Jessa/Downloads/pairfect-paws-web (2)/pairfect-paws-web/vendor/laravel/framework/src/Illuminate/Foundation/Http/Middleware/VerifyCsrfToken.php(87): Illuminate/Pipeline/Pipeline->Illuminate/Pipeline/{closure}(Object(Illuminate/Http/Request))
#21 C:/Users/Jessa/Downloads/pairfect-paws-web (2)/pairfect-paws-web/vendor/laravel/framework/src/Illuminate/Pipeline/Pipeline.php(219): Illuminate/Foundation/Http/Middleware/VerifyCsrfToken->handle(Object(Illuminate/Http/Request), Object(Closure))
#22 C:/Users/Jessa/Downloads/pairfect-paws-web (2)/pairfect-paws-web/vendor/laravel/framework/src/Illuminate/View/Middleware/ShareErrorsFromSession.php(48): Illuminate/Pipeline/Pipeline->Illuminate/Pipeline/{closure}(Object(Illuminate/Http/Request))
#23 C:/Users/Jessa/Downloads/pairfect-paws-web (2)/pairfect-paws-web/vendor/laravel/framework/src/Illuminate/Pipeline/Pipeline.php(219): Illuminate/View/Middleware/ShareErrorsFromSession->handle(Object(Illuminate/Http/Request), Object(Closure))
#24 C:/Users/Jessa/Downloads/pairfect-paws-web (2)/pairfect-paws-web/vendor/laravel/framework/src/Illuminate/Session/Middleware/StartSession.php(120): Illuminate/Pipeline/Pipeline->Illuminate/Pipeline/{closure}(Object(Illuminate/Http/Request))
#25 C:/Users/Jessa/Downloads/pairfect-paws-web (2)/pairfect-paws-web/vendor/laravel/framework/src/Illuminate/Session/Middleware/StartSession.php(63): Illuminate/Session/Middleware/StartSession->handleStatefulRequest(Object(Illuminate/Http/Request), Object(Illuminate/Session/EncryptedStore), Object(Closure))
#26 C:/Users/Jessa/Downloads/pairfect-paws-web (2)/pairfect-paws-web/vendor/laravel/framework/src/Illuminate/Pipeline/Pipeline.php(219): Illuminate/Session/Middleware/StartSession->handle(Object(Illuminate/Http/Request), Object(Closure))
#27 C:/Users/Jessa/Downloads/pairfect-paws-web (2)/pairfect-paws-web/vendor/laravel/framework/src/Illuminate/Cookie/Middleware/AddQueuedCookiesToResponse.php(36): Illuminate/Pipeline/Pipeline->Illuminate/Pipeline/{closure}(Object(Illuminate/Http/Request))
#28 C:/Users/Jessa/Downloads/pairfect-paws-web (2)/pairfect-paws-web/vendor/laravel/framework/src/Illuminate/Pipeline/Pipeline.php(219): Illuminate/Cookie/Middleware/AddQueuedCookiesToResponse->handle(Object(Illuminate/Http/Request), Object(Closure))
#29 C:/Users/Jessa/Downloads/pairfect-paws-web (2)/pairfect-paws-web/vendor/laravel/framework/src/Illuminate/Cookie/Middleware/EncryptCookies.php(74): Illuminate/Pipeline/Pipeline->Illuminate/Pipeline/{closure}(Object(Illuminate/Http/Request))
#30 C:/Users/Jessa/Downloads/pairfect-paws-web (2)/pairfect-paws-web/vendor/laravel/framework/src/Illuminate/Pipeline/Pipeline.php(219): Illuminate/Cookie/Middleware/EncryptCookies->handle(Object(Illuminate/Http/Request), Object(Closure))
#31 C:/Users/Jessa/Downloads/pairfect-paws-web (2)/pairfect-paws-web/vendor/laravel/framework/src/Illuminate/Pipeline/Pipeline.php(137): Illuminate/Pipeline/Pipeline->Illuminate/Pipeline/{closure}(Object(Illuminate/Http/Request))
#32 C:/Users/Jessa/Downloads/pairfect-paws-web (2)/pairfect-paws-web/vendor/laravel/framework/src/Illuminate/Routing/Router.php(821): Illuminate/Pipeline/Pipeline->then(Object(Closure))
#33 C:/Users/Jessa/Downloads/pairfect-paws-web (2)/pairfect-paws-web/vendor/laravel/framework/src/Illuminate/Routing/Router.php(800): Illuminate/Routing/Router->runRouteWithinStack(Object(Illuminate/Routing/Route), Object(Illuminate/Http/Request))
#34 C:/Users/Jessa/Downloads/pairfect-paws-web (2)/pairfect-paws-web/vendor/laravel/framework/src/Illuminate/Routing/Router.php(764): Illuminate/Routing/Router->runRoute(Object(Illuminate/Http/Request), Object(Illuminate/Routing/Route))
#35 C:/Users/Jessa/Downloads/pairfect-paws-web (2)/pairfect-paws-web/vendor/laravel/framework/src/Illuminate/Routing/Router.php(753): Illuminate/Routing/Router->dispatchToRoute(Object(Illuminate/Http/Request))
#36 C:/Users/Jessa/Downloads/pairfect-paws-web (2)/pairfect-paws-web/vendor/laravel/framework/src/Illuminate/Foundation/Http/Kernel.php(200): Illuminate/Routing/Router->dispatch(Object(Illuminate/Http/Request))
#37 C:/Users/Jessa/Downloads/pairfect-paws-web (2)/pairfect-paws-web/vendor/laravel/framework/src/Illuminate/Pipeline/Pipeline.php(180): Illuminate/Foundation/Http/Kernel->Illuminate/Foundation/Http/{closure}(Object(Illuminate/Http/Request))
#38 C:/Users/Jessa/Downloads/pairfect-paws-web (2)/pairfect-paws-web/vendor/laravel/framework/src/Illuminate/Foundation/Http/Middleware/TransformsRequest.php(21): Illuminate/Pipeline/Pipeline->Illuminate/Pipeline/{closure}(Object(Illuminate/Http/Request))
#39 C:/Users/Jessa/Downloads/pairfect-paws-web (2)/pairfect-paws-web/vendor/laravel/framework/src/Illuminate/Foundation/Http/Middleware/ConvertEmptyStringsToNull.php(31): Illuminate/Foundation/Http/Middleware/TransformsRequest->handle(Object(Illuminate/Http/Request), Object(Closure))
#40 C:/Users/Jessa/Downloads/pairfect-paws-web (2)/pairfect-paws-web/vendor/laravel/framework/src/Illuminate/Pipeline/Pipeline.php(219): Illuminate/Foundation/Http/Middleware/ConvertEmptyStringsToNull->handle(Object(Illuminate/Http/Request), Object(Closure))
#41 C:/Users/Jessa/Downloads/pairfect-paws-web (2)/pairfect-paws-web/vendor/laravel/framework/src/Illuminate/Foundation/Http/Middleware/TransformsRequest.php(21): Illuminate/Pipeline/Pipeline->Illuminate/Pipeline/{closure}(Object(Illuminate/Http/Request))
#42 C:/Users/Jessa/Downloads/pairfect-paws-web (2)/pairfect-paws-web/vendor/laravel/framework/src/Illuminate/Foundation/Http/Middleware/TrimStrings.php(51): Illuminate/Foundation/Http/Middleware/TransformsRequest->handle(Object(Illuminate/Http/Request), Object(Closure))
#43 C:/Users/Jessa/Downloads/pairfect-paws-web (2)/pairfect-paws-web/vendor/laravel/framework/src/Illuminate/Pipeline/Pipeline.php(219): Illuminate/Foundation/Http/Middleware/TrimStrings->handle(Object(Illuminate/Http/Request), Object(Closure))
#44 C:/Users/Jessa/Downloads/pairfect-paws-web (2)/pairfect-paws-web/vendor/laravel/framework/src/Illuminate/Http/Middleware/ValidatePostSize.php(27): Illuminate/Pipeline/Pipeline->Illuminate/Pipeline/{closure}(Object(Illuminate/Http/Request))
#45 C:/Users/Jessa/Downloads/pairfect-paws-web (2)/pairfect-paws-web/vendor/laravel/framework/src/Illuminate/Pipeline/Pipeline.php(219): Illuminate/Http/Middleware/ValidatePostSize->handle(Object(Illuminate/Http/Request), Object(Closure))
#46 C:/Users/Jessa/Downloads/pairfect-paws-web (2)/pairfect-paws-web/vendor/laravel/framework/src/Illuminate/Foundation/Http/Middleware/PreventRequestsDuringMaintenance.php(109): Illuminate/Pipeline/Pipeline->Illuminate/Pipeline/{closure}(Object(Illuminate/Http/Request))
#47 C:/Users/Jessa/Downloads/pairfect-paws-web (2)/pairfect-paws-web/vendor/laravel/framework/src/Illuminate/Pipeline/Pipeline.php(219): Illuminate/Foundation/Http/Middleware/PreventRequestsDuringMaintenance->handle(Object(Illuminate/Http/Request), Object(Closure))
#48 C:/Users/Jessa/Downloads/pairfect-paws-web (2)/pairfect-paws-web/vendor/laravel/framework/src/Illuminate/Http/Middleware/HandleCors.php(61): Illuminate/Pipeline/Pipeline->Illuminate/Pipeline/{closure}(Object(Illuminate/Http/Request))
#49 C:/Users/Jessa/Downloads/pairfect-paws-web (2)/pairfect-paws-web/vendor/laravel/framework/src/Illuminate/Pipeline/Pipeline.php(219): Illuminate/Http/Middleware/HandleCors->handle(Object(Illuminate/Http/Request), Object(Closure))
#50 C:/Users/Jessa/Downloads/pairfect-paws-web (2)/pairfect-paws-web/vendor/laravel/framework/src/Illuminate/Http/Middleware/TrustProxies.php(58): Illuminate/Pipeline/Pipeline->Illuminate/Pipeline/{closure}(Object(Illuminate/Http/Request))
#51 C:/Users/Jessa/Downloads/pairfect-paws-web (2)/pairfect-paws-web/vendor/laravel/framework/src/Illuminate/Pipeline/Pipeline.php(219): Illuminate/Http/Middleware/TrustProxies->handle(Object(Illuminate/Http/Request), Object(Closure))
#52 C:/Users/Jessa/Downloads/pairfect-paws-web (2)/pairfect-paws-web/vendor/laravel/framework/src/Illuminate/Foundation/Http/Middleware/InvokeDeferredCallbacks.php(22): Illuminate/Pipeline/Pipeline->Illuminate/Pipeline/{closure}(Object(Illuminate/Http/Request))
#53 C:/Users/Jessa/Downloads/pairfect-paws-web (2)/pairfect-paws-web/vendor/laravel/framework/src/Illuminate/Pipeline/Pipeline.php(219): Illuminate/Foundation/Http/Middleware/InvokeDeferredCallbacks->handle(Object(Illuminate/Http/Request), Object(Closure))
#54 C:/Users/Jessa/Downloads/pairfect-paws-web (2)/pairfect-paws-web/vendor/laravel/framework/src/Illuminate/Http/Middleware/ValidatePathEncoding.php(26): Illuminate/Pipeline/Pipeline->Illuminate/Pipeline/{closure}(Object(Illuminate/Http/Request))
#55 C:/Users/Jessa/Downloads/pairfect-paws-web (2)/pairfect-paws-web/vendor/laravel/framework/src/Illuminate/Pipeline/Pipeline.php(219): Illuminate/Http/Middleware/ValidatePathEncoding->handle(Object(Illuminate/Http/Request), Object(Closure))
#56 C:/Users/Jessa/Downloads/pairfect-paws-web (2)/pairfect-paws-web/vendor/laravel/framework/src/Illuminate/Pipeline/Pipeline.php(137): Illuminate/Pipeline/Pipeline->Illuminate/Pipeline/{closure}(Object(Illuminate/Http/Request))
#57 C:/Users/Jessa/Downloads/pairfect-paws-web (2)/pairfect-paws-web/vendor/laravel/framework/src/Illuminate/Foundation/Http/Kernel.php(175): Illuminate/Pipeline/Pipeline->then(Object(Closure))
#58 C:/Users/Jessa/Downloads/pairfect-paws-web (2)/pairfect-paws-web/vendor/laravel/framework/src/Illuminate/Foundation/Http/Kernel.php(144): Illuminate/Foundation/Http/Kernel->sendRequestThroughRouter(Object(Illuminate/Http/Request))
#59 C:/Users/Jessa/Downloads/pairfect-paws-web (2)/pairfect-paws-web/vendor/laravel/framework/src/Illuminate/Foundation/Application.php(1220): Illuminate/Foundation/Http/Kernel->handle(Object(Illuminate/Http/Request))
#60 C:/Users/Jessa/Downloads/pairfect-paws-web (2)/pairfect-paws-web/public/index.php(18): Illuminate/Foundation/Application->handleRequest(Object(Illuminate/Http/Request))
#61 C:/Users/Jessa/Downloads/pairfect-paws-web (2)/pairfect-paws-web/vendor/laravel/framework/src/Illuminate/Foundation/resources/server.php(23): require_once('C://Users//Jessa//...')
#62 {main}
"} 
[2026-08-05 01:30:18] local.ERROR: Unclosed '[' does not match ')' (View: C:\Users\Jessa\Downloads\pairfect-paws-web (2)\pairfect-paws-web\resources\views\admin\volunteer\index.blade.php) {"userId":2,"exception":"[object] (Illuminate\\View\\ViewException(code: 0): Unclosed '[' does not match ')' (View: C:\\Users\\Jessa\\Downloads\\pairfect-paws-web (2)\\pairfect-paws-web\\resources\\views\\admin\\volunteer\\index.blade.php) at C:/Users/Jessa/Downloads/pairfect-paws-web (2)/pairfect-paws-web/storage/framework/views/9e2d8e5460f8354eed8ccdcfe3b57311.php:31)
[stacktrace]
#0 C:/Users/Jessa/Downloads/pairfect-paws-web (2)/pairfect-paws-web/vendor/laravel/framework/src/Illuminate/View/Engines/PhpEngine.php(59): Illuminate/View/Engines/CompilerEngine->handleViewException(Object(ParseError), 1)
#1 C:/Users/Jessa/Downloads/pairfect-paws-web (2)/pairfect-paws-web/vendor/laravel/framework/src/Illuminate/View/Engines/CompilerEngine.php(76): Illuminate/View/Engines/PhpEngine->evaluatePath('C://Users//Jessa//...', Array)
#2 C:/Users/Jessa/Downloads/pairfect-paws-web (2)/pairfect-paws-web/vendor/laravel/framework/src/Illuminate/View/View.php(208): Illuminate/View/Engines/CompilerEngine->get('C://Users//Jessa//...', Array)
#3 C:/Users/Jessa/Downloads/pairfect-paws-web (2)/pairfect-paws-web/vendor/laravel/framework/src/Illuminate/View/View.php(191): Illuminate/View/View->getContents()
#4 C:/Users/Jessa/Downloads/pairfect-paws-web (2)/pairfect-paws-web/vendor/laravel/framework/src/Illuminate/View/View.php(160): Illuminate/View/View->renderContents()
#5 C:/Users/Jessa/Downloads/pairfect-paws-web (2)/pairfect-paws-web/vendor/laravel/framework/src/Illuminate/Http/Response.php(78): Illuminate/View/View->render()
#6 C:/Users/Jessa/Downloads/pairfect-paws-web (2)/pairfect-paws-web/vendor/laravel/framework/src/Illuminate/Http/Response.php(34): Illuminate/Http/Response->setContent(Object(Illuminate/View/View))
#7 C:/Users/Jessa/Downloads/pairfect-paws-web (2)/pairfect-paws-web/vendor/laravel/framework/src/Illuminate/Routing/Router.php(939): Illuminate/Http/Response->__construct(Object(Illuminate/View/View), 200, Array)
#8 C:/Users/Jessa/Downloads/pairfect-paws-web (2)/pairfect-paws-web/vendor/laravel/framework/src/Illuminate/Routing/Router.php(906): Illuminate/Routing/Router::toResponse(Object(Illuminate/Http/Request), Object(Illuminate/View/View))
#9 C:/Users/Jessa/Downloads/pairfect-paws-web (2)/pairfect-paws-web/vendor/laravel/framework/src/Illuminate/Routing/Router.php(821): Illuminate/Routing/Router->prepareResponse(Object(Illuminate/Http/Request), Object(Illuminate/View/View))
#10 C:/Users/Jessa/Downloads/pairfect-paws-web (2)/pairfect-paws-web/vendor/laravel/framework/src/Illuminate/Pipeline/Pipeline.php(180): Illuminate/Routing/Router->Illuminate/Routing/{closure}(Object(Illuminate/Http/Request))
#11 C:/Users/Jessa/Downloads/pairfect-paws-web (2)/pairfect-paws-web/app/Http/Middleware/EnsureUserIsStaff.php(32): Illuminate/Pipeline/Pipeline->Illuminate/Pipeline/{closure}(Object(Illuminate/Http/Request))
#12 C:/Users/Jessa/Downloads/pairfect-paws-web (2)/pairfect-paws-web/vendor/laravel/framework/src/Illuminate/Pipeline/Pipeline.php(219): App/Http/Middleware/EnsureUserIsStaff->handle(Object(Illuminate/Http/Request), Object(Closure))
#13 C:/Users/Jessa/Downloads/pairfect-paws-web (2)/pairfect-paws-web/app/Http/Middleware/SecurityHeaders.php(19): Illuminate/Pipeline/Pipeline->Illuminate/Pipeline/{closure}(Object(Illuminate/Http/Request))
#14 C:/Users/Jessa/Downloads/pairfect-paws-web (2)/pairfect-paws-web/vendor/laravel/framework/src/Illuminate/Pipeline/Pipeline.php(219): App/Http/Middleware/SecurityHeaders->handle(Object(Illuminate/Http/Request), Object(Closure))
#15 C:/Users/Jessa/Downloads/pairfect-paws-web (2)/pairfect-paws-web/vendor/laravel/framework/src/Illuminate/Routing/Middleware/SubstituteBindings.php(50): Illuminate/Pipeline/Pipeline->Illuminate/Pipeline/{closure}(Object(Illuminate/Http/Request))
#16 C:/Users/Jessa/Downloads/pairfect-paws-web (2)/pairfect-paws-web/vendor/laravel/framework/src/Illuminate/Pipeline/Pipeline.php(219): Illuminate/Routing/Middleware/SubstituteBindings->handle(Object(Illuminate/Http/Request), Object(Closure))
#17 C:/Users/Jessa/Downloads/pairfect-paws-web (2)/pairfect-paws-web/vendor/laravel/framework/src/Illuminate/Auth/Middleware/Authenticate.php(63): Illuminate/Pipeline/Pipeline->Illuminate/Pipeline/{closure}(Object(Illuminate/Http/Request))
#18 C:/Users/Jessa/Downloads/pairfect-paws-web (2)/pairfect-paws-web/vendor/laravel/framework/src/Illuminate/Pipeline/Pipeline.php(219): Illuminate/Auth/Middleware/Authenticate->handle(Object(Illuminate/Http/Request), Object(Closure))
#19 C:/Users/Jessa/Downloads/pairfect-paws-web (2)/pairfect-paws-web/vendor/laravel/framework/src/Illuminate/Foundation/Http/Middleware/VerifyCsrfToken.php(87): Illuminate/Pipeline/Pipeline->Illuminate/Pipeline/{closure}(Object(Illuminate/Http/Request))
#20 C:/Users/Jessa/Downloads/pairfect-paws-web (2)/pairfect-paws-web/vendor/laravel/framework/src/Illuminate/Pipeline/Pipeline.php(219): Illuminate/Foundation/Http/Middleware/VerifyCsrfToken->handle(Object(Illuminate/Http/Request), Object(Closure))
#21 C:/Users/Jessa/Downloads/pairfect-paws-web (2)/pairfect-paws-web/vendor/laravel/framework/src/Illuminate/View/Middleware/ShareErrorsFromSession.php(48): Illuminate/Pipeline/Pipeline->Illuminate/Pipeline/{closure}(Object(Illuminate/Http/Request))
#22 C:/Users/Jessa/Downloads/pairfect-paws-web (2)/pairfect-paws-web/vendor/laravel/framework/src/Illuminate/Pipeline/Pipeline.php(219): Illuminate/View/Middleware/ShareErrorsFromSession->handle(Object(Illuminate/Http/Request), Object(Closure))
#23 C:/Users/Jessa/Downloads/pairfect-paws-web (2)/pairfect-paws-web/vendor/laravel/framework/src/Illuminate/Session/Middleware/StartSession.php(120): Illuminate/Pipeline/Pipeline->Illuminate/Pipeline/{closure}(Object(Illuminate/Http/Request))
#24 C:/Users/Jessa/Downloads/pairfect-paws-web (2)/pairfect-paws-web/vendor/laravel/framework/src/Illuminate/Session/Middleware/StartSession.php(63): Illuminate/Session/Middleware/StartSession->handleStatefulRequest(Object(Illuminate/Http/Request), Object(Illuminate/Session/EncryptedStore), Object(Closure))
#25 C:/Users/Jessa/Downloads/pairfect-paws-web (2)/pairfect-paws-web/vendor/laravel/framework/src/Illuminate/Pipeline/Pipeline.php(219): Illuminate/Session/Middleware/StartSession->handle(Object(Illuminate/Http/Request), Object(Closure))
#26 C:/Users/Jessa/Downloads/pairfect-paws-web (2)/pairfect-paws-web/vendor/laravel/framework/src/Illuminate/Cookie/Middleware/AddQueuedCookiesToResponse.php(36): Illuminate/Pipeline/Pipeline->Illuminate/Pipeline/{closure}(Object(Illuminate/Http/Request))
#27 C:/Users/Jessa/Downloads/pairfect-paws-web (2)/pairfect-paws-web/vendor/laravel/framework/src/Illuminate/Pipeline/Pipeline.php(219): Illuminate/Cookie/Middleware/AddQueuedCookiesToResponse->handle(Object(Illuminate/Http/Request), Object(Closure))
#28 C:/Users/Jessa/Downloads/pairfect-paws-web (2)/pairfect-paws-web/vendor/laravel/framework/src/Illuminate/Cookie/Middleware/EncryptCookies.php(74): Illuminate/Pipeline/Pipeline->Illuminate/Pipeline/{closure}(Object(Illuminate/Http/Request))
#29 C:/Users/Jessa/Downloads/pairfect-paws-web (2)/pairfect-paws-web/vendor/laravel/framework/src/Illuminate/Pipeline/Pipeline.php(219): Illuminate/Cookie/Middleware/EncryptCookies->handle(Object(Illuminate/Http/Request), Object(Closure))
#30 C:/Users/Jessa/Downloads/pairfect-paws-web (2)/pairfect-paws-web/vendor/laravel/framework/src/Illuminate/Pipeline/Pipeline.php(137): Illuminate/Pipeline/Pipeline->Illuminate/Pipeline/{closure}(Object(Illuminate/Http/Request))
#31 C:/Users/Jessa/Downloads/pairfect-paws-web (2)/pairfect-paws-web/vendor/laravel/framework/src/Illuminate/Routing/Router.php(821): Illuminate/Pipeline/Pipeline->then(Object(Closure))
#32 C:/Users/Jessa/Downloads/pairfect-paws-web (2)/pairfect-paws-web/vendor/laravel/framework/src/Illuminate/Routing/Router.php(800): Illuminate/Routing/Router->runRouteWithinStack(Object(Illuminate/Routing/Route), Object(Illuminate/Http/Request))
#33 C:/Users/Jessa/Downloads/pairfect-paws-web (2)/pairfect-paws-web/vendor/laravel/framework/src/Illuminate/Routing/Router.php(764): Illuminate/Routing/Router->runRoute(Object(Illuminate/Http/Request), Object(Illuminate/Routing/Route))
#34 C:/Users/Jessa/Downloads/pairfect-paws-web (2)/pairfect-paws-web/vendor/laravel/framework/src/Illuminate/Routing/Router.php(753): Illuminate/Routing/Router->dispatchToRoute(Object(Illuminate/Http/Request))
#35 C:/Users/Jessa/Downloads/pairfect-paws-web (2)/pairfect-paws-web/vendor/laravel/framework/src/Illuminate/Foundation/Http/Kernel.php(200): Illuminate/Routing/Router->dispatch(Object(Illuminate/Http/Request))
#36 C:/Users/Jessa/Downloads/pairfect-paws-web (2)/pairfect-paws-web/vendor/laravel/framework/src/Illuminate/Pipeline/Pipeline.php(180): Illuminate/Foundation/Http/Kernel->Illuminate/Foundation/Http/{closure}(Object(Illuminate/Http/Request))
#37 C:/Users/Jessa/Downloads/pairfect-paws-web (2)/pairfect-paws-web/vendor/laravel/framework/src/Illuminate/Foundation/Http/Middleware/TransformsRequest.php(21): Illuminate/Pipeline/Pipeline->Illuminate/Pipeline/{closure}(Object(Illuminate/Http/Request))
#38 C:/Users/Jessa/Downloads/pairfect-paws-web (2)/pairfect-paws-web/vendor/laravel/framework/src/Illuminate/Foundation/Http/Middleware/ConvertEmptyStringsToNull.php(31): Illuminate/Foundation/Http/Middleware/TransformsRequest->handle(Object(Illuminate/Http/Request), Object(Closure))
#39 C:/Users/Jessa/Downloads/pairfect-paws-web (2)/pairfect-paws-web/vendor/laravel/framework/src/Illuminate/Pipeline/Pipeline.php(219): Illuminate/Foundation/Http/Middleware/ConvertEmptyStringsToNull->handle(Object(Illuminate/Http/Request), Object(Closure))
#40 C:/Users/Jessa/Downloads/pairfect-paws-web (2)/pairfect-paws-web/vendor/laravel/framework/src/Illuminate/Foundation/Http/Middleware/TransformsRequest.php(21): Illuminate/Pipeline/Pipeline->Illuminate/Pipeline/{closure}(Object(Illuminate/Http/Request))
#41 C:/Users/Jessa/Downloads/pairfect-paws-web (2)/pairfect-paws-web/vendor/laravel/framework/src/Illuminate/Foundation/Http/Middleware/TrimStrings.php(51): Illuminate/Foundation/Http/Middleware/TransformsRequest->handle(Object(Illuminate/Http/Request), Object(Closure))
#42 C:/Users/Jessa/Downloads/pairfect-paws-web (2)/pairfect-paws-web/vendor/laravel/framework/src/Illuminate/Pipeline/Pipeline.php(219): Illuminate/Foundation/Http/Middleware/TrimStrings->handle(Object(Illuminate/Http/Request), Object(Closure))
#43 C:/Users/Jessa/Downloads/pairfect-paws-web (2)/pairfect-paws-web/vendor/laravel/framework/src/Illuminate/Http/Middleware/ValidatePostSize.php(27): Illuminate/Pipeline/Pipeline->Illuminate/Pipeline/{closure}(Object(Illuminate/Http/Request))
#44 C:/Users/Jessa/Downloads/pairfect-paws-web (2)/pairfect-paws-web/vendor/laravel/framework/src/Illuminate/Pipeline/Pipeline.php(219): Illuminate/Http/Middleware/ValidatePostSize->handle(Object(Illuminate/Http/Request), Object(Closure))
#45 C:/Users/Jessa/Downloads/pairfect-paws-web (2)/pairfect-paws-web/vendor/laravel/framework/src/Illuminate/Foundation/Http/Middleware/PreventRequestsDuringMaintenance.php(109): Illuminate/Pipeline/Pipeline->Illuminate/Pipeline/{closure}(Object(Illuminate/Http/Request))
#46 C:/Users/Jessa/Downloads/pairfect-paws-web (2)/pairfect-paws-web/vendor/laravel/framework/src/Illuminate/Pipeline/Pipeline.php(219): Illuminate/Foundation/Http/Middleware/PreventRequestsDuringMaintenance->handle(Object(Illuminate/Http/Request), Object(Closure))
#47 C:/Users/Jessa/Downloads/pairfect-paws-web (2)/pairfect-paws-web/vendor/laravel/framework/src/Illuminate/Http/Middleware/HandleCors.php(61): Illuminate/Pipeline/Pipeline->Illuminate/Pipeline/{closure}(Object(Illuminate/Http/Request))
#48 C:/Users/Jessa/Downloads/pairfect-paws-web (2)/pairfect-paws-web/vendor/laravel/framework/src/Illuminate/Pipeline/Pipeline.php(219): Illuminate/Http/Middleware/HandleCors->handle(Object(Illuminate/Http/Request), Object(Closure))
#49 C:/Users/Jessa/Downloads/pairfect-paws-web (2)/pairfect-paws-web/vendor/laravel/framework/src/Illuminate/Http/Middleware/TrustProxies.php(58): Illuminate/Pipeline/Pipeline->Illuminate/Pipeline/{closure}(Object(Illuminate/Http/Request))
#50 C:/Users/Jessa/Downloads/pairfect-paws-web (2)/pairfect-paws-web/vendor/laravel/framework/src/Illuminate/Pipeline/Pipeline.php(219): Illuminate/Http/Middleware/TrustProxies->handle(Object(Illuminate/Http/Request), Object(Closure))
#51 C:/Users/Jessa/Downloads/pairfect-paws-web (2)/pairfect-paws-web/vendor/laravel/framework/src/Illuminate/Foundation/Http/Middleware/InvokeDeferredCallbacks.php(22): Illuminate/Pipeline/Pipeline->Illuminate/Pipeline/{closure}(Object(Illuminate/Http/Request))
#52 C:/Users/Jessa/Downloads/pairfect-paws-web (2)/pairfect-paws-web/vendor/laravel/framework/src/Illuminate/Pipeline/Pipeline.php(219): Illuminate/Foundation/Http/Middleware/InvokeDeferredCallbacks->handle(Object(Illuminate/Http/Request), Object(Closure))
#53 C:/Users/Jessa/Downloads/pairfect-paws-web (2)/pairfect-paws-web/vendor/laravel/framework/src/Illuminate/Http/Middleware/ValidatePathEncoding.php(26): Illuminate/Pipeline/Pipeline->Illuminate/Pipeline/{closure}(Object(Illuminate/Http/Request))
#54 C:/Users/Jessa/Downloads/pairfect-paws-web (2)/pairfect-paws-web/vendor/laravel/framework/src/Illuminate/Pipeline/Pipeline.php(219): Illuminate/Http/Middleware/ValidatePathEncoding->handle(Object(Illuminate/Http/Request), Object(Closure))
#55 C:/Users/Jessa/Downloads/pairfect-paws-web (2)/pairfect-paws-web/vendor/laravel/framework/src/Illuminate/Pipeline/Pipeline.php(137): Illuminate/Pipeline/Pipeline->Illuminate/Pipeline/{closure}(Object(Illuminate/Http/Request))
#56 C:/Users/Jessa/Downloads/pairfect-paws-web (2)/pairfect-paws-web/vendor/laravel/framework/src/Illuminate/Foundation/Http/Kernel.php(175): Illuminate/Pipeline/Pipeline->then(Object(Closure))
#57 C:/Users/Jessa/Downloads/pairfect-paws-web (2)/pairfect-paws-web/vendor/laravel/framework/src/Illuminate/Foundation/Http/Kernel.php(144): Illuminate/Foundation/Http/Kernel->sendRequestThroughRouter(Object(Illuminate/Http/Request))
#58 C:/Users/Jessa/Downloads/pairfect-paws-web (2)/pairfect-paws-web/vendor/laravel/framework/src/Illuminate/Foundation/Application.php(1220): Illuminate/Foundation/Http/Kernel->handle(Object(Illuminate/Http/Request))
#59 C:/Users/Jessa/Downloads/pairfect-paws-web (2)/pairfect-paws-web/public/index.php(18): Illuminate/Foundation/Application->handleRequest(Object(Illuminate/Http/Request))
#60 C:/Users/Jessa/Downloads/pairfect-paws-web (2)/pairfect-paws-web/vendor/laravel/framework/src/Illuminate/Foundation/resources/server.php(23): require_once('C://Users//Jessa//...')
#61 {main}

[previous exception] [object] (ParseError(code: 0): Unclosed '[' does not match ')' at C:/Users/Jessa/Downloads/pairfect-paws-web (2)/pairfect-paws-web/storage/framework/views/9e2d8e5460f8354eed8ccdcfe3b57311.php:31)
[stacktrace]
#0 C:/Users/Jessa/Downloads/pairfect-paws-web (2)/pairfect-paws-web/vendor/laravel/framework/src/Illuminate/Filesystem/Filesystem.php(124): Illuminate/Filesystem/Filesystem::Illuminate/Filesystem/{closure}()
#1 C:/Users/Jessa/Downloads/pairfect-paws-web (2)/pairfect-paws-web/vendor/laravel/framework/src/Illuminate/View/Engines/PhpEngine.php(57): Illuminate/Filesystem/Filesystem->getRequire('C://Users//Jessa//...', Array)
#2 C:/Users/Jessa/Downloads/pairfect-paws-web (2)/pairfect-paws-web/vendor/laravel/framework/src/Illuminate/View/Engines/CompilerEngine.php(76): Illuminate/View/Engines/PhpEngine->evaluatePath('C://Users//Jessa//...', Array)
#3 C:/Users/Jessa/Downloads/pairfect-paws-web (2)/pairfect-paws-web/vendor/laravel/framework/src/Illuminate/View/View.php(208): Illuminate/View/Engines/CompilerEngine->get('C://Users//Jessa//...', Array)
#4 C:/Users/Jessa/Downloads/pairfect-paws-web (2)/pairfect-paws-web/vendor/laravel/framework/src/Illuminate/View/View.php(191): Illuminate/View/View->getContents()
#5 C:/Users/Jessa/Downloads/pairfect-paws-web (2)/pairfect-paws-web/vendor/laravel/framework/src/Illuminate/View/View.php(160): Illuminate/View/View->renderContents()
#6 C:/Users/Jessa/Downloads/pairfect-paws-web (2)/pairfect-paws-web/vendor/laravel/framework/src/Illuminate/Http/Response.php(78): Illuminate/View/View->render()
#7 C:/Users/Jessa/Downloads/pairfect-paws-web (2)/pairfect-paws-web/vendor/laravel/framework/src/Illuminate/Http/Response.php(34): Illuminate/Http/Response->setContent(Object(Illuminate/View/View))
#8 C:/Users/Jessa/Downloads/pairfect-paws-web (2)/pairfect-paws-web/vendor/laravel/framework/src/Illuminate/Routing/Router.php(939): Illuminate/Http/Response->__construct(Object(Illuminate/View/View), 200, Array)
#9 C:/Users/Jessa/Downloads/pairfect-paws-web (2)/pairfect-paws-web/vendor/laravel/framework/src/Illuminate/Routing/Router.php(906): Illuminate/Routing/Router::toResponse(Object(Illuminate/Http/Request), Object(Illuminate/View/View))
#10 C:/Users/Jessa/Downloads/pairfect-paws-web (2)/pairfect-paws-web/vendor/laravel/framework/src/Illuminate/Routing/Router.php(821): Illuminate/Routing/Router->prepareResponse(Object(Illuminate/Http/Request), Object(Illuminate/View/View))
#11 C:/Users/Jessa/Downloads/pairfect-paws-web (2)/pairfect-paws-web/vendor/laravel/framework/src/Illuminate/Pipeline/Pipeline.php(180): Illuminate/Routing/Router->Illuminate/Routing/{closure}(Object(Illuminate/Http/Request))
#12 C:/Users/Jessa/Downloads/pairfect-paws-web (2)/pairfect-paws-web/app/Http/Middleware/EnsureUserIsStaff.php(32): Illuminate/Pipeline/Pipeline->Illuminate/Pipeline/{closure}(Object(Illuminate/Http/Request))
#13 C:/Users/Jessa/Downloads/pairfect-paws-web (2)/pairfect-paws-web/vendor/laravel/framework/src/Illuminate/Pipeline/Pipeline.php(219): App/Http/Middleware/EnsureUserIsStaff->handle(Object(Illuminate/Http/Request), Object(Closure))
#14 C:/Users/Jessa/Downloads/pairfect-paws-web (2)/pairfect-paws-web/app/Http/Middleware/SecurityHeaders.php(19): Illuminate/Pipeline/Pipeline->Illuminate/Pipeline/{closure}(Object(Illuminate/Http/Request))
#15 C:/Users/Jessa/Downloads/pairfect-paws-web (2)/pairfect-paws-web/vendor/laravel/framework/src/Illuminate/Pipeline/Pipeline.php(219): App/Http/Middleware/SecurityHeaders->handle(Object(Illuminate/Http/Request), Object(Closure))
#16 C:/Users/Jessa/Downloads/pairfect-paws-web (2)/pairfect-paws-web/vendor/laravel/framework/src/Illuminate/Routing/Middleware/SubstituteBindings.php(50): Illuminate/Pipeline/Pipeline->Illuminate/Pipeline/{closure}(Object(Illuminate/Http/Request))
#17 C:/Users/Jessa/Downloads/pairfect-paws-web (2)/pairfect-paws-web/vendor/laravel/framework/src/Illuminate/Pipeline/Pipeline.php(219): Illuminate/Routing/Middleware/SubstituteBindings->handle(Object(Illuminate/Http/Request), Object(Closure))
#18 C:/Users/Jessa/Downloads/pairfect-paws-web (2)/pairfect-paws-web/vendor/laravel/framework/src/Illuminate/Auth/Middleware/Authenticate.php(63): Illuminate/Pipeline/Pipeline->Illuminate/Pipeline/{closure}(Object(Illuminate/Http/Request))
#19 C:/Users/Jessa/Downloads/pairfect-paws-web (2)/pairfect-paws-web/vendor/laravel/framework/src/Illuminate/Pipeline/Pipeline.php(219): Illuminate/Auth/Middleware/Authenticate->handle(Object(Illuminate/Http/Request), Object(Closure))
#20 C:/Users/Jessa/Downloads/pairfect-paws-web (2)/pairfect-paws-web/vendor/laravel/framework/src/Illuminate/Foundation/Http/Middleware/VerifyCsrfToken.php(87): Illuminate/Pipeline/Pipeline->Illuminate/Pipeline/{closure}(Object(Illuminate/Http/Request))
#21 C:/Users/Jessa/Downloads/pairfect-paws-web (2)/pairfect-paws-web/vendor/laravel/framework/src/Illuminate/Pipeline/Pipeline.php(219): Illuminate/Foundation/Http/Middleware/VerifyCsrfToken->handle(Object(Illuminate/Http/Request), Object(Closure))
#22 C:/Users/Jessa/Downloads/pairfect-paws-web (2)/pairfect-paws-web/vendor/laravel/framework/src/Illuminate/View/Middleware/ShareErrorsFromSession.php(48): Illuminate/Pipeline/Pipeline->Illuminate/Pipeline/{closure}(Object(Illuminate/Http/Request))
#23 C:/Users/Jessa/Downloads/pairfect-paws-web (2)/pairfect-paws-web/vendor/laravel/framework/src/Illuminate/Pipeline/Pipeline.php(219): Illuminate/View/Middleware/ShareErrorsFromSession->handle(Object(Illuminate/Http/Request), Object(Closure))
#24 C:/Users/Jessa/Downloads/pairfect-paws-web (2)/pairfect-paws-web/vendor/laravel/framework/src/Illuminate/Session/Middleware/StartSession.php(120): Illuminate/Pipeline/Pipeline->Illuminate/Pipeline/{closure}(Object(Illuminate/Http/Request))
#25 C:/Users/Jessa/Downloads/pairfect-paws-web (2)/pairfect-paws-web/vendor/laravel/framework/src/Illuminate/Session/Middleware/StartSession.php(63): Illuminate/Session/Middleware/StartSession->handleStatefulRequest(Object(Illuminate/Http/Request), Object(Illuminate/Session/EncryptedStore), Object(Closure))
#26 C:/Users/Jessa/Downloads/pairfect-paws-web (2)/pairfect-paws-web/vendor/laravel/framework/src/Illuminate/Pipeline/Pipeline.php(219): Illuminate/Session/Middleware/StartSession->handle(Object(Illuminate/Http/Request), Object(Closure))
#27 C:/Users/Jessa/Downloads/pairfect-paws-web (2)/pairfect-paws-web/vendor/laravel/framework/src/Illuminate/Cookie/Middleware/AddQueuedCookiesToResponse.php(36): Illuminate/Pipeline/Pipeline->Illuminate/Pipeline/{closure}(Object(Illuminate/Http/Request))
#28 C:/Users/Jessa/Downloads/pairfect-paws-web (2)/pairfect-paws-web/vendor/laravel/framework/src/Illuminate/Pipeline/Pipeline.php(219): Illuminate/Cookie/Middleware/AddQueuedCookiesToResponse->handle(Object(Illuminate/Http/Request), Object(Closure))
#29 C:/Users/Jessa/Downloads/pairfect-paws-web (2)/pairfect-paws-web/vendor/laravel/framework/src/Illuminate/Cookie/Middleware/EncryptCookies.php(74): Illuminate/Pipeline/Pipeline->Illuminate/Pipeline/{closure}(Object(Illuminate/Http/Request))
#30 C:/Users/Jessa/Downloads/pairfect-paws-web (2)/pairfect-paws-web/vendor/laravel/framework/src/Illuminate/Pipeline/Pipeline.php(219): Illuminate/Cookie/Middleware/EncryptCookies->handle(Object(Illuminate/Http/Request), Object(Closure))
#31 C:/Users/Jessa/Downloads/pairfect-paws-web (2)/pairfect-paws-web/vendor/laravel/framework/src/Illuminate/Pipeline/Pipeline.php(137): Illuminate/Pipeline/Pipeline->Illuminate/Pipeline/{closure}(Object(Illuminate/Http/Request))
#32 C:/Users/Jessa/Downloads/pairfect-paws-web (2)/pairfect-paws-web/vendor/laravel/framework/src/Illuminate/Routing/Router.php(821): Illuminate/Pipeline/Pipeline->then(Object(Closure))
#33 C:/Users/Jessa/Downloads/pairfect-paws-web (2)/pairfect-paws-web/vendor/laravel/framework/src/Illuminate/Routing/Router.php(800): Illuminate/Routing/Router->runRouteWithinStack(Object(Illuminate/Routing/Route), Object(Illuminate/Http/Request))
#34 C:/Users/Jessa/Downloads/pairfect-paws-web (2)/pairfect-paws-web/vendor/laravel/framework/src/Illuminate/Routing/Router.php(764): Illuminate/Routing/Router->runRoute(Object(Illuminate/Http/Request), Object(Illuminate/Routing/Route))
#35 C:/Users/Jessa/Downloads/pairfect-paws-web (2)/pairfect-paws-web/vendor/laravel/framework/src/Illuminate/Routing/Router.php(753): Illuminate/Routing/Router->dispatchToRoute(Object(Illuminate/Http/Request))
#36 C:/Users/Jessa/Downloads/pairfect-paws-web (2)/pairfect-paws-web/vendor/laravel/framework/src/Illuminate/Foundation/Http/Kernel.php(200): Illuminate/Routing/Router->dispatch(Object(Illuminate/Http/Request))
#37 C:/Users/Jessa/Downloads/pairfect-paws-web (2)/pairfect-paws-web/vendor/laravel/framework/src/Illuminate/Pipeline/Pipeline.php(180): Illuminate/Foundation/Http/Kernel->Illuminate/Foundation/Http/{closure}(Object(Illuminate/Http/Request))
#38 C:/Users/Jessa/Downloads/pairfect-paws-web (2)/pairfect-paws-web/vendor/laravel/framework/src/Illuminate/Foundation/Http/Middleware/TransformsRequest.php(21): Illuminate/Pipeline/Pipeline->Illuminate/Pipeline/{closure}(Object(Illuminate/Http/Request))
#39 C:/Users/Jessa/Downloads/pairfect-paws-web (2)/pairfect-paws-web/vendor/laravel/framework/src/Illuminate/Foundation/Http/Middleware/ConvertEmptyStringsToNull.php(31): Illuminate/Foundation/Http/Middleware/TransformsRequest->handle(Object(Illuminate/Http/Request), Object(Closure))
#40 C:/Users/Jessa/Downloads/pairfect-paws-web (2)/pairfect-paws-web/vendor/laravel/framework/src/Illuminate/Pipeline/Pipeline.php(219): Illuminate/Foundation/Http/Middleware/ConvertEmptyStringsToNull->handle(Object(Illuminate/Http/Request), Object(Closure))
#41 C:/Users/Jessa/Downloads/pairfect-paws-web (2)/pairfect-paws-web/vendor/laravel/framework/src/Illuminate/Foundation/Http/Middleware/TransformsRequest.php(21): Illuminate/Pipeline/Pipeline->Illuminate/Pipeline/{closure}(Object(Illuminate/Http/Request))
#42 C:/Users/Jessa/Downloads/pairfect-paws-web (2)/pairfect-paws-web/vendor/laravel/framework/src/Illuminate/Foundation/Http/Middleware/TrimStrings.php(51): Illuminate/Foundation/Http/Middleware/TransformsRequest->handle(Object(Illuminate/Http/Request), Object(Closure))
#43 C:/Users/Jessa/Downloads/pairfect-paws-web (2)/pairfect-paws-web/vendor/laravel/framework/src/Illuminate/Pipeline/Pipeline.php(219): Illuminate/Foundation/Http/Middleware/TrimStrings->handle(Object(Illuminate/Http/Request), Object(Closure))
#44 C:/Users/Jessa/Downloads/pairfect-paws-web (2)/pairfect-paws-web/vendor/laravel/framework/src/Illuminate/Http/Middleware/ValidatePostSize.php(27): Illuminate/Pipeline/Pipeline->Illuminate/Pipeline/{closure}(Object(Illuminate/Http/Request))
#45 C:/Users/Jessa/Downloads/pairfect-paws-web (2)/pairfect-paws-web/vendor/laravel/framework/src/Illuminate/Pipeline/Pipeline.php(219): Illuminate/Http/Middleware/ValidatePostSize->handle(Object(Illuminate/Http/Request), Object(Closure))
#46 C:/Users/Jessa/Downloads/pairfect-paws-web (2)/pairfect-paws-web/vendor/laravel/framework/src/Illuminate/Foundation/Http/Middleware/PreventRequestsDuringMaintenance.php(109): Illuminate/Pipeline/Pipeline->Illuminate/Pipeline/{closure}(Object(Illuminate/Http/Request))
#47 C:/Users/Jessa/Downloads/pairfect-paws-web (2)/pairfect-paws-web/vendor/laravel/framework/src/Illuminate/Pipeline/Pipeline.php(219): Illuminate/Foundation/Http/Middleware/PreventRequestsDuringMaintenance->handle(Object(Illuminate/Http/Request), Object(Closure))
#48 C:/Users/Jessa/Downloads/pairfect-paws-web (2)/pairfect-paws-web/vendor/laravel/framework/src/Illuminate/Http/Middleware/HandleCors.php(61): Illuminate/Pipeline/Pipeline->Illuminate/Pipeline/{closure}(Object(Illuminate/Http/Request))
#49 C:/Users/Jessa/Downloads/pairfect-paws-web (2)/pairfect-paws-web/vendor/laravel/framework/src/Illuminate/Pipeline/Pipeline.php(219): Illuminate/Http/Middleware/HandleCors->handle(Object(Illuminate/Http/Request), Object(Closure))
#50 C:/Users/Jessa/Downloads/pairfect-paws-web (2)/pairfect-paws-web/vendor/laravel/framework/src/Illuminate/Http/Middleware/TrustProxies.php(58): Illuminate/Pipeline/Pipeline->Illuminate/Pipeline/{closure}(Object(Illuminate/Http/Request))
#51 C:/Users/Jessa/Downloads/pairfect-paws-web (2)/pairfect-paws-web/vendor/laravel/framework/src/Illuminate/Pipeline/Pipeline.php(219): Illuminate/Http/Middleware/TrustProxies->handle(Object(Illuminate/Http/Request), Object(Closure))
#52 C:/Users/Jessa/Downloads/pairfect-paws-web (2)/pairfect-paws-web/vendor/laravel/framework/src/Illuminate/Foundation/Http/Middleware/InvokeDeferredCallbacks.php(22): Illuminate/Pipeline/Pipeline->Illuminate/Pipeline/{closure}(Object(Illuminate/Http/Request))
#53 C:/Users/Jessa/Downloads/pairfect-paws-web (2)/pairfect-paws-web/vendor/laravel/framework/src/Illuminate/Pipeline/Pipeline.php(219): Illuminate/Foundation/Http/Middleware/InvokeDeferredCallbacks->handle(Object(Illuminate/Http/Request), Object(Closure))
#54 C:/Users/Jessa/Downloads/pairfect-paws-web (2)/pairfect-paws-web/vendor/laravel/framework/src/Illuminate/Http/Middleware/ValidatePathEncoding.php(26): Illuminate/Pipeline/Pipeline->Illuminate/Pipeline/{closure}(Object(Illuminate/Http/Request))
#55 C:/Users/Jessa/Downloads/pairfect-paws-web (2)/pairfect-paws-web/vendor/laravel/framework/src/Illuminate/Pipeline/Pipeline.php(219): Illuminate/Http/Middleware/ValidatePathEncoding->handle(Object(Illuminate/Http/Request), Object(Closure))
#56 C:/Users/Jessa/Downloads/pairfect-paws-web (2)/pairfect-paws-web/vendor/laravel/framework/src/Illuminate/Pipeline/Pipeline.php(137): Illuminate/Pipeline/Pipeline->Illuminate/Pipeline/{closure}(Object(Illuminate/Http/Request))
#57 C:/Users/Jessa/Downloads/pairfect-paws-web (2)/pairfect-paws-web/vendor/laravel/framework/src/Illuminate/Foundation/Http/Kernel.php(175): Illuminate/Pipeline/Pipeline->then(Object(Closure))
#58 C:/Users/Jessa/Downloads/pairfect-paws-web (2)/pairfect-paws-web/vendor/laravel/framework/src/Illuminate/Foundation/Http/Kernel.php(144): Illuminate/Foundation/Http/Kernel->sendRequestThroughRouter(Object(Illuminate/Http/Request))
#59 C:/Users/Jessa/Downloads/pairfect-paws-web (2)/pairfect-paws-web/vendor/laravel/framework/src/Illuminate/Foundation/Application.php(1220): Illuminate/Foundation/Http/Kernel->handle(Object(Illuminate/Http/Request))
#60 C:/Users/Jessa/Downloads/pairfect-paws-web (2)/pairfect-paws-web/public/index.php(18): Illuminate/Foundation/Application->handleRequest(Object(Illuminate/Http/Request))
#61 C:/Users/Jessa/Downloads/pairfect-paws-web (2)/pairfect-paws-web/vendor/laravel/framework/src/Illuminate/Foundation/resources/server.php(23): require_once('C://Users//Jessa//...')
#62 {main}
"} 
[2026-08-05 01:33:00] local.ERROR: Call to undefined relationship [user] on model [App\Models\CheckIn]. {"userId":2,"exception":"[object] (Illuminate\\Database\\Eloquent\\RelationNotFoundException(code: 0): Call to undefined relationship [user] on model [App\\Models\\CheckIn]. at C:/Users/Jessa/Downloads/pairfect-paws-web (2)/pairfect-paws-web/vendor/laravel/framework/src/Illuminate/Database/Eloquent/RelationNotFoundException.php:35)
[stacktrace]
#0 C:/Users/Jessa/Downloads/pairfect-paws-web (2)/pairfect-paws-web/vendor/laravel/framework/src/Illuminate/Database/Eloquent/Builder.php(969): Illuminate/Database/Eloquent/RelationNotFoundException::make(Object(App/Models/CheckIn), 'user')
#1 C:/Users/Jessa/Downloads/pairfect-paws-web (2)/pairfect-paws-web/vendor/laravel/framework/src/Illuminate/Database/Eloquent/Relations/Relation.php(119): Illuminate/Database/Eloquent/Builder->Illuminate/Database/Eloquent/{closure}()
#2 C:/Users/Jessa/Downloads/pairfect-paws-web (2)/pairfect-paws-web/vendor/laravel/framework/src/Illuminate/Database/Eloquent/Builder.php(965): Illuminate/Database/Eloquent/Relations/Relation::noConstraints(Object(Closure))
#3 C:/Users/Jessa/Downloads/pairfect-paws-web (2)/pairfect-paws-web/vendor/laravel/framework/src/Illuminate/Database/Eloquent/Builder.php(939): Illuminate/Database/Eloquent/Builder->getRelation('user')
#4 C:/Users/Jessa/Downloads/pairfect-paws-web (2)/pairfect-paws-web/vendor/laravel/framework/src/Illuminate/Database/Eloquent/Builder.php(919): Illuminate/Database/Eloquent/Builder->eagerLoadRelation(Array, 'user', Object(Closure))
#5 C:/Users/Jessa/Downloads/pairfect-paws-web (2)/pairfect-paws-web/vendor/laravel/framework/src/Illuminate/Database/Eloquent/Builder.php(885): Illuminate/Database/Eloquent/Builder->eagerLoadRelations(Array)
#6 C:/Users/Jessa/Downloads/pairfect-paws-web (2)/pairfect-paws-web/app/Http/Controllers/Admin/MonitoringController.php(15): Illuminate/Database/Eloquent/Builder->get()
#7 C:/Users/Jessa/Downloads/pairfect-paws-web (2)/pairfect-paws-web/vendor/laravel/framework/src/Illuminate/Routing/ControllerDispatcher.php(46): App/Http/Controllers/Admin/MonitoringController->index()
#8 C:/Users/Jessa/Downloads/pairfect-paws-web (2)/pairfect-paws-web/vendor/laravel/framework/src/Illuminate/Routing/Route.php(265): Illuminate/Routing/ControllerDispatcher->dispatch(Object(Illuminate/Routing/Route), Object(App/Http/Controllers/Admin/MonitoringController), 'index')
#9 C:/Users/Jessa/Downloads/pairfect-paws-web (2)/pairfect-paws-web/vendor/laravel/framework/src/Illuminate/Routing/Route.php(211): Illuminate/Routing/Route->runController()
#10 C:/Users/Jessa/Downloads/pairfect-paws-web (2)/pairfect-paws-web/vendor/laravel/framework/src/Illuminate/Routing/Router.php(822): Illuminate/Routing/Route->run()
#11 C:/Users/Jessa/Downloads/pairfect-paws-web (2)/pairfect-paws-web/vendor/laravel/framework/src/Illuminate/Pipeline/Pipeline.php(180): Illuminate/Routing/Router->Illuminate/Routing/{closure}(Object(Illuminate/Http/Request))
#12 C:/Users/Jessa/Downloads/pairfect-paws-web (2)/pairfect-paws-web/app/Http/Middleware/EnsureUserIsStaff.php(32): Illuminate/Pipeline/Pipeline->Illuminate/Pipeline/{closure}(Object(Illuminate/Http/Request))
#13 C:/Users/Jessa/Downloads/pairfect-paws-web (2)/pairfect-paws-web/vendor/laravel/framework/src/Illuminate/Pipeline/Pipeline.php(219): App/Http/Middleware/EnsureUserIsStaff->handle(Object(Illuminate/Http/Request), Object(Closure))
#14 C:/Users/Jessa/Downloads/pairfect-paws-web (2)/pairfect-paws-web/app/Http/Middleware/SecurityHeaders.php(19): Illuminate/Pipeline/Pipeline->Illuminate/Pipeline/{closure}(Object(Illuminate/Http/Request))
#15 C:/Users/Jessa/Downloads/pairfect-paws-web (2)/pairfect-paws-web/vendor/laravel/framework/src/Illuminate/Pipeline/Pipeline.php(219): App/Http/Middleware/SecurityHeaders->handle(Object(Illuminate/Http/Request), Object(Closure))
#16 C:/Users/Jessa/Downloads/pairfect-paws-web (2)/pairfect-paws-web/vendor/laravel/framework/src/Illuminate/Routing/Middleware/SubstituteBindings.php(50): Illuminate/Pipeline/Pipeline->Illuminate/Pipeline/{closure}(Object(Illuminate/Http/Request))
#17 C:/Users/Jessa/Downloads/pairfect-paws-web (2)/pairfect-paws-web/vendor/laravel/framework/src/Illuminate/Pipeline/Pipeline.php(219): Illuminate/Routing/Middleware/SubstituteBindings->handle(Object(Illuminate/Http/Request), Object(Closure))
#18 C:/Users/Jessa/Downloads/pairfect-paws-web (2)/pairfect-paws-web/vendor/laravel/framework/src/Illuminate/Auth/Middleware/Authenticate.php(63): Illuminate/Pipeline/Pipeline->Illuminate/Pipeline/{closure}(Object(Illuminate/Http/Request))
#19 C:/Users/Jessa/Downloads/pairfect-paws-web (2)/pairfect-paws-web/vendor/laravel/framework/src/Illuminate/Pipeline/Pipeline.php(219): Illuminate/Auth/Middleware/Authenticate->handle(Object(Illuminate/Http/Request), Object(Closure))
#20 C:/Users/Jessa/Downloads/pairfect-paws-web (2)/pairfect-paws-web/vendor/laravel/framework/src/Illuminate/Foundation/Http/Middleware/VerifyCsrfToken.php(87): Illuminate/Pipeline/Pipeline->Illuminate/Pipeline/{closure}(Object(Illuminate/Http/Request))
#21 C:/Users/Jessa/Downloads/pairfect-paws-web (2)/pairfect-paws-web/vendor/laravel/framework/src/Illuminate/Pipeline/Pipeline.php(219): Illuminate/Foundation/Http/Middleware/VerifyCsrfToken->handle(Object(Illuminate/Http/Request), Object(Closure))
#22 C:/Users/Jessa/Downloads/pairfect-paws-web (2)/pairfect-paws-web/vendor/laravel/framework/src/Illuminate/View/Middleware/ShareErrorsFromSession.php(48): Illuminate/Pipeline/Pipeline->Illuminate/Pipeline/{closure}(Object(Illuminate/Http/Request))
#23 C:/Users/Jessa/Downloads/pairfect-paws-web (2)/pairfect-paws-web/vendor/laravel/framework/src/Illuminate/Pipeline/Pipeline.php(219): Illuminate/View/Middleware/ShareErrorsFromSession->handle(Object(Illuminate/Http/Request), Object(Closure))
#24 C:/Users/Jessa/Downloads/pairfect-paws-web (2)/pairfect-paws-web/vendor/laravel/framework/src/Illuminate/Session/Middleware/StartSession.php(120): Illuminate/Pipeline/Pipeline->Illuminate/Pipeline/{closure}(Object(Illuminate/Http/Request))
#25 C:/Users/Jessa/Downloads/pairfect-paws-web (2)/pairfect-paws-web/vendor/laravel/framework/src/Illuminate/Session/Middleware/StartSession.php(63): Illuminate/Session/Middleware/StartSession->handleStatefulRequest(Object(Illuminate/Http/Request), Object(Illuminate/Session/EncryptedStore), Object(Closure))
#26 C:/Users/Jessa/Downloads/pairfect-paws-web (2)/pairfect-paws-web/vendor/laravel/framework/src/Illuminate/Pipeline/Pipeline.php(219): Illuminate/Session/Middleware/StartSession->handle(Object(Illuminate/Http/Request), Object(Closure))
#27 C:/Users/Jessa/Downloads/pairfect-paws-web (2)/pairfect-paws-web/vendor/laravel/framework/src/Illuminate/Cookie/Middleware/AddQueuedCookiesToResponse.php(36): Illuminate/Pipeline/Pipeline->Illuminate/Pipeline/{closure}(Object(Illuminate/Http/Request))
#28 C:/Users/Jessa/Downloads/pairfect-paws-web (2)/pairfect-paws-web/vendor/laravel/framework/src/Illuminate/Pipeline/Pipeline.php(219): Illuminate/Cookie/Middleware/AddQueuedCookiesToResponse->handle(Object(Illuminate/Http/Request), Object(Closure))
#29 C:/Users/Jessa/Downloads/pairfect-paws-web (2)/pairfect-paws-web/vendor/laravel/framework/src/Illuminate/Cookie/Middleware/EncryptCookies.php(74): Illuminate/Pipeline/Pipeline->Illuminate/Pipeline/{closure}(Object(Illuminate/Http/Request))
#30 C:/Users/Jessa/Downloads/pairfect-paws-web (2)/pairfect-paws-web/vendor/laravel/framework/src/Illuminate/Pipeline/Pipeline.php(219): Illuminate/Cookie/Middleware/EncryptCookies->handle(Object(Illuminate/Http/Request), Object(Closure))
#31 C:/Users/Jessa/Downloads/pairfect-paws-web (2)/pairfect-paws-web/vendor/laravel/framework/src/Illuminate/Pipeline/Pipeline.php(137): Illuminate/Pipeline/Pipeline->Illuminate/Pipeline/{closure}(Object(Illuminate/Http/Request))
#32 C:/Users/Jessa/Downloads/pairfect-paws-web (2)/pairfect-paws-web/vendor/laravel/framework/src/Illuminate/Routing/Router.php(821): Illuminate/Pipeline/Pipeline->then(Object(Closure))
#33 C:/Users/Jessa/Downloads/pairfect-paws-web (2)/pairfect-paws-web/vendor/laravel/framework/src/Illuminate/Routing/Router.php(800): Illuminate/Routing/Router->runRouteWithinStack(Object(Illuminate/Routing/Route), Object(Illuminate/Http/Request))
#34 C:/Users/Jessa/Downloads/pairfect-paws-web (2)/pairfect-paws-web/vendor/laravel/framework/src/Illuminate/Routing/Router.php(764): Illuminate/Routing/Router->runRoute(Object(Illuminate/Http/Request), Object(Illuminate/Routing/Route))
#35 C:/Users/Jessa/Downloads/pairfect-paws-web (2)/pairfect-paws-web/vendor/laravel/framework/src/Illuminate/Routing/Router.php(753): Illuminate/Routing/Router->dispatchToRoute(Object(Illuminate/Http/Request))
#36 C:/Users/Jessa/Downloads/pairfect-paws-web (2)/pairfect-paws-web/vendor/laravel/framework/src/Illuminate/Foundation/Http/Kernel.php(200): Illuminate/Routing/Router->dispatch(Object(Illuminate/Http/Request))
#37 C:/Users/Jessa/Downloads/pairfect-paws-web (2)/pairfect-paws-web/vendor/laravel/framework/src/Illuminate/Pipeline/Pipeline.php(180): Illuminate/Foundation/Http/Kernel->Illuminate/Foundation/Http/{closure}(Object(Illuminate/Http/Request))
#38 C:/Users/Jessa/Downloads/pairfect-paws-web (2)/pairfect-paws-web/vendor/laravel/framework/src/Illuminate/Foundation/Http/Middleware/TransformsRequest.php(21): Illuminate/Pipeline/Pipeline->Illuminate/Pipeline/{closure}(Object(Illuminate/Http/Request))
#39 C:/Users/Jessa/Downloads/pairfect-paws-web (2)/pairfect-paws-web/vendor/laravel/framework/src/Illuminate/Foundation/Http/Middleware/ConvertEmptyStringsToNull.php(31): Illuminate/Foundation/Http/Middleware/TransformsRequest->handle(Object(Illuminate/Http/Request), Object(Closure))
#40 C:/Users/Jessa/Downloads/pairfect-paws-web (2)/pairfect-paws-web/vendor/laravel/framework/src/Illuminate/Pipeline/Pipeline.php(219): Illuminate/Foundation/Http/Middleware/ConvertEmptyStringsToNull->handle(Object(Illuminate/Http/Request), Object(Closure))
#41 C:/Users/Jessa/Downloads/pairfect-paws-web (2)/pairfect-paws-web/vendor/laravel/framework/src/Illuminate/Foundation/Http/Middleware/TransformsRequest.php(21): Illuminate/Pipeline/Pipeline->Illuminate/Pipeline/{closure}(Object(Illuminate/Http/Request))
#42 C:/Users/Jessa/Downloads/pairfect-paws-web (2)/pairfect-paws-web/vendor/laravel/framework/src/Illuminate/Foundation/Http/Middleware/TrimStrings.php(51): Illuminate/Foundation/Http/Middleware/TransformsRequest->handle(Object(Illuminate/Http/Request), Object(Closure))
#43 C:/Users/Jessa/Downloads/pairfect-paws-web (2)/pairfect-paws-web/vendor/laravel/framework/src/Illuminate/Pipeline/Pipeline.php(219): Illuminate/Foundation/Http/Middleware/TrimStrings->handle(Object(Illuminate/Http/Request), Object(Closure))
#44 C:/Users/Jessa/Downloads/pairfect-paws-web (2)/pairfect-paws-web/vendor/laravel/framework/src/Illuminate/Http/Middleware/ValidatePostSize.php(27): Illuminate/Pipeline/Pipeline->Illuminate/Pipeline/{closure}(Object(Illuminate/Http/Request))
#45 C:/Users/Jessa/Downloads/pairfect-paws-web (2)/pairfect-paws-web/vendor/laravel/framework/src/Illuminate/Pipeline/Pipeline.php(219): Illuminate/Http/Middleware/ValidatePostSize->handle(Object(Illuminate/Http/Request), Object(Closure))
#46 C:/Users/Jessa/Downloads/pairfect-paws-web (2)/pairfect-paws-web/vendor/laravel/framework/src/Illuminate/Foundation/Http/Middleware/PreventRequestsDuringMaintenance.php(109): Illuminate/Pipeline/Pipeline->Illuminate/Pipeline/{closure}(Object(Illuminate/Http/Request))
#47 C:/Users/Jessa/Downloads/pairfect-paws-web (2)/pairfect-paws-web/vendor/laravel/framework/src/Illuminate/Pipeline/Pipeline.php(219): Illuminate/Foundation/Http/Middleware/PreventRequestsDuringMaintenance->handle(Object(Illuminate/Http/Request), Object(Closure))
#48 C:/Users/Jessa/Downloads/pairfect-paws-web (2)/pairfect-paws-web/vendor/laravel/framework/src/Illuminate/Http/Middleware/HandleCors.php(61): Illuminate/Pipeline/Pipeline->Illuminate/Pipeline/{closure}(Object(Illuminate/Http/Request))
#49 C:/Users/Jessa/Downloads/pairfect-paws-web (2)/pairfect-paws-web/vendor/laravel/framework/src/Illuminate/Pipeline/Pipeline.php(219): Illuminate/Http/Middleware/HandleCors->handle(Object(Illuminate/Http/Request), Object(Closure))
#50 C:/Users/Jessa/Downloads/pairfect-paws-web (2)/pairfect-paws-web/vendor/laravel/framework/src/Illuminate/Http/Middleware/TrustProxies.php(58): Illuminate/Pipeline/Pipeline->Illuminate/Pipeline/{closure}(Object(Illuminate/Http/Request))
#51 C:/Users/Jessa/Downloads/pairfect-paws-web (2)/pairfect-paws-web/vendor/laravel/framework/src/Illuminate/Pipeline/Pipeline.php(219): Illuminate/Http/Middleware/TrustProxies->handle(Object(Illuminate/Http/Request), Object(Closure))
#52 C:/Users/Jessa/Downloads/pairfect-paws-web (2)/pairfect-paws-web/vendor/laravel/framework/src/Illuminate/Foundation/Http/Middleware/InvokeDeferredCallbacks.php(22): Illuminate/Pipeline/Pipeline->Illuminate/Pipeline/{closure}(Object(Illuminate/Http/Request))
#53 C:/Users/Jessa/Downloads/pairfect-paws-web (2)/pairfect-paws-web/vendor/laravel/framework/src/Illuminate/Pipeline/Pipeline.php(219): Illuminate/Foundation/Http/Middleware/InvokeDeferredCallbacks->handle(Object(Illuminate/Http/Request), Object(Closure))
#54 C:/Users/Jessa/Downloads/pairfect-paws-web (2)/pairfect-paws-web/vendor/laravel/framework/src/Illuminate/Http/Middleware/ValidatePathEncoding.php(26): Illuminate/Pipeline/Pipeline->Illuminate/Pipeline/{closure}(Object(Illuminate/Http/Request))
#55 C:/Users/Jessa/Downloads/pairfect-paws-web (2)/pairfect-paws-web/vendor/laravel/framework/src/Illuminate/Pipeline/Pipeline.php(219): Illuminate/Http/Middleware/ValidatePathEncoding->handle(Object(Illuminate/Http/Request), Object(Closure))
#56 C:/Users/Jessa/Downloads/pairfect-paws-web (2)/pairfect-paws-web/vendor/laravel/framework/src/Illuminate/Pipeline/Pipeline.php(137): Illuminate/Pipeline/Pipeline->Illuminate/Pipeline/{closure}(Object(Illuminate/Http/Request))
#57 C:/Users/Jessa/Downloads/pairfect-paws-web (2)/pairfect-paws-web/vendor/laravel/framework/src/Illuminate/Foundation/Http/Kernel.php(175): Illuminate/Pipeline/Pipeline->then(Object(Closure))
#58 C:/Users/Jessa/Downloads/pairfect-paws-web (2)/pairfect-paws-web/vendor/laravel/framework/src/Illuminate/Foundation/Http/Kernel.php(144): Illuminate/Foundation/Http/Kernel->sendRequestThroughRouter(Object(Illuminate/Http/Request))
#59 C:/Users/Jessa/Downloads/pairfect-paws-web (2)/pairfect-paws-web/vendor/laravel/framework/src/Illuminate/Foundation/Application.php(1220): Illuminate/Foundation/Http/Kernel->handle(Object(Illuminate/Http/Request))
#60 C:/Users/Jessa/Downloads/pairfect-paws-web (2)/pairfect-paws-web/public/index.php(18): Illuminate/Foundation/Application->handleRequest(Object(Illuminate/Http/Request))
#61 C:/Users/Jessa/Downloads/pairfect-paws-web (2)/pairfect-paws-web/vendor/laravel/framework/src/Illuminate/Foundation/resources/server.php(23): require_once('C://Users//Jessa//...')
#62 {main}
"} 
[2026-08-05 01:38:50] local.ERROR: Unclosed '[' does not match ')' (View: C:\Users\Jessa\Downloads\pairfect-paws-web (2)\pairfect-paws-web\resources\views\admin\volunteer\index.blade.php) {"userId":2,"exception":"[object] (Illuminate\\View\\ViewException(code: 0): Unclosed '[' does not match ')' (View: C:\\Users\\Jessa\\Downloads\\pairfect-paws-web (2)\\pairfect-paws-web\\resources\\views\\admin\\volunteer\\index.blade.php) at C:/Users/Jessa/Downloads/pairfect-paws-web (2)/pairfect-paws-web/storage/framework/views/9e2d8e5460f8354eed8ccdcfe3b57311.php:31)
[stacktrace]
#0 C:/Users/Jessa/Downloads/pairfect-paws-web (2)/pairfect-paws-web/vendor/laravel/framework/src/Illuminate/View/Engines/PhpEngine.php(59): Illuminate/View/Engines/CompilerEngine->handleViewException(Object(ParseError), 1)
#1 C:/Users/Jessa/Downloads/pairfect-paws-web (2)/pairfect-paws-web/vendor/laravel/framework/src/Illuminate/View/Engines/CompilerEngine.php(76): Illuminate/View/Engines/PhpEngine->evaluatePath('C://Users//Jessa//...', Array)
#2 C:/Users/Jessa/Downloads/pairfect-paws-web (2)/pairfect-paws-web/vendor/laravel/framework/src/Illuminate/View/View.php(208): Illuminate/View/Engines/CompilerEngine->get('C://Users//Jessa//...', Array)
#3 C:/Users/Jessa/Downloads/pairfect-paws-web (2)/pairfect-paws-web/vendor/laravel/framework/src/Illuminate/View/View.php(191): Illuminate/View/View->getContents()
#4 C:/Users/Jessa/Downloads/pairfect-paws-web (2)/pairfect-paws-web/vendor/laravel/framework/src/Illuminate/View/View.php(160): Illuminate/View/View->renderContents()
#5 C:/Users/Jessa/Downloads/pairfect-paws-web (2)/pairfect-paws-web/vendor/laravel/framework/src/Illuminate/Http/Response.php(78): Illuminate/View/View->render()
#6 C:/Users/Jessa/Downloads/pairfect-paws-web (2)/pairfect-paws-web/vendor/laravel/framework/src/Illuminate/Http/Response.php(34): Illuminate/Http/Response->setContent(Object(Illuminate/View/View))
#7 C:/Users/Jessa/Downloads/pairfect-paws-web (2)/pairfect-paws-web/vendor/laravel/framework/src/Illuminate/Routing/Router.php(939): Illuminate/Http/Response->__construct(Object(Illuminate/View/View), 200, Array)
#8 C:/Users/Jessa/Downloads/pairfect-paws-web (2)/pairfect-paws-web/vendor/laravel/framework/src/Illuminate/Routing/Router.php(906): Illuminate/Routing/Router::toResponse(Object(Illuminate/Http/Request), Object(Illuminate/View/View))
#9 C:/Users/Jessa/Downloads/pairfect-paws-web (2)/pairfect-paws-web/vendor/laravel/framework/src/Illuminate/Routing/Router.php(821): Illuminate/Routing/Router->prepareResponse(Object(Illuminate/Http/Request), Object(Illuminate/View/View))
#10 C:/Users/Jessa/Downloads/pairfect-paws-web (2)/pairfect-paws-web/vendor/laravel/framework/src/Illuminate/Pipeline/Pipeline.php(180): Illuminate/Routing/Router->Illuminate/Routing/{closure}(Object(Illuminate/Http/Request))
#11 C:/Users/Jessa/Downloads/pairfect-paws-web (2)/pairfect-paws-web/app/Http/Middleware/EnsureUserIsStaff.php(32): Illuminate/Pipeline/Pipeline->Illuminate/Pipeline/{closure}(Object(Illuminate/Http/Request))
#12 C:/Users/Jessa/Downloads/pairfect-paws-web (2)/pairfect-paws-web/vendor/laravel/framework/src/Illuminate/Pipeline/Pipeline.php(219): App/Http/Middleware/EnsureUserIsStaff->handle(Object(Illuminate/Http/Request), Object(Closure))
#13 C:/Users/Jessa/Downloads/pairfect-paws-web (2)/pairfect-paws-web/app/Http/Middleware/SecurityHeaders.php(19): Illuminate/Pipeline/Pipeline->Illuminate/Pipeline/{closure}(Object(Illuminate/Http/Request))
#14 C:/Users/Jessa/Downloads/pairfect-paws-web (2)/pairfect-paws-web/vendor/laravel/framework/src/Illuminate/Pipeline/Pipeline.php(219): App/Http/Middleware/SecurityHeaders->handle(Object(Illuminate/Http/Request), Object(Closure))
#15 C:/Users/Jessa/Downloads/pairfect-paws-web (2)/pairfect-paws-web/vendor/laravel/framework/src/Illuminate/Routing/Middleware/SubstituteBindings.php(50): Illuminate/Pipeline/Pipeline->Illuminate/Pipeline/{closure}(Object(Illuminate/Http/Request))
#16 C:/Users/Jessa/Downloads/pairfect-paws-web (2)/pairfect-paws-web/vendor/laravel/framework/src/Illuminate/Pipeline/Pipeline.php(219): Illuminate/Routing/Middleware/SubstituteBindings->handle(Object(Illuminate/Http/Request), Object(Closure))
#17 C:/Users/Jessa/Downloads/pairfect-paws-web (2)/pairfect-paws-web/vendor/laravel/framework/src/Illuminate/Auth/Middleware/Authenticate.php(63): Illuminate/Pipeline/Pipeline->Illuminate/Pipeline/{closure}(Object(Illuminate/Http/Request))
#18 C:/Users/Jessa/Downloads/pairfect-paws-web (2)/pairfect-paws-web/vendor/laravel/framework/src/Illuminate/Pipeline/Pipeline.php(219): Illuminate/Auth/Middleware/Authenticate->handle(Object(Illuminate/Http/Request), Object(Closure))
#19 C:/Users/Jessa/Downloads/pairfect-paws-web (2)/pairfect-paws-web/vendor/laravel/framework/src/Illuminate/Foundation/Http/Middleware/VerifyCsrfToken.php(87): Illuminate/Pipeline/Pipeline->Illuminate/Pipeline/{closure}(Object(Illuminate/Http/Request))
#20 C:/Users/Jessa/Downloads/pairfect-paws-web (2)/pairfect-paws-web/vendor/laravel/framework/src/Illuminate/Pipeline/Pipeline.php(219): Illuminate/Foundation/Http/Middleware/VerifyCsrfToken->handle(Object(Illuminate/Http/Request), Object(Closure))
#21 C:/Users/Jessa/Downloads/pairfect-paws-web (2)/pairfect-paws-web/vendor/laravel/framework/src/Illuminate/View/Middleware/ShareErrorsFromSession.php(48): Illuminate/Pipeline/Pipeline->Illuminate/Pipeline/{closure}(Object(Illuminate/Http/Request))
#22 C:/Users/Jessa/Downloads/pairfect-paws-web (2)/pairfect-paws-web/vendor/laravel/framework/src/Illuminate/Pipeline/Pipeline.php(219): Illuminate/View/Middleware/ShareErrorsFromSession->handle(Object(Illuminate/Http/Request), Object(Closure))
#23 C:/Users/Jessa/Downloads/pairfect-paws-web (2)/pairfect-paws-web/vendor/laravel/framework/src/Illuminate/Session/Middleware/StartSession.php(120): Illuminate/Pipeline/Pipeline->Illuminate/Pipeline/{closure}(Object(Illuminate/Http/Request))
#24 C:/Users/Jessa/Downloads/pairfect-paws-web (2)/pairfect-paws-web/vendor/laravel/framework/src/Illuminate/Session/Middleware/StartSession.php(63): Illuminate/Session/Middleware/StartSession->handleStatefulRequest(Object(Illuminate/Http/Request), Object(Illuminate/Session/EncryptedStore), Object(Closure))
#25 C:/Users/Jessa/Downloads/pairfect-paws-web (2)/pairfect-paws-web/vendor/laravel/framework/src/Illuminate/Pipeline/Pipeline.php(219): Illuminate/Session/Middleware/StartSession->handle(Object(Illuminate/Http/Request), Object(Closure))
#26 C:/Users/Jessa/Downloads/pairfect-paws-web (2)/pairfect-paws-web/vendor/laravel/framework/src/Illuminate/Cookie/Middleware/AddQueuedCookiesToResponse.php(36): Illuminate/Pipeline/Pipeline->Illuminate/Pipeline/{closure}(Object(Illuminate/Http/Request))
#27 C:/Users/Jessa/Downloads/pairfect-paws-web (2)/pairfect-paws-web/vendor/laravel/framework/src/Illuminate/Pipeline/Pipeline.php(219): Illuminate/Cookie/Middleware/AddQueuedCookiesToResponse->handle(Object(Illuminate/Http/Request), Object(Closure))
#28 C:/Users/Jessa/Downloads/pairfect-paws-web (2)/pairfect-paws-web/vendor/laravel/framework/src/Illuminate/Cookie/Middleware/EncryptCookies.php(74): Illuminate/Pipeline/Pipeline->Illuminate/Pipeline/{closure}(Object(Illuminate/Http/Request))
#29 C:/Users/Jessa/Downloads/pairfect-paws-web (2)/pairfect-paws-web/vendor/laravel/framework/src/Illuminate/Pipeline/Pipeline.php(219): Illuminate/Cookie/Middleware/EncryptCookies->handle(Object(Illuminate/Http/Request), Object(Closure))
#30 C:/Users/Jessa/Downloads/pairfect-paws-web (2)/pairfect-paws-web/vendor/laravel/framework/src/Illuminate/Pipeline/Pipeline.php(137): Illuminate/Pipeline/Pipeline->Illuminate/Pipeline/{closure}(Object(Illuminate/Http/Request))
#31 C:/Users/Jessa/Downloads/pairfect-paws-web (2)/pairfect-paws-web/vendor/laravel/framework/src/Illuminate/Routing/Router.php(821): Illuminate/Pipeline/Pipeline->then(Object(Closure))
#32 C:/Users/Jessa/Downloads/pairfect-paws-web (2)/pairfect-paws-web/vendor/laravel/framework/src/Illuminate/Routing/Router.php(800): Illuminate/Routing/Router->runRouteWithinStack(Object(Illuminate/Routing/Route), Object(Illuminate/Http/Request))
#33 C:/Users/Jessa/Downloads/pairfect-paws-web (2)/pairfect-paws-web/vendor/laravel/framework/src/Illuminate/Routing/Router.php(764): Illuminate/Routing/Router->runRoute(Object(Illuminate/Http/Request), Object(Illuminate/Routing/Route))
#34 C:/Users/Jessa/Downloads/pairfect-paws-web (2)/pairfect-paws-web/vendor/laravel/framework/src/Illuminate/Routing/Router.php(753): Illuminate/Routing/Router->dispatchToRoute(Object(Illuminate/Http/Request))
#35 C:/Users/Jessa/Downloads/pairfect-paws-web (2)/pairfect-paws-web/vendor/laravel/framework/src/Illuminate/Foundation/Http/Kernel.php(200): Illuminate/Routing/Router->dispatch(Object(Illuminate/Http/Request))
#36 C:/Users/Jessa/Downloads/pairfect-paws-web (2)/pairfect-paws-web/vendor/laravel/framework/src/Illuminate/Pipeline/Pipeline.php(180): Illuminate/Foundation/Http/Kernel->Illuminate/Foundation/Http/{closure}(Object(Illuminate/Http/Request))
#37 C:/Users/Jessa/Downloads/pairfect-paws-web (2)/pairfect-paws-web/vendor/laravel/framework/src/Illuminate/Foundation/Http/Middleware/TransformsRequest.php(21): Illuminate/Pipeline/Pipeline->Illuminate/Pipeline/{closure}(Object(Illuminate/Http/Request))
#38 C:/Users/Jessa/Downloads/pairfect-paws-web (2)/pairfect-paws-web/vendor/laravel/framework/src/Illuminate/Foundation/Http/Middleware/ConvertEmptyStringsToNull.php(31): Illuminate/Foundation/Http/Middleware/TransformsRequest->handle(Object(Illuminate/Http/Request), Object(Closure))
#39 C:/Users/Jessa/Downloads/pairfect-paws-web (2)/pairfect-paws-web/vendor/laravel/framework/src/Illuminate/Pipeline/Pipeline.php(219): Illuminate/Foundation/Http/Middleware/ConvertEmptyStringsToNull->handle(Object(Illuminate/Http/Request), Object(Closure))
#40 C:/Users/Jessa/Downloads/pairfect-paws-web (2)/pairfect-paws-web/vendor/laravel/framework/src/Illuminate/Foundation/Http/Middleware/TransformsRequest.php(21): Illuminate/Pipeline/Pipeline->Illuminate/Pipeline/{closure}(Object(Illuminate/Http/Request))
#41 C:/Users/Jessa/Downloads/pairfect-paws-web (2)/pairfect-paws-web/vendor/laravel/framework/src/Illuminate/Foundation/Http/Middleware/TrimStrings.php(51): Illuminate/Foundation/Http/Middleware/TransformsRequest->handle(Object(Illuminate/Http/Request), Object(Closure))
#42 C:/Users/Jessa/Downloads/pairfect-paws-web (2)/pairfect-paws-web/vendor/laravel/framework/src/Illuminate/Pipeline/Pipeline.php(219): Illuminate/Foundation/Http/Middleware/TrimStrings->handle(Object(Illuminate/Http/Request), Object(Closure))
#43 C:/Users/Jessa/Downloads/pairfect-paws-web (2)/pairfect-paws-web/vendor/laravel/framework/src/Illuminate/Http/Middleware/ValidatePostSize.php(27): Illuminate/Pipeline/Pipeline->Illuminate/Pipeline/{closure}(Object(Illuminate/Http/Request))
#44 C:/Users/Jessa/Downloads/pairfect-paws-web (2)/pairfect-paws-web/vendor/laravel/framework/src/Illuminate/Pipeline/Pipeline.php(219): Illuminate/Http/Middleware/ValidatePostSize->handle(Object(Illuminate/Http/Request), Object(Closure))
#45 C:/Users/Jessa/Downloads/pairfect-paws-web (2)/pairfect-paws-web/vendor/laravel/framework/src/Illuminate/Foundation/Http/Middleware/PreventRequestsDuringMaintenance.php(109): Illuminate/Pipeline/Pipeline->Illuminate/Pipeline/{closure}(Object(Illuminate/Http/Request))
#46 C:/Users/Jessa/Downloads/pairfect-paws-web (2)/pairfect-paws-web/vendor/laravel/framework/src/Illuminate/Pipeline/Pipeline.php(219): Illuminate/Foundation/Http/Middleware/PreventRequestsDuringMaintenance->handle(Object(Illuminate/Http/Request), Object(Closure))
#47 C:/Users/Jessa/Downloads/pairfect-paws-web (2)/pairfect-paws-web/vendor/laravel/framework/src/Illuminate/Http/Middleware/HandleCors.php(61): Illuminate/Pipeline/Pipeline->Illuminate/Pipeline/{closure}(Object(Illuminate/Http/Request))
#48 C:/Users/Jessa/Downloads/pairfect-paws-web (2)/pairfect-paws-web/vendor/laravel/framework/src/Illuminate/Pipeline/Pipeline.php(219): Illuminate/Http/Middleware/HandleCors->handle(Object(Illuminate/Http/Request), Object(Closure))
#49 C:/Users/Jessa/Downloads/pairfect-paws-web (2)/pairfect-paws-web/vendor/laravel/framework/src/Illuminate/Http/Middleware/TrustProxies.php(58): Illuminate/Pipeline/Pipeline->Illuminate/Pipeline/{closure}(Object(Illuminate/Http/Request))
#50 C:/Users/Jessa/Downloads/pairfect-paws-web (2)/pairfect-paws-web/vendor/laravel/framework/src/Illuminate/Pipeline/Pipeline.php(219): Illuminate/Http/Middleware/TrustProxies->handle(Object(Illuminate/Http/Request), Object(Closure))
#51 C:/Users/Jessa/Downloads/pairfect-paws-web (2)/pairfect-paws-web/vendor/laravel/framework/src/Illuminate/Foundation/Http/Middleware/InvokeDeferredCallbacks.php(22): Illuminate/Pipeline/Pipeline->Illuminate/Pipeline/{closure}(Object(Illuminate/Http/Request))
#52 C:/Users/Jessa/Downloads/pairfect-paws-web (2)/pairfect-paws-web/vendor/laravel/framework/src/Illuminate/Pipeline/Pipeline.php(219): Illuminate/Foundation/Http/Middleware/InvokeDeferredCallbacks->handle(Object(Illuminate/Http/Request), Object(Closure))
#53 C:/Users/Jessa/Downloads/pairfect-paws-web (2)/pairfect-paws-web/vendor/laravel/framework/src/Illuminate/Http/Middleware/ValidatePathEncoding.php(26): Illuminate/Pipeline/Pipeline->Illuminate/Pipeline/{closure}(Object(Illuminate/Http/Request))
#54 C:/Users/Jessa/Downloads/pairfect-paws-web (2)/pairfect-paws-web/vendor/laravel/framework/src/Illuminate/Pipeline/Pipeline.php(219): Illuminate/Http/Middleware/ValidatePathEncoding->handle(Object(Illuminate/Http/Request), Object(Closure))
#55 C:/Users/Jessa/Downloads/pairfect-paws-web (2)/pairfect-paws-web/vendor/laravel/framework/src/Illuminate/Pipeline/Pipeline.php(137): Illuminate/Pipeline/Pipeline->Illuminate/Pipeline/{closure}(Object(Illuminate/Http/Request))
#56 C:/Users/Jessa/Downloads/pairfect-paws-web (2)/pairfect-paws-web/vendor/laravel/framework/src/Illuminate/Foundation/Http/Kernel.php(175): Illuminate/Pipeline/Pipeline->then(Object(Closure))
#57 C:/Users/Jessa/Downloads/pairfect-paws-web (2)/pairfect-paws-web/vendor/laravel/framework/src/Illuminate/Foundation/Http/Kernel.php(144): Illuminate/Foundation/Http/Kernel->sendRequestThroughRouter(Object(Illuminate/Http/Request))
#58 C:/Users/Jessa/Downloads/pairfect-paws-web (2)/pairfect-paws-web/vendor/laravel/framework/src/Illuminate/Foundation/Application.php(1220): Illuminate/Foundation/Http/Kernel->handle(Object(Illuminate/Http/Request))
#59 C:/Users/Jessa/Downloads/pairfect-paws-web (2)/pairfect-paws-web/public/index.php(18): Illuminate/Foundation/Application->handleRequest(Object(Illuminate/Http/Request))
#60 C:/Users/Jessa/Downloads/pairfect-paws-web (2)/pairfect-paws-web/vendor/laravel/framework/src/Illuminate/Foundation/resources/server.php(23): require_once('C://Users//Jessa//...')
#61 {main}

[previous exception] [object] (ParseError(code: 0): Unclosed '[' does not match ')' at C:/Users/Jessa/Downloads/pairfect-paws-web (2)/pairfect-paws-web/storage/framework/views/9e2d8e5460f8354eed8ccdcfe3b57311.php:31)
[stacktrace]
#0 C:/Users/Jessa/Downloads/pairfect-paws-web (2)/pairfect-paws-web/vendor/laravel/framework/src/Illuminate/Filesystem/Filesystem.php(124): Illuminate/Filesystem/Filesystem::Illuminate/Filesystem/{closure}()
#1 C:/Users/Jessa/Downloads/pairfect-paws-web (2)/pairfect-paws-web/vendor/laravel/framework/src/Illuminate/View/Engines/PhpEngine.php(57): Illuminate/Filesystem/Filesystem->getRequire('C://Users//Jessa//...', Array)
#2 C:/Users/Jessa/Downloads/pairfect-paws-web (2)/pairfect-paws-web/vendor/laravel/framework/src/Illuminate/View/Engines/CompilerEngine.php(76): Illuminate/View/Engines/PhpEngine->evaluatePath('C://Users//Jessa//...', Array)
#3 C:/Users/Jessa/Downloads/pairfect-paws-web (2)/pairfect-paws-web/vendor/laravel/framework/src/Illuminate/View/View.php(208): Illuminate/View/Engines/CompilerEngine->get('C://Users//Jessa//...', Array)
#4 C:/Users/Jessa/Downloads/pairfect-paws-web (2)/pairfect-paws-web/vendor/laravel/framework/src/Illuminate/View/View.php(191): Illuminate/View/View->getContents()
#5 C:/Users/Jessa/Downloads/pairfect-paws-web (2)/pairfect-paws-web/vendor/laravel/framework/src/Illuminate/View/View.php(160): Illuminate/View/View->renderContents()
#6 C:/Users/Jessa/Downloads/pairfect-paws-web (2)/pairfect-paws-web/vendor/laravel/framework/src/Illuminate/Http/Response.php(78): Illuminate/View/View->render()
#7 C:/Users/Jessa/Downloads/pairfect-paws-web (2)/pairfect-paws-web/vendor/laravel/framework/src/Illuminate/Http/Response.php(34): Illuminate/Http/Response->setContent(Object(Illuminate/View/View))
#8 C:/Users/Jessa/Downloads/pairfect-paws-web (2)/pairfect-paws-web/vendor/laravel/framework/src/Illuminate/Routing/Router.php(939): Illuminate/Http/Response->__construct(Object(Illuminate/View/View), 200, Array)
#9 C:/Users/Jessa/Downloads/pairfect-paws-web (2)/pairfect-paws-web/vendor/laravel/framework/src/Illuminate/Routing/Router.php(906): Illuminate/Routing/Router::toResponse(Object(Illuminate/Http/Request), Object(Illuminate/View/View))
#10 C:/Users/Jessa/Downloads/pairfect-paws-web (2)/pairfect-paws-web/vendor/laravel/framework/src/Illuminate/Routing/Router.php(821): Illuminate/Routing/Router->prepareResponse(Object(Illuminate/Http/Request), Object(Illuminate/View/View))
#11 C:/Users/Jessa/Downloads/pairfect-paws-web (2)/pairfect-paws-web/vendor/laravel/framework/src/Illuminate/Pipeline/Pipeline.php(180): Illuminate/Routing/Router->Illuminate/Routing/{closure}(Object(Illuminate/Http/Request))
#12 C:/Users/Jessa/Downloads/pairfect-paws-web (2)/pairfect-paws-web/app/Http/Middleware/EnsureUserIsStaff.php(32): Illuminate/Pipeline/Pipeline->Illuminate/Pipeline/{closure}(Object(Illuminate/Http/Request))
#13 C:/Users/Jessa/Downloads/pairfect-paws-web (2)/pairfect-paws-web/vendor/laravel/framework/src/Illuminate/Pipeline/Pipeline.php(219): App/Http/Middleware/EnsureUserIsStaff->handle(Object(Illuminate/Http/Request), Object(Closure))
#14 C:/Users/Jessa/Downloads/pairfect-paws-web (2)/pairfect-paws-web/app/Http/Middleware/SecurityHeaders.php(19): Illuminate/Pipeline/Pipeline->Illuminate/Pipeline/{closure}(Object(Illuminate/Http/Request))
#15 C:/Users/Jessa/Downloads/pairfect-paws-web (2)/pairfect-paws-web/vendor/laravel/framework/src/Illuminate/Pipeline/Pipeline.php(219): App/Http/Middleware/SecurityHeaders->handle(Object(Illuminate/Http/Request), Object(Closure))
#16 C:/Users/Jessa/Downloads/pairfect-paws-web (2)/pairfect-paws-web/vendor/laravel/framework/src/Illuminate/Routing/Middleware/SubstituteBindings.php(50): Illuminate/Pipeline/Pipeline->Illuminate/Pipeline/{closure}(Object(Illuminate/Http/Request))
#17 C:/Users/Jessa/Downloads/pairfect-paws-web (2)/pairfect-paws-web/vendor/laravel/framework/src/Illuminate/Pipeline/Pipeline.php(219): Illuminate/Routing/Middleware/SubstituteBindings->handle(Object(Illuminate/Http/Request), Object(Closure))
#18 C:/Users/Jessa/Downloads/pairfect-paws-web (2)/pairfect-paws-web/vendor/laravel/framework/src/Illuminate/Auth/Middleware/Authenticate.php(63): Illuminate/Pipeline/Pipeline->Illuminate/Pipeline/{closure}(Object(Illuminate/Http/Request))
#19 C:/Users/Jessa/Downloads/pairfect-paws-web (2)/pairfect-paws-web/vendor/laravel/framework/src/Illuminate/Pipeline/Pipeline.php(219): Illuminate/Auth/Middleware/Authenticate->handle(Object(Illuminate/Http/Request), Object(Closure))
#20 C:/Users/Jessa/Downloads/pairfect-paws-web (2)/pairfect-paws-web/vendor/laravel/framework/src/Illuminate/Foundation/Http/Middleware/VerifyCsrfToken.php(87): Illuminate/Pipeline/Pipeline->Illuminate/Pipeline/{closure}(Object(Illuminate/Http/Request))
#21 C:/Users/Jessa/Downloads/pairfect-paws-web (2)/pairfect-paws-web/vendor/laravel/framework/src/Illuminate/Pipeline/Pipeline.php(219): Illuminate/Foundation/Http/Middleware/VerifyCsrfToken->handle(Object(Illuminate/Http/Request), Object(Closure))
#22 C:/Users/Jessa/Downloads/pairfect-paws-web (2)/pairfect-paws-web/vendor/laravel/framework/src/Illuminate/View/Middleware/ShareErrorsFromSession.php(48): Illuminate/Pipeline/Pipeline->Illuminate/Pipeline/{closure}(Object(Illuminate/Http/Request))
#23 C:/Users/Jessa/Downloads/pairfect-paws-web (2)/pairfect-paws-web/vendor/laravel/framework/src/Illuminate/Pipeline/Pipeline.php(219): Illuminate/View/Middleware/ShareErrorsFromSession->handle(Object(Illuminate/Http/Request), Object(Closure))
#24 C:/Users/Jessa/Downloads/pairfect-paws-web (2)/pairfect-paws-web/vendor/laravel/framework/src/Illuminate/Session/Middleware/StartSession.php(120): Illuminate/Pipeline/Pipeline->Illuminate/Pipeline/{closure}(Object(Illuminate/Http/Request))
#25 C:/Users/Jessa/Downloads/pairfect-paws-web (2)/pairfect-paws-web/vendor/laravel/framework/src/Illuminate/Session/Middleware/StartSession.php(63): Illuminate/Session/Middleware/StartSession->handleStatefulRequest(Object(Illuminate/Http/Request), Object(Illuminate/Session/EncryptedStore), Object(Closure))
#26 C:/Users/Jessa/Downloads/pairfect-paws-web (2)/pairfect-paws-web/vendor/laravel/framework/src/Illuminate/Pipeline/Pipeline.php(219): Illuminate/Session/Middleware/StartSession->handle(Object(Illuminate/Http/Request), Object(Closure))
#27 C:/Users/Jessa/Downloads/pairfect-paws-web (2)/pairfect-paws-web/vendor/laravel/framework/src/Illuminate/Cookie/Middleware/AddQueuedCookiesToResponse.php(36): Illuminate/Pipeline/Pipeline->Illuminate/Pipeline/{closure}(Object(Illuminate/Http/Request))
#28 C:/Users/Jessa/Downloads/pairfect-paws-web (2)/pairfect-paws-web/vendor/laravel/framework/src/Illuminate/Pipeline/Pipeline.php(219): Illuminate/Cookie/Middleware/AddQueuedCookiesToResponse->handle(Object(Illuminate/Http/Request), Object(Closure))
#29 C:/Users/Jessa/Downloads/pairfect-paws-web (2)/pairfect-paws-web/vendor/laravel/framework/src/Illuminate/Cookie/Middleware/EncryptCookies.php(74): Illuminate/Pipeline/Pipeline->Illuminate/Pipeline/{closure}(Object(Illuminate/Http/Request))
#30 C:/Users/Jessa/Downloads/pairfect-paws-web (2)/pairfect-paws-web/vendor/laravel/framework/src/Illuminate/Pipeline/Pipeline.php(219): Illuminate/Cookie/Middleware/EncryptCookies->handle(Object(Illuminate/Http/Request), Object(Closure))
#31 C:/Users/Jessa/Downloads/pairfect-paws-web (2)/pairfect-paws-web/vendor/laravel/framework/src/Illuminate/Pipeline/Pipeline.php(137): Illuminate/Pipeline/Pipeline->Illuminate/Pipeline/{closure}(Object(Illuminate/Http/Request))
#32 C:/Users/Jessa/Downloads/pairfect-paws-web (2)/pairfect-paws-web/vendor/laravel/framework/src/Illuminate/Routing/Router.php(821): Illuminate/Pipeline/Pipeline->then(Object(Closure))
#33 C:/Users/Jessa/Downloads/pairfect-paws-web (2)/pairfect-paws-web/vendor/laravel/framework/src/Illuminate/Routing/Router.php(800): Illuminate/Routing/Router->runRouteWithinStack(Object(Illuminate/Routing/Route), Object(Illuminate/Http/Request))
#34 C:/Users/Jessa/Downloads/pairfect-paws-web (2)/pairfect-paws-web/vendor/laravel/framework/src/Illuminate/Routing/Router.php(764): Illuminate/Routing/Router->runRoute(Object(Illuminate/Http/Request), Object(Illuminate/Routing/Route))
#35 C:/Users/Jessa/Downloads/pairfect-paws-web (2)/pairfect-paws-web/vendor/laravel/framework/src/Illuminate/Routing/Router.php(753): Illuminate/Routing/Router->dispatchToRoute(Object(Illuminate/Http/Request))
#36 C:/Users/Jessa/Downloads/pairfect-paws-web (2)/pairfect-paws-web/vendor/laravel/framework/src/Illuminate/Foundation/Http/Kernel.php(200): Illuminate/Routing/Router->dispatch(Object(Illuminate/Http/Request))
#37 C:/Users/Jessa/Downloads/pairfect-paws-web (2)/pairfect-paws-web/vendor/laravel/framework/src/Illuminate/Pipeline/Pipeline.php(180): Illuminate/Foundation/Http/Kernel->Illuminate/Foundation/Http/{closure}(Object(Illuminate/Http/Request))
#38 C:/Users/Jessa/Downloads/pairfect-paws-web (2)/pairfect-paws-web/vendor/laravel/framework/src/Illuminate/Foundation/Http/Middleware/TransformsRequest.php(21): Illuminate/Pipeline/Pipeline->Illuminate/Pipeline/{closure}(Object(Illuminate/Http/Request))
#39 C:/Users/Jessa/Downloads/pairfect-paws-web (2)/pairfect-paws-web/vendor/laravel/framework/src/Illuminate/Foundation/Http/Middleware/ConvertEmptyStringsToNull.php(31): Illuminate/Foundation/Http/Middleware/TransformsRequest->handle(Object(Illuminate/Http/Request), Object(Closure))
#40 C:/Users/Jessa/Downloads/pairfect-paws-web (2)/pairfect-paws-web/vendor/laravel/framework/src/Illuminate/Pipeline/Pipeline.php(219): Illuminate/Foundation/Http/Middleware/ConvertEmptyStringsToNull->handle(Object(Illuminate/Http/Request), Object(Closure))
#41 C:/Users/Jessa/Downloads/pairfect-paws-web (2)/pairfect-paws-web/vendor/laravel/framework/src/Illuminate/Foundation/Http/Middleware/TransformsRequest.php(21): Illuminate/Pipeline/Pipeline->Illuminate/Pipeline/{closure}(Object(Illuminate/Http/Request))
#42 C:/Users/Jessa/Downloads/pairfect-paws-web (2)/pairfect-paws-web/vendor/laravel/framework/src/Illuminate/Foundation/Http/Middleware/TrimStrings.php(51): Illuminate/Foundation/Http/Middleware/TransformsRequest->handle(Object(Illuminate/Http/Request), Object(Closure))
#43 C:/Users/Jessa/Downloads/pairfect-paws-web (2)/pairfect-paws-web/vendor/laravel/framework/src/Illuminate/Pipeline/Pipeline.php(219): Illuminate/Foundation/Http/Middleware/TrimStrings->handle(Object(Illuminate/Http/Request), Object(Closure))
#44 C:/Users/Jessa/Downloads/pairfect-paws-web (2)/pairfect-paws-web/vendor/laravel/framework/src/Illuminate/Http/Middleware/ValidatePostSize.php(27): Illuminate/Pipeline/Pipeline->Illuminate/Pipeline/{closure}(Object(Illuminate/Http/Request))
#45 C:/Users/Jessa/Downloads/pairfect-paws-web (2)/pairfect-paws-web/vendor/laravel/framework/src/Illuminate/Pipeline/Pipeline.php(219): Illuminate/Http/Middleware/ValidatePostSize->handle(Object(Illuminate/Http/Request), Object(Closure))
#46 C:/Users/Jessa/Downloads/pairfect-paws-web (2)/pairfect-paws-web/vendor/laravel/framework/src/Illuminate/Foundation/Http/Middleware/PreventRequestsDuringMaintenance.php(109): Illuminate/Pipeline/Pipeline->Illuminate/Pipeline/{closure}(Object(Illuminate/Http/Request))
#47 C:/Users/Jessa/Downloads/pairfect-paws-web (2)/pairfect-paws-web/vendor/laravel/framework/src/Illuminate/Pipeline/Pipeline.php(219): Illuminate/Foundation/Http/Middleware/PreventRequestsDuringMaintenance->handle(Object(Illuminate/Http/Request), Object(Closure))
#48 C:/Users/Jessa/Downloads/pairfect-paws-web (2)/pairfect-paws-web/vendor/laravel/framework/src/Illuminate/Http/Middleware/HandleCors.php(61): Illuminate/Pipeline/Pipeline->Illuminate/Pipeline/{closure}(Object(Illuminate/Http/Request))
#49 C:/Users/Jessa/Downloads/pairfect-paws-web (2)/pairfect-paws-web/vendor/laravel/framework/src/Illuminate/Pipeline/Pipeline.php(219): Illuminate/Http/Middleware/HandleCors->handle(Object(Illuminate/Http/Request), Object(Closure))
#50 C:/Users/Jessa/Downloads/pairfect-paws-web (2)/pairfect-paws-web/vendor/laravel/framework/src/Illuminate/Http/Middleware/TrustProxies.php(58): Illuminate/Pipeline/Pipeline->Illuminate/Pipeline/{closure}(Object(Illuminate/Http/Request))
#51 C:/Users/Jessa/Downloads/pairfect-paws-web (2)/pairfect-paws-web/vendor/laravel/framework/src/Illuminate/Pipeline/Pipeline.php(219): Illuminate/Http/Middleware/TrustProxies->handle(Object(Illuminate/Http/Request), Object(Closure))
#52 C:/Users/Jessa/Downloads/pairfect-paws-web (2)/pairfect-paws-web/vendor/laravel/framework/src/Illuminate/Foundation/Http/Middleware/InvokeDeferredCallbacks.php(22): Illuminate/Pipeline/Pipeline->Illuminate/Pipeline/{closure}(Object(Illuminate/Http/Request))
#53 C:/Users/Jessa/Downloads/pairfect-paws-web (2)/pairfect-paws-web/vendor/laravel/framework/src/Illuminate/Pipeline/Pipeline.php(219): Illuminate/Foundation/Http/Middleware/InvokeDeferredCallbacks->handle(Object(Illuminate/Http/Request), Object(Closure))
#54 C:/Users/Jessa/Downloads/pairfect-paws-web (2)/pairfect-paws-web/vendor/laravel/framework/src/Illuminate/Http/Middleware/ValidatePathEncoding.php(26): Illuminate/Pipeline/Pipeline->Illuminate/Pipeline/{closure}(Object(Illuminate/Http/Request))
#55 C:/Users/Jessa/Downloads/pairfect-paws-web (2)/pairfect-paws-web/vendor/laravel/framework/src/Illuminate/Pipeline/Pipeline.php(219): Illuminate/Http/Middleware/ValidatePathEncoding->handle(Object(Illuminate/Http/Request), Object(Closure))
#56 C:/Users/Jessa/Downloads/pairfect-paws-web (2)/pairfect-paws-web/vendor/laravel/framework/src/Illuminate/Pipeline/Pipeline.php(137): Illuminate/Pipeline/Pipeline->Illuminate/Pipeline/{closure}(Object(Illuminate/Http/Request))
#57 C:/Users/Jessa/Downloads/pairfect-paws-web (2)/pairfect-paws-web/vendor/laravel/framework/src/Illuminate/Foundation/Http/Kernel.php(175): Illuminate/Pipeline/Pipeline->then(Object(Closure))
#58 C:/Users/Jessa/Downloads/pairfect-paws-web (2)/pairfect-paws-web/vendor/laravel/framework/src/Illuminate/Foundation/Http/Kernel.php(144): Illuminate/Foundation/Http/Kernel->sendRequestThroughRouter(Object(Illuminate/Http/Request))
#59 C:/Users/Jessa/Downloads/pairfect-paws-web (2)/pairfect-paws-web/vendor/laravel/framework/src/Illuminate/Foundation/Application.php(1220): Illuminate/Foundation/Http/Kernel->handle(Object(Illuminate/Http/Request))
#60 C:/Users/Jessa/Downloads/pairfect-paws-web (2)/pairfect-paws-web/public/index.php(18): Illuminate/Foundation/Application->handleRequest(Object(Illuminate/Http/Request))
#61 C:/Users/Jessa/Downloads/pairfect-paws-web (2)/pairfect-paws-web/vendor/laravel/framework/src/Illuminate/Foundation/resources/server.php(23): require_once('C://Users//Jessa//...')
#62 {main}
"} 
[2026-08-05 01:41:35] local.ERROR: Unclosed '[' on line 32 does not match ')' (View: C:\Users\Jessa\Downloads\pairfect-paws-web (2)\pairfect-paws-web\resources\views\admin\volunteer\index.blade.php) {"userId":2,"exception":"[object] (Illuminate\\View\\ViewException(code: 0): Unclosed '[' on line 32 does not match ')' (View: C:\\Users\\Jessa\\Downloads\\pairfect-paws-web (2)\\pairfect-paws-web\\resources\\views\\admin\\volunteer\\index.blade.php) at C:/Users/Jessa/Downloads/pairfect-paws-web (2)/pairfect-paws-web/storage/framework/views/9e2d8e5460f8354eed8ccdcfe3b57311.php:33)
[stacktrace]
#0 C:/Users/Jessa/Downloads/pairfect-paws-web (2)/pairfect-paws-web/vendor/laravel/framework/src/Illuminate/View/Engines/PhpEngine.php(59): Illuminate/View/Engines/CompilerEngine->handleViewException(Object(ParseError), 1)
#1 C:/Users/Jessa/Downloads/pairfect-paws-web (2)/pairfect-paws-web/vendor/laravel/framework/src/Illuminate/View/Engines/CompilerEngine.php(76): Illuminate/View/Engines/PhpEngine->evaluatePath('C://Users//Jessa//...', Array)
#2 C:/Users/Jessa/Downloads/pairfect-paws-web (2)/pairfect-paws-web/vendor/laravel/framework/src/Illuminate/View/View.php(208): Illuminate/View/Engines/CompilerEngine->get('C://Users//Jessa//...', Array)
#3 C:/Users/Jessa/Downloads/pairfect-paws-web (2)/pairfect-paws-web/vendor/laravel/framework/src/Illuminate/View/View.php(191): Illuminate/View/View->getContents()
#4 C:/Users/Jessa/Downloads/pairfect-paws-web (2)/pairfect-paws-web/vendor/laravel/framework/src/Illuminate/View/View.php(160): Illuminate/View/View->renderContents()
#5 C:/Users/Jessa/Downloads/pairfect-paws-web (2)/pairfect-paws-web/vendor/laravel/framework/src/Illuminate/Http/Response.php(78): Illuminate/View/View->render()
#6 C:/Users/Jessa/Downloads/pairfect-paws-web (2)/pairfect-paws-web/vendor/laravel/framework/src/Illuminate/Http/Response.php(34): Illuminate/Http/Response->setContent(Object(Illuminate/View/View))
#7 C:/Users/Jessa/Downloads/pairfect-paws-web (2)/pairfect-paws-web/vendor/laravel/framework/src/Illuminate/Routing/Router.php(939): Illuminate/Http/Response->__construct(Object(Illuminate/View/View), 200, Array)
#8 C:/Users/Jessa/Downloads/pairfect-paws-web (2)/pairfect-paws-web/vendor/laravel/framework/src/Illuminate/Routing/Router.php(906): Illuminate/Routing/Router::toResponse(Object(Illuminate/Http/Request), Object(Illuminate/View/View))
#9 C:/Users/Jessa/Downloads/pairfect-paws-web (2)/pairfect-paws-web/vendor/laravel/framework/src/Illuminate/Routing/Router.php(821): Illuminate/Routing/Router->prepareResponse(Object(Illuminate/Http/Request), Object(Illuminate/View/View))
#10 C:/Users/Jessa/Downloads/pairfect-paws-web (2)/pairfect-paws-web/vendor/laravel/framework/src/Illuminate/Pipeline/Pipeline.php(180): Illuminate/Routing/Router->Illuminate/Routing/{closure}(Object(Illuminate/Http/Request))
#11 C:/Users/Jessa/Downloads/pairfect-paws-web (2)/pairfect-paws-web/app/Http/Middleware/EnsureUserIsStaff.php(32): Illuminate/Pipeline/Pipeline->Illuminate/Pipeline/{closure}(Object(Illuminate/Http/Request))
#12 C:/Users/Jessa/Downloads/pairfect-paws-web (2)/pairfect-paws-web/vendor/laravel/framework/src/Illuminate/Pipeline/Pipeline.php(219): App/Http/Middleware/EnsureUserIsStaff->handle(Object(Illuminate/Http/Request), Object(Closure))
#13 C:/Users/Jessa/Downloads/pairfect-paws-web (2)/pairfect-paws-web/app/Http/Middleware/SecurityHeaders.php(19): Illuminate/Pipeline/Pipeline->Illuminate/Pipeline/{closure}(Object(Illuminate/Http/Request))
#14 C:/Users/Jessa/Downloads/pairfect-paws-web (2)/pairfect-paws-web/vendor/laravel/framework/src/Illuminate/Pipeline/Pipeline.php(219): App/Http/Middleware/SecurityHeaders->handle(Object(Illuminate/Http/Request), Object(Closure))
#15 C:/Users/Jessa/Downloads/pairfect-paws-web (2)/pairfect-paws-web/vendor/laravel/framework/src/Illuminate/Routing/Middleware/SubstituteBindings.php(50): Illuminate/Pipeline/Pipeline->Illuminate/Pipeline/{closure}(Object(Illuminate/Http/Request))
#16 C:/Users/Jessa/Downloads/pairfect-paws-web (2)/pairfect-paws-web/vendor/laravel/framework/src/Illuminate/Pipeline/Pipeline.php(219): Illuminate/Routing/Middleware/SubstituteBindings->handle(Object(Illuminate/Http/Request), Object(Closure))
#17 C:/Users/Jessa/Downloads/pairfect-paws-web (2)/pairfect-paws-web/vendor/laravel/framework/src/Illuminate/Auth/Middleware/Authenticate.php(63): Illuminate/Pipeline/Pipeline->Illuminate/Pipeline/{closure}(Object(Illuminate/Http/Request))
#18 C:/Users/Jessa/Downloads/pairfect-paws-web (2)/pairfect-paws-web/vendor/laravel/framework/src/Illuminate/Pipeline/Pipeline.php(219): Illuminate/Auth/Middleware/Authenticate->handle(Object(Illuminate/Http/Request), Object(Closure))
#19 C:/Users/Jessa/Downloads/pairfect-paws-web (2)/pairfect-paws-web/vendor/laravel/framework/src/Illuminate/Foundation/Http/Middleware/VerifyCsrfToken.php(87): Illuminate/Pipeline/Pipeline->Illuminate/Pipeline/{closure}(Object(Illuminate/Http/Request))
#20 C:/Users/Jessa/Downloads/pairfect-paws-web (2)/pairfect-paws-web/vendor/laravel/framework/src/Illuminate/Pipeline/Pipeline.php(219): Illuminate/Foundation/Http/Middleware/VerifyCsrfToken->handle(Object(Illuminate/Http/Request), Object(Closure))
#21 C:/Users/Jessa/Downloads/pairfect-paws-web (2)/pairfect-paws-web/vendor/laravel/framework/src/Illuminate/View/Middleware/ShareErrorsFromSession.php(48): Illuminate/Pipeline/Pipeline->Illuminate/Pipeline/{closure}(Object(Illuminate/Http/Request))
#22 C:/Users/Jessa/Downloads/pairfect-paws-web (2)/pairfect-paws-web/vendor/laravel/framework/src/Illuminate/Pipeline/Pipeline.php(219): Illuminate/View/Middleware/ShareErrorsFromSession->handle(Object(Illuminate/Http/Request), Object(Closure))
#23 C:/Users/Jessa/Downloads/pairfect-paws-web (2)/pairfect-paws-web/vendor/laravel/framework/src/Illuminate/Session/Middleware/StartSession.php(120): Illuminate/Pipeline/Pipeline->Illuminate/Pipeline/{closure}(Object(Illuminate/Http/Request))
#24 C:/Users/Jessa/Downloads/pairfect-paws-web (2)/pairfect-paws-web/vendor/laravel/framework/src/Illuminate/Session/Middleware/StartSession.php(63): Illuminate/Session/Middleware/StartSession->handleStatefulRequest(Object(Illuminate/Http/Request), Object(Illuminate/Session/EncryptedStore), Object(Closure))
#25 C:/Users/Jessa/Downloads/pairfect-paws-web (2)/pairfect-paws-web/vendor/laravel/framework/src/Illuminate/Pipeline/Pipeline.php(219): Illuminate/Session/Middleware/StartSession->handle(Object(Illuminate/Http/Request), Object(Closure))
#26 C:/Users/Jessa/Downloads/pairfect-paws-web (2)/pairfect-paws-web/vendor/laravel/framework/src/Illuminate/Cookie/Middleware/AddQueuedCookiesToResponse.php(36): Illuminate/Pipeline/Pipeline->Illuminate/Pipeline/{closure}(Object(Illuminate/Http/Request))
#27 C:/Users/Jessa/Downloads/pairfect-paws-web (2)/pairfect-paws-web/vendor/laravel/framework/src/Illuminate/Pipeline/Pipeline.php(219): Illuminate/Cookie/Middleware/AddQueuedCookiesToResponse->handle(Object(Illuminate/Http/Request), Object(Closure))
#28 C:/Users/Jessa/Downloads/pairfect-paws-web (2)/pairfect-paws-web/vendor/laravel/framework/src/Illuminate/Cookie/Middleware/EncryptCookies.php(74): Illuminate/Pipeline/Pipeline->Illuminate/Pipeline/{closure}(Object(Illuminate/Http/Request))
#29 C:/Users/Jessa/Downloads/pairfect-paws-web (2)/pairfect-paws-web/vendor/laravel/framework/src/Illuminate/Pipeline/Pipeline.php(219): Illuminate/Cookie/Middleware/EncryptCookies->handle(Object(Illuminate/Http/Request), Object(Closure))
#30 C:/Users/Jessa/Downloads/pairfect-paws-web (2)/pairfect-paws-web/vendor/laravel/framework/src/Illuminate/Pipeline/Pipeline.php(137): Illuminate/Pipeline/Pipeline->Illuminate/Pipeline/{closure}(Object(Illuminate/Http/Request))
#31 C:/Users/Jessa/Downloads/pairfect-paws-web (2)/pairfect-paws-web/vendor/laravel/framework/src/Illuminate/Routing/Router.php(821): Illuminate/Pipeline/Pipeline->then(Object(Closure))
#32 C:/Users/Jessa/Downloads/pairfect-paws-web (2)/pairfect-paws-web/vendor/laravel/framework/src/Illuminate/Routing/Router.php(800): Illuminate/Routing/Router->runRouteWithinStack(Object(Illuminate/Routing/Route), Object(Illuminate/Http/Request))
#33 C:/Users/Jessa/Downloads/pairfect-paws-web (2)/pairfect-paws-web/vendor/laravel/framework/src/Illuminate/Routing/Router.php(764): Illuminate/Routing/Router->runRoute(Object(Illuminate/Http/Request), Object(Illuminate/Routing/Route))
#34 C:/Users/Jessa/Downloads/pairfect-paws-web (2)/pairfect-paws-web/vendor/laravel/framework/src/Illuminate/Routing/Router.php(753): Illuminate/Routing/Router->dispatchToRoute(Object(Illuminate/Http/Request))
#35 C:/Users/Jessa/Downloads/pairfect-paws-web (2)/pairfect-paws-web/vendor/laravel/framework/src/Illuminate/Foundation/Http/Kernel.php(200): Illuminate/Routing/Router->dispatch(Object(Illuminate/Http/Request))
#36 C:/Users/Jessa/Downloads/pairfect-paws-web (2)/pairfect-paws-web/vendor/laravel/framework/src/Illuminate/Pipeline/Pipeline.php(180): Illuminate/Foundation/Http/Kernel->Illuminate/Foundation/Http/{closure}(Object(Illuminate/Http/Request))
#37 C:/Users/Jessa/Downloads/pairfect-paws-web (2)/pairfect-paws-web/vendor/laravel/framework/src/Illuminate/Foundation/Http/Middleware/TransformsRequest.php(21): Illuminate/Pipeline/Pipeline->Illuminate/Pipeline/{closure}(Object(Illuminate/Http/Request))
#38 C:/Users/Jessa/Downloads/pairfect-paws-web (2)/pairfect-paws-web/vendor/laravel/framework/src/Illuminate/Foundation/Http/Middleware/ConvertEmptyStringsToNull.php(31): Illuminate/Foundation/Http/Middleware/TransformsRequest->handle(Object(Illuminate/Http/Request), Object(Closure))
#39 C:/Users/Jessa/Downloads/pairfect-paws-web (2)/pairfect-paws-web/vendor/laravel/framework/src/Illuminate/Pipeline/Pipeline.php(219): Illuminate/Foundation/Http/Middleware/ConvertEmptyStringsToNull->handle(Object(Illuminate/Http/Request), Object(Closure))
#40 C:/Users/Jessa/Downloads/pairfect-paws-web (2)/pairfect-paws-web/vendor/laravel/framework/src/Illuminate/Foundation/Http/Middleware/TransformsRequest.php(21): Illuminate/Pipeline/Pipeline->Illuminate/Pipeline/{closure}(Object(Illuminate/Http/Request))
#41 C:/Users/Jessa/Downloads/pairfect-paws-web (2)/pairfect-paws-web/vendor/laravel/framework/src/Illuminate/Foundation/Http/Middleware/TrimStrings.php(51): Illuminate/Foundation/Http/Middleware/TransformsRequest->handle(Object(Illuminate/Http/Request), Object(Closure))
#42 C:/Users/Jessa/Downloads/pairfect-paws-web (2)/pairfect-paws-web/vendor/laravel/framework/src/Illuminate/Pipeline/Pipeline.php(219): Illuminate/Foundation/Http/Middleware/TrimStrings->handle(Object(Illuminate/Http/Request), Object(Closure))
#43 C:/Users/Jessa/Downloads/pairfect-paws-web (2)/pairfect-paws-web/vendor/laravel/framework/src/Illuminate/Http/Middleware/ValidatePostSize.php(27): Illuminate/Pipeline/Pipeline->Illuminate/Pipeline/{closure}(Object(Illuminate/Http/Request))
#44 C:/Users/Jessa/Downloads/pairfect-paws-web (2)/pairfect-paws-web/vendor/laravel/framework/src/Illuminate/Pipeline/Pipeline.php(219): Illuminate/Http/Middleware/ValidatePostSize->handle(Object(Illuminate/Http/Request), Object(Closure))
#45 C:/Users/Jessa/Downloads/pairfect-paws-web (2)/pairfect-paws-web/vendor/laravel/framework/src/Illuminate/Foundation/Http/Middleware/PreventRequestsDuringMaintenance.php(109): Illuminate/Pipeline/Pipeline->Illuminate/Pipeline/{closure}(Object(Illuminate/Http/Request))
#46 C:/Users/Jessa/Downloads/pairfect-paws-web (2)/pairfect-paws-web/vendor/laravel/framework/src/Illuminate/Pipeline/Pipeline.php(219): Illuminate/Foundation/Http/Middleware/PreventRequestsDuringMaintenance->handle(Object(Illuminate/Http/Request), Object(Closure))
#47 C:/Users/Jessa/Downloads/pairfect-paws-web (2)/pairfect-paws-web/vendor/laravel/framework/src/Illuminate/Http/Middleware/HandleCors.php(61): Illuminate/Pipeline/Pipeline->Illuminate/Pipeline/{closure}(Object(Illuminate/Http/Request))
#48 C:/Users/Jessa/Downloads/pairfect-paws-web (2)/pairfect-paws-web/vendor/laravel/framework/src/Illuminate/Pipeline/Pipeline.php(219): Illuminate/Http/Middleware/HandleCors->handle(Object(Illuminate/Http/Request), Object(Closure))
#49 C:/Users/Jessa/Downloads/pairfect-paws-web (2)/pairfect-paws-web/vendor/laravel/framework/src/Illuminate/Http/Middleware/TrustProxies.php(58): Illuminate/Pipeline/Pipeline->Illuminate/Pipeline/{closure}(Object(Illuminate/Http/Request))
#50 C:/Users/Jessa/Downloads/pairfect-paws-web (2)/pairfect-paws-web/vendor/laravel/framework/src/Illuminate/Pipeline/Pipeline.php(219): Illuminate/Http/Middleware/TrustProxies->handle(Object(Illuminate/Http/Request), Object(Closure))
#51 C:/Users/Jessa/Downloads/pairfect-paws-web (2)/pairfect-paws-web/vendor/laravel/framework/src/Illuminate/Foundation/Http/Middleware/InvokeDeferredCallbacks.php(22): Illuminate/Pipeline/Pipeline->Illuminate/Pipeline/{closure}(Object(Illuminate/Http/Request))
#52 C:/Users/Jessa/Downloads/pairfect-paws-web (2)/pairfect-paws-web/vendor/laravel/framework/src/Illuminate/Pipeline/Pipeline.php(219): Illuminate/Foundation/Http/Middleware/InvokeDeferredCallbacks->handle(Object(Illuminate/Http/Request), Object(Closure))
#53 C:/Users/Jessa/Downloads/pairfect-paws-web (2)/pairfect-paws-web/vendor/laravel/framework/src/Illuminate/Http/Middleware/ValidatePathEncoding.php(26): Illuminate/Pipeline/Pipeline->Illuminate/Pipeline/{closure}(Object(Illuminate/Http/Request))
#54 C:/Users/Jessa/Downloads/pairfect-paws-web (2)/pairfect-paws-web/vendor/laravel/framework/src/Illuminate/Pipeline/Pipeline.php(219): Illuminate/Http/Middleware/ValidatePathEncoding->handle(Object(Illuminate/Http/Request), Object(Closure))
#55 C:/Users/Jessa/Downloads/pairfect-paws-web (2)/pairfect-paws-web/vendor/laravel/framework/src/Illuminate/Pipeline/Pipeline.php(137): Illuminate/Pipeline/Pipeline->Illuminate/Pipeline/{closure}(Object(Illuminate/Http/Request))
#56 C:/Users/Jessa/Downloads/pairfect-paws-web (2)/pairfect-paws-web/vendor/laravel/framework/src/Illuminate/Foundation/Http/Kernel.php(175): Illuminate/Pipeline/Pipeline->then(Object(Closure))
#57 C:/Users/Jessa/Downloads/pairfect-paws-web (2)/pairfect-paws-web/vendor/laravel/framework/src/Illuminate/Foundation/Http/Kernel.php(144): Illuminate/Foundation/Http/Kernel->sendRequestThroughRouter(Object(Illuminate/Http/Request))
#58 C:/Users/Jessa/Downloads/pairfect-paws-web (2)/pairfect-paws-web/vendor/laravel/framework/src/Illuminate/Foundation/Application.php(1220): Illuminate/Foundation/Http/Kernel->handle(Object(Illuminate/Http/Request))
#59 C:/Users/Jessa/Downloads/pairfect-paws-web (2)/pairfect-paws-web/public/index.php(18): Illuminate/Foundation/Application->handleRequest(Object(Illuminate/Http/Request))
#60 C:/Users/Jessa/Downloads/pairfect-paws-web (2)/pairfect-paws-web/vendor/laravel/framework/src/Illuminate/Foundation/resources/server.php(23): require_once('C://Users//Jessa//...')
#61 {main}

[previous exception] [object] (ParseError(code: 0): Unclosed '[' on line 32 does not match ')' at C:/Users/Jessa/Downloads/pairfect-paws-web (2)/pairfect-paws-web/storage/framework/views/9e2d8e5460f8354eed8ccdcfe3b57311.php:33)
[stacktrace]
#0 C:/Users/Jessa/Downloads/pairfect-paws-web (2)/pairfect-paws-web/vendor/laravel/framework/src/Illuminate/Filesystem/Filesystem.php(124): Illuminate/Filesystem/Filesystem::Illuminate/Filesystem/{closure}()
#1 C:/Users/Jessa/Downloads/pairfect-paws-web (2)/pairfect-paws-web/vendor/laravel/framework/src/Illuminate/View/Engines/PhpEngine.php(57): Illuminate/Filesystem/Filesystem->getRequire('C://Users//Jessa//...', Array)
#2 C:/Users/Jessa/Downloads/pairfect-paws-web (2)/pairfect-paws-web/vendor/laravel/framework/src/Illuminate/View/Engines/CompilerEngine.php(76): Illuminate/View/Engines/PhpEngine->evaluatePath('C://Users//Jessa//...', Array)
#3 C:/Users/Jessa/Downloads/pairfect-paws-web (2)/pairfect-paws-web/vendor/laravel/framework/src/Illuminate/View/View.php(208): Illuminate/View/Engines/CompilerEngine->get('C://Users//Jessa//...', Array)
#4 C:/Users/Jessa/Downloads/pairfect-paws-web (2)/pairfect-paws-web/vendor/laravel/framework/src/Illuminate/View/View.php(191): Illuminate/View/View->getContents()
#5 C:/Users/Jessa/Downloads/pairfect-paws-web (2)/pairfect-paws-web/vendor/laravel/framework/src/Illuminate/View/View.php(160): Illuminate/View/View->renderContents()
#6 C:/Users/Jessa/Downloads/pairfect-paws-web (2)/pairfect-paws-web/vendor/laravel/framework/src/Illuminate/Http/Response.php(78): Illuminate/View/View->render()
#7 C:/Users/Jessa/Downloads/pairfect-paws-web (2)/pairfect-paws-web/vendor/laravel/framework/src/Illuminate/Http/Response.php(34): Illuminate/Http/Response->setContent(Object(Illuminate/View/View))
#8 C:/Users/Jessa/Downloads/pairfect-paws-web (2)/pairfect-paws-web/vendor/laravel/framework/src/Illuminate/Routing/Router.php(939): Illuminate/Http/Response->__construct(Object(Illuminate/View/View), 200, Array)
#9 C:/Users/Jessa/Downloads/pairfect-paws-web (2)/pairfect-paws-web/vendor/laravel/framework/src/Illuminate/Routing/Router.php(906): Illuminate/Routing/Router::toResponse(Object(Illuminate/Http/Request), Object(Illuminate/View/View))
#10 C:/Users/Jessa/Downloads/pairfect-paws-web (2)/pairfect-paws-web/vendor/laravel/framework/src/Illuminate/Routing/Router.php(821): Illuminate/Routing/Router->prepareResponse(Object(Illuminate/Http/Request), Object(Illuminate/View/View))
#11 C:/Users/Jessa/Downloads/pairfect-paws-web (2)/pairfect-paws-web/vendor/laravel/framework/src/Illuminate/Pipeline/Pipeline.php(180): Illuminate/Routing/Router->Illuminate/Routing/{closure}(Object(Illuminate/Http/Request))
#12 C:/Users/Jessa/Downloads/pairfect-paws-web (2)/pairfect-paws-web/app/Http/Middleware/EnsureUserIsStaff.php(32): Illuminate/Pipeline/Pipeline->Illuminate/Pipeline/{closure}(Object(Illuminate/Http/Request))
#13 C:/Users/Jessa/Downloads/pairfect-paws-web (2)/pairfect-paws-web/vendor/laravel/framework/src/Illuminate/Pipeline/Pipeline.php(219): App/Http/Middleware/EnsureUserIsStaff->handle(Object(Illuminate/Http/Request), Object(Closure))
#14 C:/Users/Jessa/Downloads/pairfect-paws-web (2)/pairfect-paws-web/app/Http/Middleware/SecurityHeaders.php(19): Illuminate/Pipeline/Pipeline->Illuminate/Pipeline/{closure}(Object(Illuminate/Http/Request))
#15 C:/Users/Jessa/Downloads/pairfect-paws-web (2)/pairfect-paws-web/vendor/laravel/framework/src/Illuminate/Pipeline/Pipeline.php(219): App/Http/Middleware/SecurityHeaders->handle(Object(Illuminate/Http/Request), Object(Closure))
#16 C:/Users/Jessa/Downloads/pairfect-paws-web (2)/pairfect-paws-web/vendor/laravel/framework/src/Illuminate/Routing/Middleware/SubstituteBindings.php(50): Illuminate/Pipeline/Pipeline->Illuminate/Pipeline/{closure}(Object(Illuminate/Http/Request))
#17 C:/Users/Jessa/Downloads/pairfect-paws-web (2)/pairfect-paws-web/vendor/laravel/framework/src/Illuminate/Pipeline/Pipeline.php(219): Illuminate/Routing/Middleware/SubstituteBindings->handle(Object(Illuminate/Http/Request), Object(Closure))
#18 C:/Users/Jessa/Downloads/pairfect-paws-web (2)/pairfect-paws-web/vendor/laravel/framework/src/Illuminate/Auth/Middleware/Authenticate.php(63): Illuminate/Pipeline/Pipeline->Illuminate/Pipeline/{closure}(Object(Illuminate/Http/Request))
#19 C:/Users/Jessa/Downloads/pairfect-paws-web (2)/pairfect-paws-web/vendor/laravel/framework/src/Illuminate/Pipeline/Pipeline.php(219): Illuminate/Auth/Middleware/Authenticate->handle(Object(Illuminate/Http/Request), Object(Closure))
#20 C:/Users/Jessa/Downloads/pairfect-paws-web (2)/pairfect-paws-web/vendor/laravel/framework/src/Illuminate/Foundation/Http/Middleware/VerifyCsrfToken.php(87): Illuminate/Pipeline/Pipeline->Illuminate/Pipeline/{closure}(Object(Illuminate/Http/Request))
#21 C:/Users/Jessa/Downloads/pairfect-paws-web (2)/pairfect-paws-web/vendor/laravel/framework/src/Illuminate/Pipeline/Pipeline.php(219): Illuminate/Foundation/Http/Middleware/VerifyCsrfToken->handle(Object(Illuminate/Http/Request), Object(Closure))
#22 C:/Users/Jessa/Downloads/pairfect-paws-web (2)/pairfect-paws-web/vendor/laravel/framework/src/Illuminate/View/Middleware/ShareErrorsFromSession.php(48): Illuminate/Pipeline/Pipeline->Illuminate/Pipeline/{closure}(Object(Illuminate/Http/Request))
#23 C:/Users/Jessa/Downloads/pairfect-paws-web (2)/pairfect-paws-web/vendor/laravel/framework/src/Illuminate/Pipeline/Pipeline.php(219): Illuminate/View/Middleware/ShareErrorsFromSession->handle(Object(Illuminate/Http/Request), Object(Closure))
#24 C:/Users/Jessa/Downloads/pairfect-paws-web (2)/pairfect-paws-web/vendor/laravel/framework/src/Illuminate/Session/Middleware/StartSession.php(120): Illuminate/Pipeline/Pipeline->Illuminate/Pipeline/{closure}(Object(Illuminate/Http/Request))
#25 C:/Users/Jessa/Downloads/pairfect-paws-web (2)/pairfect-paws-web/vendor/laravel/framework/src/Illuminate/Session/Middleware/StartSession.php(63): Illuminate/Session/Middleware/StartSession->handleStatefulRequest(Object(Illuminate/Http/Request), Object(Illuminate/Session/EncryptedStore), Object(Closure))
#26 C:/Users/Jessa/Downloads/pairfect-paws-web (2)/pairfect-paws-web/vendor/laravel/framework/src/Illuminate/Pipeline/Pipeline.php(219): Illuminate/Session/Middleware/StartSession->handle(Object(Illuminate/Http/Request), Object(Closure))
#27 C:/Users/Jessa/Downloads/pairfect-paws-web (2)/pairfect-paws-web/vendor/laravel/framework/src/Illuminate/Cookie/Middleware/AddQueuedCookiesToResponse.php(36): Illuminate/Pipeline/Pipeline->Illuminate/Pipeline/{closure}(Object(Illuminate/Http/Request))
#28 C:/Users/Jessa/Downloads/pairfect-paws-web (2)/pairfect-paws-web/vendor/laravel/framework/src/Illuminate/Pipeline/Pipeline.php(219): Illuminate/Cookie/Middleware/AddQueuedCookiesToResponse->handle(Object(Illuminate/Http/Request), Object(Closure))
#29 C:/Users/Jessa/Downloads/pairfect-paws-web (2)/pairfect-paws-web/vendor/laravel/framework/src/Illuminate/Cookie/Middleware/EncryptCookies.php(74): Illuminate/Pipeline/Pipeline->Illuminate/Pipeline/{closure}(Object(Illuminate/Http/Request))
#30 C:/Users/Jessa/Downloads/pairfect-paws-web (2)/pairfect-paws-web/vendor/laravel/framework/src/Illuminate/Pipeline/Pipeline.php(219): Illuminate/Cookie/Middleware/EncryptCookies->handle(Object(Illuminate/Http/Request), Object(Closure))
#31 C:/Users/Jessa/Downloads/pairfect-paws-web (2)/pairfect-paws-web/vendor/laravel/framework/src/Illuminate/Pipeline/Pipeline.php(137): Illuminate/Pipeline/Pipeline->Illuminate/Pipeline/{closure}(Object(Illuminate/Http/Request))
#32 C:/Users/Jessa/Downloads/pairfect-paws-web (2)/pairfect-paws-web/vendor/laravel/framework/src/Illuminate/Routing/Router.php(821): Illuminate/Pipeline/Pipeline->then(Object(Closure))
#33 C:/Users/Jessa/Downloads/pairfect-paws-web (2)/pairfect-paws-web/vendor/laravel/framework/src/Illuminate/Routing/Router.php(800): Illuminate/Routing/Router->runRouteWithinStack(Object(Illuminate/Routing/Route), Object(Illuminate/Http/Request))
#34 C:/Users/Jessa/Downloads/pairfect-paws-web (2)/pairfect-paws-web/vendor/laravel/framework/src/Illuminate/Routing/Router.php(764): Illuminate/Routing/Router->runRoute(Object(Illuminate/Http/Request), Object(Illuminate/Routing/Route))
#35 C:/Users/Jessa/Downloads/pairfect-paws-web (2)/pairfect-paws-web/vendor/laravel/framework/src/Illuminate/Routing/Router.php(753): Illuminate/Routing/Router->dispatchToRoute(Object(Illuminate/Http/Request))
#36 C:/Users/Jessa/Downloads/pairfect-paws-web (2)/pairfect-paws-web/vendor/laravel/framework/src/Illuminate/Foundation/Http/Kernel.php(200): Illuminate/Routing/Router->dispatch(Object(Illuminate/Http/Request))
#37 C:/Users/Jessa/Downloads/pairfect-paws-web (2)/pairfect-paws-web/vendor/laravel/framework/src/Illuminate/Pipeline/Pipeline.php(180): Illuminate/Foundation/Http/Kernel->Illuminate/Foundation/Http/{closure}(Object(Illuminate/Http/Request))
#38 C:/Users/Jessa/Downloads/pairfect-paws-web (2)/pairfect-paws-web/vendor/laravel/framework/src/Illuminate/Foundation/Http/Middleware/TransformsRequest.php(21): Illuminate/Pipeline/Pipeline->Illuminate/Pipeline/{closure}(Object(Illuminate/Http/Request))
#39 C:/Users/Jessa/Downloads/pairfect-paws-web (2)/pairfect-paws-web/vendor/laravel/framework/src/Illuminate/Foundation/Http/Middleware/ConvertEmptyStringsToNull.php(31): Illuminate/Foundation/Http/Middleware/TransformsRequest->handle(Object(Illuminate/Http/Request), Object(Closure))
#40 C:/Users/Jessa/Downloads/pairfect-paws-web (2)/pairfect-paws-web/vendor/laravel/framework/src/Illuminate/Pipeline/Pipeline.php(219): Illuminate/Foundation/Http/Middleware/ConvertEmptyStringsToNull->handle(Object(Illuminate/Http/Request), Object(Closure))
#41 C:/Users/Jessa/Downloads/pairfect-paws-web (2)/pairfect-paws-web/vendor/laravel/framework/src/Illuminate/Foundation/Http/Middleware/TransformsRequest.php(21): Illuminate/Pipeline/Pipeline->Illuminate/Pipeline/{closure}(Object(Illuminate/Http/Request))
#42 C:/Users/Jessa/Downloads/pairfect-paws-web (2)/pairfect-paws-web/vendor/laravel/framework/src/Illuminate/Foundation/Http/Middleware/TrimStrings.php(51): Illuminate/Foundation/Http/Middleware/TransformsRequest->handle(Object(Illuminate/Http/Request), Object(Closure))
#43 C:/Users/Jessa/Downloads/pairfect-paws-web (2)/pairfect-paws-web/vendor/laravel/framework/src/Illuminate/Pipeline/Pipeline.php(219): Illuminate/Foundation/Http/Middleware/TrimStrings->handle(Object(Illuminate/Http/Request), Object(Closure))
#44 C:/Users/Jessa/Downloads/pairfect-paws-web (2)/pairfect-paws-web/vendor/laravel/framework/src/Illuminate/Http/Middleware/ValidatePostSize.php(27): Illuminate/Pipeline/Pipeline->Illuminate/Pipeline/{closure}(Object(Illuminate/Http/Request))
#45 C:/Users/Jessa/Downloads/pairfect-paws-web (2)/pairfect-paws-web/vendor/laravel/framework/src/Illuminate/Pipeline/Pipeline.php(219): Illuminate/Http/Middleware/ValidatePostSize->handle(Object(Illuminate/Http/Request), Object(Closure))
#46 C:/Users/Jessa/Downloads/pairfect-paws-web (2)/pairfect-paws-web/vendor/laravel/framework/src/Illuminate/Foundation/Http/Middleware/PreventRequestsDuringMaintenance.php(109): Illuminate/Pipeline/Pipeline->Illuminate/Pipeline/{closure}(Object(Illuminate/Http/Request))
#47 C:/Users/Jessa/Downloads/pairfect-paws-web (2)/pairfect-paws-web/vendor/laravel/framework/src/Illuminate/Pipeline/Pipeline.php(219): Illuminate/Foundation/Http/Middleware/PreventRequestsDuringMaintenance->handle(Object(Illuminate/Http/Request), Object(Closure))
#48 C:/Users/Jessa/Downloads/pairfect-paws-web (2)/pairfect-paws-web/vendor/laravel/framework/src/Illuminate/Http/Middleware/HandleCors.php(61): Illuminate/Pipeline/Pipeline->Illuminate/Pipeline/{closure}(Object(Illuminate/Http/Request))
#49 C:/Users/Jessa/Downloads/pairfect-paws-web (2)/pairfect-paws-web/vendor/laravel/framework/src/Illuminate/Pipeline/Pipeline.php(219): Illuminate/Http/Middleware/HandleCors->handle(Object(Illuminate/Http/Request), Object(Closure))
#50 C:/Users/Jessa/Downloads/pairfect-paws-web (2)/pairfect-paws-web/vendor/laravel/framework/src/Illuminate/Http/Middleware/TrustProxies.php(58): Illuminate/Pipeline/Pipeline->Illuminate/Pipeline/{closure}(Object(Illuminate/Http/Request))
#51 C:/Users/Jessa/Downloads/pairfect-paws-web (2)/pairfect-paws-web/vendor/laravel/framework/src/Illuminate/Pipeline/Pipeline.php(219): Illuminate/Http/Middleware/TrustProxies->handle(Object(Illuminate/Http/Request), Object(Closure))
#52 C:/Users/Jessa/Downloads/pairfect-paws-web (2)/pairfect-paws-web/vendor/laravel/framework/src/Illuminate/Foundation/Http/Middleware/InvokeDeferredCallbacks.php(22): Illuminate/Pipeline/Pipeline->Illuminate/Pipeline/{closure}(Object(Illuminate/Http/Request))
#53 C:/Users/Jessa/Downloads/pairfect-paws-web (2)/pairfect-paws-web/vendor/laravel/framework/src/Illuminate/Pipeline/Pipeline.php(219): Illuminate/Foundation/Http/Middleware/InvokeDeferredCallbacks->handle(Object(Illuminate/Http/Request), Object(Closure))
#54 C:/Users/Jessa/Downloads/pairfect-paws-web (2)/pairfect-paws-web/vendor/laravel/framework/src/Illuminate/Http/Middleware/ValidatePathEncoding.php(26): Illuminate/Pipeline/Pipeline->Illuminate/Pipeline/{closure}(Object(Illuminate/Http/Request))
#55 C:/Users/Jessa/Downloads/pairfect-paws-web (2)/pairfect-paws-web/vendor/laravel/framework/src/Illuminate/Pipeline/Pipeline.php(219): Illuminate/Http/Middleware/ValidatePathEncoding->handle(Object(Illuminate/Http/Request), Object(Closure))
#56 C:/Users/Jessa/Downloads/pairfect-paws-web (2)/pairfect-paws-web/vendor/laravel/framework/src/Illuminate/Pipeline/Pipeline.php(137): Illuminate/Pipeline/Pipeline->Illuminate/Pipeline/{closure}(Object(Illuminate/Http/Request))
#57 C:/Users/Jessa/Downloads/pairfect-paws-web (2)/pairfect-paws-web/vendor/laravel/framework/src/Illuminate/Foundation/Http/Kernel.php(175): Illuminate/Pipeline/Pipeline->then(Object(Closure))
#58 C:/Users/Jessa/Downloads/pairfect-paws-web (2)/pairfect-paws-web/vendor/laravel/framework/src/Illuminate/Foundation/Http/Kernel.php(144): Illuminate/Foundation/Http/Kernel->sendRequestThroughRouter(Object(Illuminate/Http/Request))
#59 C:/Users/Jessa/Downloads/pairfect-paws-web (2)/pairfect-paws-web/vendor/laravel/framework/src/Illuminate/Foundation/Application.php(1220): Illuminate/Foundation/Http/Kernel->handle(Object(Illuminate/Http/Request))
#60 C:/Users/Jessa/Downloads/pairfect-paws-web (2)/pairfect-paws-web/public/index.php(18): Illuminate/Foundation/Application->handleRequest(Object(Illuminate/Http/Request))
#61 C:/Users/Jessa/Downloads/pairfect-paws-web (2)/pairfect-paws-web/vendor/laravel/framework/src/Illuminate/Foundation/resources/server.php(23): require_once('C://Users//Jessa//...')
#62 {main}
"} 
[2026-08-05 01:43:09] local.ERROR: Unclosed '[' does not match ')' (View: C:\Users\Jessa\Downloads\pairfect-paws-web (2)\pairfect-paws-web\resources\views\admin\volunteer\index.blade.php) {"userId":2,"exception":"[object] (Illuminate\\View\\ViewException(code: 0): Unclosed '[' does not match ')' (View: C:\\Users\\Jessa\\Downloads\\pairfect-paws-web (2)\\pairfect-paws-web\\resources\\views\\admin\\volunteer\\index.blade.php) at C:/Users/Jessa/Downloads/pairfect-paws-web (2)/pairfect-paws-web/storage/framework/views/9e2d8e5460f8354eed8ccdcfe3b57311.php:31)
[stacktrace]
#0 C:/Users/Jessa/Downloads/pairfect-paws-web (2)/pairfect-paws-web/vendor/laravel/framework/src/Illuminate/View/Engines/PhpEngine.php(59): Illuminate/View/Engines/CompilerEngine->handleViewException(Object(ParseError), 1)
#1 C:/Users/Jessa/Downloads/pairfect-paws-web (2)/pairfect-paws-web/vendor/laravel/framework/src/Illuminate/View/Engines/CompilerEngine.php(76): Illuminate/View/Engines/PhpEngine->evaluatePath('C://Users//Jessa//...', Array)
#2 C:/Users/Jessa/Downloads/pairfect-paws-web (2)/pairfect-paws-web/vendor/laravel/framework/src/Illuminate/View/View.php(208): Illuminate/View/Engines/CompilerEngine->get('C://Users//Jessa//...', Array)
#3 C:/Users/Jessa/Downloads/pairfect-paws-web (2)/pairfect-paws-web/vendor/laravel/framework/src/Illuminate/View/View.php(191): Illuminate/View/View->getContents()
#4 C:/Users/Jessa/Downloads/pairfect-paws-web (2)/pairfect-paws-web/vendor/laravel/framework/src/Illuminate/View/View.php(160): Illuminate/View/View->renderContents()
#5 C:/Users/Jessa/Downloads/pairfect-paws-web (2)/pairfect-paws-web/vendor/laravel/framework/src/Illuminate/Http/Response.php(78): Illuminate/View/View->render()
#6 C:/Users/Jessa/Downloads/pairfect-paws-web (2)/pairfect-paws-web/vendor/laravel/framework/src/Illuminate/Http/Response.php(34): Illuminate/Http/Response->setContent(Object(Illuminate/View/View))
#7 C:/Users/Jessa/Downloads/pairfect-paws-web (2)/pairfect-paws-web/vendor/laravel/framework/src/Illuminate/Routing/Router.php(939): Illuminate/Http/Response->__construct(Object(Illuminate/View/View), 200, Array)
#8 C:/Users/Jessa/Downloads/pairfect-paws-web (2)/pairfect-paws-web/vendor/laravel/framework/src/Illuminate/Routing/Router.php(906): Illuminate/Routing/Router::toResponse(Object(Illuminate/Http/Request), Object(Illuminate/View/View))
#9 C:/Users/Jessa/Downloads/pairfect-paws-web (2)/pairfect-paws-web/vendor/laravel/framework/src/Illuminate/Routing/Router.php(821): Illuminate/Routing/Router->prepareResponse(Object(Illuminate/Http/Request), Object(Illuminate/View/View))
#10 C:/Users/Jessa/Downloads/pairfect-paws-web (2)/pairfect-paws-web/vendor/laravel/framework/src/Illuminate/Pipeline/Pipeline.php(180): Illuminate/Routing/Router->Illuminate/Routing/{closure}(Object(Illuminate/Http/Request))
#11 C:/Users/Jessa/Downloads/pairfect-paws-web (2)/pairfect-paws-web/app/Http/Middleware/EnsureUserIsStaff.php(32): Illuminate/Pipeline/Pipeline->Illuminate/Pipeline/{closure}(Object(Illuminate/Http/Request))
#12 C:/Users/Jessa/Downloads/pairfect-paws-web (2)/pairfect-paws-web/vendor/laravel/framework/src/Illuminate/Pipeline/Pipeline.php(219): App/Http/Middleware/EnsureUserIsStaff->handle(Object(Illuminate/Http/Request), Object(Closure))
#13 C:/Users/Jessa/Downloads/pairfect-paws-web (2)/pairfect-paws-web/app/Http/Middleware/SecurityHeaders.php(19): Illuminate/Pipeline/Pipeline->Illuminate/Pipeline/{closure}(Object(Illuminate/Http/Request))
#14 C:/Users/Jessa/Downloads/pairfect-paws-web (2)/pairfect-paws-web/vendor/laravel/framework/src/Illuminate/Pipeline/Pipeline.php(219): App/Http/Middleware/SecurityHeaders->handle(Object(Illuminate/Http/Request), Object(Closure))
#15 C:/Users/Jessa/Downloads/pairfect-paws-web (2)/pairfect-paws-web/vendor/laravel/framework/src/Illuminate/Routing/Middleware/SubstituteBindings.php(50): Illuminate/Pipeline/Pipeline->Illuminate/Pipeline/{closure}(Object(Illuminate/Http/Request))
#16 C:/Users/Jessa/Downloads/pairfect-paws-web (2)/pairfect-paws-web/vendor/laravel/framework/src/Illuminate/Pipeline/Pipeline.php(219): Illuminate/Routing/Middleware/SubstituteBindings->handle(Object(Illuminate/Http/Request), Object(Closure))
#17 C:/Users/Jessa/Downloads/pairfect-paws-web (2)/pairfect-paws-web/vendor/laravel/framework/src/Illuminate/Auth/Middleware/Authenticate.php(63): Illuminate/Pipeline/Pipeline->Illuminate/Pipeline/{closure}(Object(Illuminate/Http/Request))
#18 C:/Users/Jessa/Downloads/pairfect-paws-web (2)/pairfect-paws-web/vendor/laravel/framework/src/Illuminate/Pipeline/Pipeline.php(219): Illuminate/Auth/Middleware/Authenticate->handle(Object(Illuminate/Http/Request), Object(Closure))
#19 C:/Users/Jessa/Downloads/pairfect-paws-web (2)/pairfect-paws-web/vendor/laravel/framework/src/Illuminate/Foundation/Http/Middleware/VerifyCsrfToken.php(87): Illuminate/Pipeline/Pipeline->Illuminate/Pipeline/{closure}(Object(Illuminate/Http/Request))
#20 C:/Users/Jessa/Downloads/pairfect-paws-web (2)/pairfect-paws-web/vendor/laravel/framework/src/Illuminate/Pipeline/Pipeline.php(219): Illuminate/Foundation/Http/Middleware/VerifyCsrfToken->handle(Object(Illuminate/Http/Request), Object(Closure))
#21 C:/Users/Jessa/Downloads/pairfect-paws-web (2)/pairfect-paws-web/vendor/laravel/framework/src/Illuminate/View/Middleware/ShareErrorsFromSession.php(48): Illuminate/Pipeline/Pipeline->Illuminate/Pipeline/{closure}(Object(Illuminate/Http/Request))
#22 C:/Users/Jessa/Downloads/pairfect-paws-web (2)/pairfect-paws-web/vendor/laravel/framework/src/Illuminate/Pipeline/Pipeline.php(219): Illuminate/View/Middleware/ShareErrorsFromSession->handle(Object(Illuminate/Http/Request), Object(Closure))
#23 C:/Users/Jessa/Downloads/pairfect-paws-web (2)/pairfect-paws-web/vendor/laravel/framework/src/Illuminate/Session/Middleware/StartSession.php(120): Illuminate/Pipeline/Pipeline->Illuminate/Pipeline/{closure}(Object(Illuminate/Http/Request))
#24 C:/Users/Jessa/Downloads/pairfect-paws-web (2)/pairfect-paws-web/vendor/laravel/framework/src/Illuminate/Session/Middleware/StartSession.php(63): Illuminate/Session/Middleware/StartSession->handleStatefulRequest(Object(Illuminate/Http/Request), Object(Illuminate/Session/EncryptedStore), Object(Closure))
#25 C:/Users/Jessa/Downloads/pairfect-paws-web (2)/pairfect-paws-web/vendor/laravel/framework/src/Illuminate/Pipeline/Pipeline.php(219): Illuminate/Session/Middleware/StartSession->handle(Object(Illuminate/Http/Request), Object(Closure))
#26 C:/Users/Jessa/Downloads/pairfect-paws-web (2)/pairfect-paws-web/vendor/laravel/framework/src/Illuminate/Cookie/Middleware/AddQueuedCookiesToResponse.php(36): Illuminate/Pipeline/Pipeline->Illuminate/Pipeline/{closure}(Object(Illuminate/Http/Request))
#27 C:/Users/Jessa/Downloads/pairfect-paws-web (2)/pairfect-paws-web/vendor/laravel/framework/src/Illuminate/Pipeline/Pipeline.php(219): Illuminate/Cookie/Middleware/AddQueuedCookiesToResponse->handle(Object(Illuminate/Http/Request), Object(Closure))
#28 C:/Users/Jessa/Downloads/pairfect-paws-web (2)/pairfect-paws-web/vendor/laravel/framework/src/Illuminate/Cookie/Middleware/EncryptCookies.php(74): Illuminate/Pipeline/Pipeline->Illuminate/Pipeline/{closure}(Object(Illuminate/Http/Request))
#29 C:/Users/Jessa/Downloads/pairfect-paws-web (2)/pairfect-paws-web/vendor/laravel/framework/src/Illuminate/Pipeline/Pipeline.php(219): Illuminate/Cookie/Middleware/EncryptCookies->handle(Object(Illuminate/Http/Request), Object(Closure))
#30 C:/Users/Jessa/Downloads/pairfect-paws-web (2)/pairfect-paws-web/vendor/laravel/framework/src/Illuminate/Pipeline/Pipeline.php(137): Illuminate/Pipeline/Pipeline->Illuminate/Pipeline/{closure}(Object(Illuminate/Http/Request))
#31 C:/Users/Jessa/Downloads/pairfect-paws-web (2)/pairfect-paws-web/vendor/laravel/framework/src/Illuminate/Routing/Router.php(821): Illuminate/Pipeline/Pipeline->then(Object(Closure))
#32 C:/Users/Jessa/Downloads/pairfect-paws-web (2)/pairfect-paws-web/vendor/laravel/framework/src/Illuminate/Routing/Router.php(800): Illuminate/Routing/Router->runRouteWithinStack(Object(Illuminate/Routing/Route), Object(Illuminate/Http/Request))
#33 C:/Users/Jessa/Downloads/pairfect-paws-web (2)/pairfect-paws-web/vendor/laravel/framework/src/Illuminate/Routing/Router.php(764): Illuminate/Routing/Router->runRoute(Object(Illuminate/Http/Request), Object(Illuminate/Routing/Route))
#34 C:/Users/Jessa/Downloads/pairfect-paws-web (2)/pairfect-paws-web/vendor/laravel/framework/src/Illuminate/Routing/Router.php(753): Illuminate/Routing/Router->dispatchToRoute(Object(Illuminate/Http/Request))
#35 C:/Users/Jessa/Downloads/pairfect-paws-web (2)/pairfect-paws-web/vendor/laravel/framework/src/Illuminate/Foundation/Http/Kernel.php(200): Illuminate/Routing/Router->dispatch(Object(Illuminate/Http/Request))
#36 C:/Users/Jessa/Downloads/pairfect-paws-web (2)/pairfect-paws-web/vendor/laravel/framework/src/Illuminate/Pipeline/Pipeline.php(180): Illuminate/Foundation/Http/Kernel->Illuminate/Foundation/Http/{closure}(Object(Illuminate/Http/Request))
#37 C:/Users/Jessa/Downloads/pairfect-paws-web (2)/pairfect-paws-web/vendor/laravel/framework/src/Illuminate/Foundation/Http/Middleware/TransformsRequest.php(21): Illuminate/Pipeline/Pipeline->Illuminate/Pipeline/{closure}(Object(Illuminate/Http/Request))
#38 C:/Users/Jessa/Downloads/pairfect-paws-web (2)/pairfect-paws-web/vendor/laravel/framework/src/Illuminate/Foundation/Http/Middleware/ConvertEmptyStringsToNull.php(31): Illuminate/Foundation/Http/Middleware/TransformsRequest->handle(Object(Illuminate/Http/Request), Object(Closure))
#39 C:/Users/Jessa/Downloads/pairfect-paws-web (2)/pairfect-paws-web/vendor/laravel/framework/src/Illuminate/Pipeline/Pipeline.php(219): Illuminate/Foundation/Http/Middleware/ConvertEmptyStringsToNull->handle(Object(Illuminate/Http/Request), Object(Closure))
#40 C:/Users/Jessa/Downloads/pairfect-paws-web (2)/pairfect-paws-web/vendor/laravel/framework/src/Illuminate/Foundation/Http/Middleware/TransformsRequest.php(21): Illuminate/Pipeline/Pipeline->Illuminate/Pipeline/{closure}(Object(Illuminate/Http/Request))
#41 C:/Users/Jessa/Downloads/pairfect-paws-web (2)/pairfect-paws-web/vendor/laravel/framework/src/Illuminate/Foundation/Http/Middleware/TrimStrings.php(51): Illuminate/Foundation/Http/Middleware/TransformsRequest->handle(Object(Illuminate/Http/Request), Object(Closure))
#42 C:/Users/Jessa/Downloads/pairfect-paws-web (2)/pairfect-paws-web/vendor/laravel/framework/src/Illuminate/Pipeline/Pipeline.php(219): Illuminate/Foundation/Http/Middleware/TrimStrings->handle(Object(Illuminate/Http/Request), Object(Closure))
#43 C:/Users/Jessa/Downloads/pairfect-paws-web (2)/pairfect-paws-web/vendor/laravel/framework/src/Illuminate/Http/Middleware/ValidatePostSize.php(27): Illuminate/Pipeline/Pipeline->Illuminate/Pipeline/{closure}(Object(Illuminate/Http/Request))
#44 C:/Users/Jessa/Downloads/pairfect-paws-web (2)/pairfect-paws-web/vendor/laravel/framework/src/Illuminate/Pipeline/Pipeline.php(219): Illuminate/Http/Middleware/ValidatePostSize->handle(Object(Illuminate/Http/Request), Object(Closure))
#45 C:/Users/Jessa/Downloads/pairfect-paws-web (2)/pairfect-paws-web/vendor/laravel/framework/src/Illuminate/Foundation/Http/Middleware/PreventRequestsDuringMaintenance.php(109): Illuminate/Pipeline/Pipeline->Illuminate/Pipeline/{closure}(Object(Illuminate/Http/Request))
#46 C:/Users/Jessa/Downloads/pairfect-paws-web (2)/pairfect-paws-web/vendor/laravel/framework/src/Illuminate/Pipeline/Pipeline.php(219): Illuminate/Foundation/Http/Middleware/PreventRequestsDuringMaintenance->handle(Object(Illuminate/Http/Request), Object(Closure))
#47 C:/Users/Jessa/Downloads/pairfect-paws-web (2)/pairfect-paws-web/vendor/laravel/framework/src/Illuminate/Http/Middleware/HandleCors.php(61): Illuminate/Pipeline/Pipeline->Illuminate/Pipeline/{closure}(Object(Illuminate/Http/Request))
#48 C:/Users/Jessa/Downloads/pairfect-paws-web (2)/pairfect-paws-web/vendor/laravel/framework/src/Illuminate/Pipeline/Pipeline.php(219): Illuminate/Http/Middleware/HandleCors->handle(Object(Illuminate/Http/Request), Object(Closure))
#49 C:/Users/Jessa/Downloads/pairfect-paws-web (2)/pairfect-paws-web/vendor/laravel/framework/src/Illuminate/Http/Middleware/TrustProxies.php(58): Illuminate/Pipeline/Pipeline->Illuminate/Pipeline/{closure}(Object(Illuminate/Http/Request))
#50 C:/Users/Jessa/Downloads/pairfect-paws-web (2)/pairfect-paws-web/vendor/laravel/framework/src/Illuminate/Pipeline/Pipeline.php(219): Illuminate/Http/Middleware/TrustProxies->handle(Object(Illuminate/Http/Request), Object(Closure))
#51 C:/Users/Jessa/Downloads/pairfect-paws-web (2)/pairfect-paws-web/vendor/laravel/framework/src/Illuminate/Foundation/Http/Middleware/InvokeDeferredCallbacks.php(22): Illuminate/Pipeline/Pipeline->Illuminate/Pipeline/{closure}(Object(Illuminate/Http/Request))
#52 C:/Users/Jessa/Downloads/pairfect-paws-web (2)/pairfect-paws-web/vendor/laravel/framework/src/Illuminate/Pipeline/Pipeline.php(219): Illuminate/Foundation/Http/Middleware/InvokeDeferredCallbacks->handle(Object(Illuminate/Http/Request), Object(Closure))
#53 C:/Users/Jessa/Downloads/pairfect-paws-web (2)/pairfect-paws-web/vendor/laravel/framework/src/Illuminate/Http/Middleware/ValidatePathEncoding.php(26): Illuminate/Pipeline/Pipeline->Illuminate/Pipeline/{closure}(Object(Illuminate/Http/Request))
#54 C:/Users/Jessa/Downloads/pairfect-paws-web (2)/pairfect-paws-web/vendor/laravel/framework/src/Illuminate/Pipeline/Pipeline.php(219): Illuminate/Http/Middleware/ValidatePathEncoding->handle(Object(Illuminate/Http/Request), Object(Closure))
#55 C:/Users/Jessa/Downloads/pairfect-paws-web (2)/pairfect-paws-web/vendor/laravel/framework/src/Illuminate/Pipeline/Pipeline.php(137): Illuminate/Pipeline/Pipeline->Illuminate/Pipeline/{closure}(Object(Illuminate/Http/Request))
#56 C:/Users/Jessa/Downloads/pairfect-paws-web (2)/pairfect-paws-web/vendor/laravel/framework/src/Illuminate/Foundation/Http/Kernel.php(175): Illuminate/Pipeline/Pipeline->then(Object(Closure))
#57 C:/Users/Jessa/Downloads/pairfect-paws-web (2)/pairfect-paws-web/vendor/laravel/framework/src/Illuminate/Foundation/Http/Kernel.php(144): Illuminate/Foundation/Http/Kernel->sendRequestThroughRouter(Object(Illuminate/Http/Request))
#58 C:/Users/Jessa/Downloads/pairfect-paws-web (2)/pairfect-paws-web/vendor/laravel/framework/src/Illuminate/Foundation/Application.php(1220): Illuminate/Foundation/Http/Kernel->handle(Object(Illuminate/Http/Request))
#59 C:/Users/Jessa/Downloads/pairfect-paws-web (2)/pairfect-paws-web/public/index.php(18): Illuminate/Foundation/Application->handleRequest(Object(Illuminate/Http/Request))
#60 C:/Users/Jessa/Downloads/pairfect-paws-web (2)/pairfect-paws-web/vendor/laravel/framework/src/Illuminate/Foundation/resources/server.php(23): require_once('C://Users//Jessa//...')
#61 {main}

[previous exception] [object] (ParseError(code: 0): Unclosed '[' does not match ')' at C:/Users/Jessa/Downloads/pairfect-paws-web (2)/pairfect-paws-web/storage/framework/views/9e2d8e5460f8354eed8ccdcfe3b57311.php:31)
[stacktrace]
#0 C:/Users/Jessa/Downloads/pairfect-paws-web (2)/pairfect-paws-web/vendor/laravel/framework/src/Illuminate/Filesystem/Filesystem.php(124): Illuminate/Filesystem/Filesystem::Illuminate/Filesystem/{closure}()
#1 C:/Users/Jessa/Downloads/pairfect-paws-web (2)/pairfect-paws-web/vendor/laravel/framework/src/Illuminate/View/Engines/PhpEngine.php(57): Illuminate/Filesystem/Filesystem->getRequire('C://Users//Jessa//...', Array)
#2 C:/Users/Jessa/Downloads/pairfect-paws-web (2)/pairfect-paws-web/vendor/laravel/framework/src/Illuminate/View/Engines/CompilerEngine.php(76): Illuminate/View/Engines/PhpEngine->evaluatePath('C://Users//Jessa//...', Array)
#3 C:/Users/Jessa/Downloads/pairfect-paws-web (2)/pairfect-paws-web/vendor/laravel/framework/src/Illuminate/View/View.php(208): Illuminate/View/Engines/CompilerEngine->get('C://Users//Jessa//...', Array)
#4 C:/Users/Jessa/Downloads/pairfect-paws-web (2)/pairfect-paws-web/vendor/laravel/framework/src/Illuminate/View/View.php(191): Illuminate/View/View->getContents()
#5 C:/Users/Jessa/Downloads/pairfect-paws-web (2)/pairfect-paws-web/vendor/laravel/framework/src/Illuminate/View/View.php(160): Illuminate/View/View->renderContents()
#6 C:/Users/Jessa/Downloads/pairfect-paws-web (2)/pairfect-paws-web/vendor/laravel/framework/src/Illuminate/Http/Response.php(78): Illuminate/View/View->render()
#7 C:/Users/Jessa/Downloads/pairfect-paws-web (2)/pairfect-paws-web/vendor/laravel/framework/src/Illuminate/Http/Response.php(34): Illuminate/Http/Response->setContent(Object(Illuminate/View/View))
#8 C:/Users/Jessa/Downloads/pairfect-paws-web (2)/pairfect-paws-web/vendor/laravel/framework/src/Illuminate/Routing/Router.php(939): Illuminate/Http/Response->__construct(Object(Illuminate/View/View), 200, Array)
#9 C:/Users/Jessa/Downloads/pairfect-paws-web (2)/pairfect-paws-web/vendor/laravel/framework/src/Illuminate/Routing/Router.php(906): Illuminate/Routing/Router::toResponse(Object(Illuminate/Http/Request), Object(Illuminate/View/View))
#10 C:/Users/Jessa/Downloads/pairfect-paws-web (2)/pairfect-paws-web/vendor/laravel/framework/src/Illuminate/Routing/Router.php(821): Illuminate/Routing/Router->prepareResponse(Object(Illuminate/Http/Request), Object(Illuminate/View/View))
#11 C:/Users/Jessa/Downloads/pairfect-paws-web (2)/pairfect-paws-web/vendor/laravel/framework/src/Illuminate/Pipeline/Pipeline.php(180): Illuminate/Routing/Router->Illuminate/Routing/{closure}(Object(Illuminate/Http/Request))
#12 C:/Users/Jessa/Downloads/pairfect-paws-web (2)/pairfect-paws-web/app/Http/Middleware/EnsureUserIsStaff.php(32): Illuminate/Pipeline/Pipeline->Illuminate/Pipeline/{closure}(Object(Illuminate/Http/Request))
#13 C:/Users/Jessa/Downloads/pairfect-paws-web (2)/pairfect-paws-web/vendor/laravel/framework/src/Illuminate/Pipeline/Pipeline.php(219): App/Http/Middleware/EnsureUserIsStaff->handle(Object(Illuminate/Http/Request), Object(Closure))
#14 C:/Users/Jessa/Downloads/pairfect-paws-web (2)/pairfect-paws-web/app/Http/Middleware/SecurityHeaders.php(19): Illuminate/Pipeline/Pipeline->Illuminate/Pipeline/{closure}(Object(Illuminate/Http/Request))
#15 C:/Users/Jessa/Downloads/pairfect-paws-web (2)/pairfect-paws-web/vendor/laravel/framework/src/Illuminate/Pipeline/Pipeline.php(219): App/Http/Middleware/SecurityHeaders->handle(Object(Illuminate/Http/Request), Object(Closure))
#16 C:/Users/Jessa/Downloads/pairfect-paws-web (2)/pairfect-paws-web/vendor/laravel/framework/src/Illuminate/Routing/Middleware/SubstituteBindings.php(50): Illuminate/Pipeline/Pipeline->Illuminate/Pipeline/{closure}(Object(Illuminate/Http/Request))
#17 C:/Users/Jessa/Downloads/pairfect-paws-web (2)/pairfect-paws-web/vendor/laravel/framework/src/Illuminate/Pipeline/Pipeline.php(219): Illuminate/Routing/Middleware/SubstituteBindings->handle(Object(Illuminate/Http/Request), Object(Closure))
#18 C:/Users/Jessa/Downloads/pairfect-paws-web (2)/pairfect-paws-web/vendor/laravel/framework/src/Illuminate/Auth/Middleware/Authenticate.php(63): Illuminate/Pipeline/Pipeline->Illuminate/Pipeline/{closure}(Object(Illuminate/Http/Request))
#19 C:/Users/Jessa/Downloads/pairfect-paws-web (2)/pairfect-paws-web/vendor/laravel/framework/src/Illuminate/Pipeline/Pipeline.php(219): Illuminate/Auth/Middleware/Authenticate->handle(Object(Illuminate/Http/Request), Object(Closure))
#20 C:/Users/Jessa/Downloads/pairfect-paws-web (2)/pairfect-paws-web/vendor/laravel/framework/src/Illuminate/Foundation/Http/Middleware/VerifyCsrfToken.php(87): Illuminate/Pipeline/Pipeline->Illuminate/Pipeline/{closure}(Object(Illuminate/Http/Request))
#21 C:/Users/Jessa/Downloads/pairfect-paws-web (2)/pairfect-paws-web/vendor/laravel/framework/src/Illuminate/Pipeline/Pipeline.php(219): Illuminate/Foundation/Http/Middleware/VerifyCsrfToken->handle(Object(Illuminate/Http/Request), Object(Closure))
#22 C:/Users/Jessa/Downloads/pairfect-paws-web (2)/pairfect-paws-web/vendor/laravel/framework/src/Illuminate/View/Middleware/ShareErrorsFromSession.php(48): Illuminate/Pipeline/Pipeline->Illuminate/Pipeline/{closure}(Object(Illuminate/Http/Request))
#23 C:/Users/Jessa/Downloads/pairfect-paws-web (2)/pairfect-paws-web/vendor/laravel/framework/src/Illuminate/Pipeline/Pipeline.php(219): Illuminate/View/Middleware/ShareErrorsFromSession->handle(Object(Illuminate/Http/Request), Object(Closure))
#24 C:/Users/Jessa/Downloads/pairfect-paws-web (2)/pairfect-paws-web/vendor/laravel/framework/src/Illuminate/Session/Middleware/StartSession.php(120): Illuminate/Pipeline/Pipeline->Illuminate/Pipeline/{closure}(Object(Illuminate/Http/Request))
#25 C:/Users/Jessa/Downloads/pairfect-paws-web (2)/pairfect-paws-web/vendor/laravel/framework/src/Illuminate/Session/Middleware/StartSession.php(63): Illuminate/Session/Middleware/StartSession->handleStatefulRequest(Object(Illuminate/Http/Request), Object(Illuminate/Session/EncryptedStore), Object(Closure))
#26 C:/Users/Jessa/Downloads/pairfect-paws-web (2)/pairfect-paws-web/vendor/laravel/framework/src/Illuminate/Pipeline/Pipeline.php(219): Illuminate/Session/Middleware/StartSession->handle(Object(Illuminate/Http/Request), Object(Closure))
#27 C:/Users/Jessa/Downloads/pairfect-paws-web (2)/pairfect-paws-web/vendor/laravel/framework/src/Illuminate/Cookie/Middleware/AddQueuedCookiesToResponse.php(36): Illuminate/Pipeline/Pipeline->Illuminate/Pipeline/{closure}(Object(Illuminate/Http/Request))
#28 C:/Users/Jessa/Downloads/pairfect-paws-web (2)/pairfect-paws-web/vendor/laravel/framework/src/Illuminate/Pipeline/Pipeline.php(219): Illuminate/Cookie/Middleware/AddQueuedCookiesToResponse->handle(Object(Illuminate/Http/Request), Object(Closure))
#29 C:/Users/Jessa/Downloads/pairfect-paws-web (2)/pairfect-paws-web/vendor/laravel/framework/src/Illuminate/Cookie/Middleware/EncryptCookies.php(74): Illuminate/Pipeline/Pipeline->Illuminate/Pipeline/{closure}(Object(Illuminate/Http/Request))
#30 C:/Users/Jessa/Downloads/pairfect-paws-web (2)/pairfect-paws-web/vendor/laravel/framework/src/Illuminate/Pipeline/Pipeline.php(219): Illuminate/Cookie/Middleware/EncryptCookies->handle(Object(Illuminate/Http/Request), Object(Closure))
#31 C:/Users/Jessa/Downloads/pairfect-paws-web (2)/pairfect-paws-web/vendor/laravel/framework/src/Illuminate/Pipeline/Pipeline.php(137): Illuminate/Pipeline/Pipeline->Illuminate/Pipeline/{closure}(Object(Illuminate/Http/Request))
#32 C:/Users/Jessa/Downloads/pairfect-paws-web (2)/pairfect-paws-web/vendor/laravel/framework/src/Illuminate/Routing/Router.php(821): Illuminate/Pipeline/Pipeline->then(Object(Closure))
#33 C:/Users/Jessa/Downloads/pairfect-paws-web (2)/pairfect-paws-web/vendor/laravel/framework/src/Illuminate/Routing/Router.php(800): Illuminate/Routing/Router->runRouteWithinStack(Object(Illuminate/Routing/Route), Object(Illuminate/Http/Request))
#34 C:/Users/Jessa/Downloads/pairfect-paws-web (2)/pairfect-paws-web/vendor/laravel/framework/src/Illuminate/Routing/Router.php(764): Illuminate/Routing/Router->runRoute(Object(Illuminate/Http/Request), Object(Illuminate/Routing/Route))
#35 C:/Users/Jessa/Downloads/pairfect-paws-web (2)/pairfect-paws-web/vendor/laravel/framework/src/Illuminate/Routing/Router.php(753): Illuminate/Routing/Router->dispatchToRoute(Object(Illuminate/Http/Request))
#36 C:/Users/Jessa/Downloads/pairfect-paws-web (2)/pairfect-paws-web/vendor/laravel/framework/src/Illuminate/Foundation/Http/Kernel.php(200): Illuminate/Routing/Router->dispatch(Object(Illuminate/Http/Request))
#37 C:/Users/Jessa/Downloads/pairfect-paws-web (2)/pairfect-paws-web/vendor/laravel/framework/src/Illuminate/Pipeline/Pipeline.php(180): Illuminate/Foundation/Http/Kernel->Illuminate/Foundation/Http/{closure}(Object(Illuminate/Http/Request))
#38 C:/Users/Jessa/Downloads/pairfect-paws-web (2)/pairfect-paws-web/vendor/laravel/framework/src/Illuminate/Foundation/Http/Middleware/TransformsRequest.php(21): Illuminate/Pipeline/Pipeline->Illuminate/Pipeline/{closure}(Object(Illuminate/Http/Request))
#39 C:/Users/Jessa/Downloads/pairfect-paws-web (2)/pairfect-paws-web/vendor/laravel/framework/src/Illuminate/Foundation/Http/Middleware/ConvertEmptyStringsToNull.php(31): Illuminate/Foundation/Http/Middleware/TransformsRequest->handle(Object(Illuminate/Http/Request), Object(Closure))
#40 C:/Users/Jessa/Downloads/pairfect-paws-web (2)/pairfect-paws-web/vendor/laravel/framework/src/Illuminate/Pipeline/Pipeline.php(219): Illuminate/Foundation/Http/Middleware/ConvertEmptyStringsToNull->handle(Object(Illuminate/Http/Request), Object(Closure))
#41 C:/Users/Jessa/Downloads/pairfect-paws-web (2)/pairfect-paws-web/vendor/laravel/framework/src/Illuminate/Foundation/Http/Middleware/TransformsRequest.php(21): Illuminate/Pipeline/Pipeline->Illuminate/Pipeline/{closure}(Object(Illuminate/Http/Request))
#42 C:/Users/Jessa/Downloads/pairfect-paws-web (2)/pairfect-paws-web/vendor/laravel/framework/src/Illuminate/Foundation/Http/Middleware/TrimStrings.php(51): Illuminate/Foundation/Http/Middleware/TransformsRequest->handle(Object(Illuminate/Http/Request), Object(Closure))
#43 C:/Users/Jessa/Downloads/pairfect-paws-web (2)/pairfect-paws-web/vendor/laravel/framework/src/Illuminate/Pipeline/Pipeline.php(219): Illuminate/Foundation/Http/Middleware/TrimStrings->handle(Object(Illuminate/Http/Request), Object(Closure))
#44 C:/Users/Jessa/Downloads/pairfect-paws-web (2)/pairfect-paws-web/vendor/laravel/framework/src/Illuminate/Http/Middleware/ValidatePostSize.php(27): Illuminate/Pipeline/Pipeline->Illuminate/Pipeline/{closure}(Object(Illuminate/Http/Request))
#45 C:/Users/Jessa/Downloads/pairfect-paws-web (2)/pairfect-paws-web/vendor/laravel/framework/src/Illuminate/Pipeline/Pipeline.php(219): Illuminate/Http/Middleware/ValidatePostSize->handle(Object(Illuminate/Http/Request), Object(Closure))
#46 C:/Users/Jessa/Downloads/pairfect-paws-web (2)/pairfect-paws-web/vendor/laravel/framework/src/Illuminate/Foundation/Http/Middleware/PreventRequestsDuringMaintenance.php(109): Illuminate/Pipeline/Pipeline->Illuminate/Pipeline/{closure}(Object(Illuminate/Http/Request))
#47 C:/Users/Jessa/Downloads/pairfect-paws-web (2)/pairfect-paws-web/vendor/laravel/framework/src/Illuminate/Pipeline/Pipeline.php(219): Illuminate/Foundation/Http/Middleware/PreventRequestsDuringMaintenance->handle(Object(Illuminate/Http/Request), Object(Closure))
#48 C:/Users/Jessa/Downloads/pairfect-paws-web (2)/pairfect-paws-web/vendor/laravel/framework/src/Illuminate/Http/Middleware/HandleCors.php(61): Illuminate/Pipeline/Pipeline->Illuminate/Pipeline/{closure}(Object(Illuminate/Http/Request))
#49 C:/Users/Jessa/Downloads/pairfect-paws-web (2)/pairfect-paws-web/vendor/laravel/framework/src/Illuminate/Pipeline/Pipeline.php(219): Illuminate/Http/Middleware/HandleCors->handle(Object(Illuminate/Http/Request), Object(Closure))
#50 C:/Users/Jessa/Downloads/pairfect-paws-web (2)/pairfect-paws-web/vendor/laravel/framework/src/Illuminate/Http/Middleware/TrustProxies.php(58): Illuminate/Pipeline/Pipeline->Illuminate/Pipeline/{closure}(Object(Illuminate/Http/Request))
#51 C:/Users/Jessa/Downloads/pairfect-paws-web (2)/pairfect-paws-web/vendor/laravel/framework/src/Illuminate/Pipeline/Pipeline.php(219): Illuminate/Http/Middleware/TrustProxies->handle(Object(Illuminate/Http/Request), Object(Closure))
#52 C:/Users/Jessa/Downloads/pairfect-paws-web (2)/pairfect-paws-web/vendor/laravel/framework/src/Illuminate/Foundation/Http/Middleware/InvokeDeferredCallbacks.php(22): Illuminate/Pipeline/Pipeline->Illuminate/Pipeline/{closure}(Object(Illuminate/Http/Request))
#53 C:/Users/Jessa/Downloads/pairfect-paws-web (2)/pairfect-paws-web/vendor/laravel/framework/src/Illuminate/Pipeline/Pipeline.php(219): Illuminate/Foundation/Http/Middleware/InvokeDeferredCallbacks->handle(Object(Illuminate/Http/Request), Object(Closure))
#54 C:/Users/Jessa/Downloads/pairfect-paws-web (2)/pairfect-paws-web/vendor/laravel/framework/src/Illuminate/Http/Middleware/ValidatePathEncoding.php(26): Illuminate/Pipeline/Pipeline->Illuminate/Pipeline/{closure}(Object(Illuminate/Http/Request))
#55 C:/Users/Jessa/Downloads/pairfect-paws-web (2)/pairfect-paws-web/vendor/laravel/framework/src/Illuminate/Pipeline/Pipeline.php(219): Illuminate/Http/Middleware/ValidatePathEncoding->handle(Object(Illuminate/Http/Request), Object(Closure))
#56 C:/Users/Jessa/Downloads/pairfect-paws-web (2)/pairfect-paws-web/vendor/laravel/framework/src/Illuminate/Pipeline/Pipeline.php(137): Illuminate/Pipeline/Pipeline->Illuminate/Pipeline/{closure}(Object(Illuminate/Http/Request))
#57 C:/Users/Jessa/Downloads/pairfect-paws-web (2)/pairfect-paws-web/vendor/laravel/framework/src/Illuminate/Foundation/Http/Kernel.php(175): Illuminate/Pipeline/Pipeline->then(Object(Closure))
#58 C:/Users/Jessa/Downloads/pairfect-paws-web (2)/pairfect-paws-web/vendor/laravel/framework/src/Illuminate/Foundation/Http/Kernel.php(144): Illuminate/Foundation/Http/Kernel->sendRequestThroughRouter(Object(Illuminate/Http/Request))
#59 C:/Users/Jessa/Downloads/pairfect-paws-web (2)/pairfect-paws-web/vendor/laravel/framework/src/Illuminate/Foundation/Application.php(1220): Illuminate/Foundation/Http/Kernel->handle(Object(Illuminate/Http/Request))
#60 C:/Users/Jessa/Downloads/pairfect-paws-web (2)/pairfect-paws-web/public/index.php(18): Illuminate/Foundation/Application->handleRequest(Object(Illuminate/Http/Request))
#61 C:/Users/Jessa/Downloads/pairfect-paws-web (2)/pairfect-paws-web/vendor/laravel/framework/src/Illuminate/Foundation/resources/server.php(23): require_once('C://Users//Jessa//...')
#62 {main}
"} 
[2026-08-05 01:43:33] local.ERROR: Undefined variable $volunteerData (View: C:\Users\Jessa\Downloads\pairfect-paws-web (2)\pairfect-paws-web\resources\views\admin\volunteer\index.blade.php) {"userId":2,"exception":"[object] (Illuminate\\View\\ViewException(code: 0): Undefined variable $volunteerData (View: C:\\Users\\Jessa\\Downloads\\pairfect-paws-web (2)\\pairfect-paws-web\\resources\\views\\admin\\volunteer\\index.blade.php) at C:/Users/Jessa/Downloads/pairfect-paws-web (2)/pairfect-paws-web/storage/framework/views/9e2d8e5460f8354eed8ccdcfe3b57311.php:32)
[stacktrace]
#0 C:/Users/Jessa/Downloads/pairfect-paws-web (2)/pairfect-paws-web/vendor/laravel/framework/src/Illuminate/View/Engines/PhpEngine.php(59): Illuminate/View/Engines/CompilerEngine->handleViewException(Object(ErrorException), 1)
#1 C:/Users/Jessa/Downloads/pairfect-paws-web (2)/pairfect-paws-web/vendor/laravel/framework/src/Illuminate/View/Engines/CompilerEngine.php(76): Illuminate/View/Engines/PhpEngine->evaluatePath('C://Users//Jessa//...', Array)
#2 C:/Users/Jessa/Downloads/pairfect-paws-web (2)/pairfect-paws-web/vendor/laravel/framework/src/Illuminate/View/View.php(208): Illuminate/View/Engines/CompilerEngine->get('C://Users//Jessa//...', Array)
#3 C:/Users/Jessa/Downloads/pairfect-paws-web (2)/pairfect-paws-web/vendor/laravel/framework/src/Illuminate/View/View.php(191): Illuminate/View/View->getContents()
#4 C:/Users/Jessa/Downloads/pairfect-paws-web (2)/pairfect-paws-web/vendor/laravel/framework/src/Illuminate/View/View.php(160): Illuminate/View/View->renderContents()
#5 C:/Users/Jessa/Downloads/pairfect-paws-web (2)/pairfect-paws-web/vendor/laravel/framework/src/Illuminate/Http/Response.php(78): Illuminate/View/View->render()
#6 C:/Users/Jessa/Downloads/pairfect-paws-web (2)/pairfect-paws-web/vendor/laravel/framework/src/Illuminate/Http/Response.php(34): Illuminate/Http/Response->setContent(Object(Illuminate/View/View))
#7 C:/Users/Jessa/Downloads/pairfect-paws-web (2)/pairfect-paws-web/vendor/laravel/framework/src/Illuminate/Routing/Router.php(939): Illuminate/Http/Response->__construct(Object(Illuminate/View/View), 200, Array)
#8 C:/Users/Jessa/Downloads/pairfect-paws-web (2)/pairfect-paws-web/vendor/laravel/framework/src/Illuminate/Routing/Router.php(906): Illuminate/Routing/Router::toResponse(Object(Illuminate/Http/Request), Object(Illuminate/View/View))
#9 C:/Users/Jessa/Downloads/pairfect-paws-web (2)/pairfect-paws-web/vendor/laravel/framework/src/Illuminate/Routing/Router.php(821): Illuminate/Routing/Router->prepareResponse(Object(Illuminate/Http/Request), Object(Illuminate/View/View))
#10 C:/Users/Jessa/Downloads/pairfect-paws-web (2)/pairfect-paws-web/vendor/laravel/framework/src/Illuminate/Pipeline/Pipeline.php(180): Illuminate/Routing/Router->Illuminate/Routing/{closure}(Object(Illuminate/Http/Request))
#11 C:/Users/Jessa/Downloads/pairfect-paws-web (2)/pairfect-paws-web/app/Http/Middleware/EnsureUserIsStaff.php(32): Illuminate/Pipeline/Pipeline->Illuminate/Pipeline/{closure}(Object(Illuminate/Http/Request))
#12 C:/Users/Jessa/Downloads/pairfect-paws-web (2)/pairfect-paws-web/vendor/laravel/framework/src/Illuminate/Pipeline/Pipeline.php(219): App/Http/Middleware/EnsureUserIsStaff->handle(Object(Illuminate/Http/Request), Object(Closure))
#13 C:/Users/Jessa/Downloads/pairfect-paws-web (2)/pairfect-paws-web/app/Http/Middleware/SecurityHeaders.php(19): Illuminate/Pipeline/Pipeline->Illuminate/Pipeline/{closure}(Object(Illuminate/Http/Request))
#14 C:/Users/Jessa/Downloads/pairfect-paws-web (2)/pairfect-paws-web/vendor/laravel/framework/src/Illuminate/Pipeline/Pipeline.php(219): App/Http/Middleware/SecurityHeaders->handle(Object(Illuminate/Http/Request), Object(Closure))
#15 C:/Users/Jessa/Downloads/pairfect-paws-web (2)/pairfect-paws-web/vendor/laravel/framework/src/Illuminate/Routing/Middleware/SubstituteBindings.php(50): Illuminate/Pipeline/Pipeline->Illuminate/Pipeline/{closure}(Object(Illuminate/Http/Request))
#16 C:/Users/Jessa/Downloads/pairfect-paws-web (2)/pairfect-paws-web/vendor/laravel/framework/src/Illuminate/Pipeline/Pipeline.php(219): Illuminate/Routing/Middleware/SubstituteBindings->handle(Object(Illuminate/Http/Request), Object(Closure))
#17 C:/Users/Jessa/Downloads/pairfect-paws-web (2)/pairfect-paws-web/vendor/laravel/framework/src/Illuminate/Auth/Middleware/Authenticate.php(63): Illuminate/Pipeline/Pipeline->Illuminate/Pipeline/{closure}(Object(Illuminate/Http/Request))
#18 C:/Users/Jessa/Downloads/pairfect-paws-web (2)/pairfect-paws-web/vendor/laravel/framework/src/Illuminate/Pipeline/Pipeline.php(219): Illuminate/Auth/Middleware/Authenticate->handle(Object(Illuminate/Http/Request), Object(Closure))
#19 C:/Users/Jessa/Downloads/pairfect-paws-web (2)/pairfect-paws-web/vendor/laravel/framework/src/Illuminate/Foundation/Http/Middleware/VerifyCsrfToken.php(87): Illuminate/Pipeline/Pipeline->Illuminate/Pipeline/{closure}(Object(Illuminate/Http/Request))
#20 C:/Users/Jessa/Downloads/pairfect-paws-web (2)/pairfect-paws-web/vendor/laravel/framework/src/Illuminate/Pipeline/Pipeline.php(219): Illuminate/Foundation/Http/Middleware/VerifyCsrfToken->handle(Object(Illuminate/Http/Request), Object(Closure))
#21 C:/Users/Jessa/Downloads/pairfect-paws-web (2)/pairfect-paws-web/vendor/laravel/framework/src/Illuminate/View/Middleware/ShareErrorsFromSession.php(48): Illuminate/Pipeline/Pipeline->Illuminate/Pipeline/{closure}(Object(Illuminate/Http/Request))
#22 C:/Users/Jessa/Downloads/pairfect-paws-web (2)/pairfect-paws-web/vendor/laravel/framework/src/Illuminate/Pipeline/Pipeline.php(219): Illuminate/View/Middleware/ShareErrorsFromSession->handle(Object(Illuminate/Http/Request), Object(Closure))
#23 C:/Users/Jessa/Downloads/pairfect-paws-web (2)/pairfect-paws-web/vendor/laravel/framework/src/Illuminate/Session/Middleware/StartSession.php(120): Illuminate/Pipeline/Pipeline->Illuminate/Pipeline/{closure}(Object(Illuminate/Http/Request))
#24 C:/Users/Jessa/Downloads/pairfect-paws-web (2)/pairfect-paws-web/vendor/laravel/framework/src/Illuminate/Session/Middleware/StartSession.php(63): Illuminate/Session/Middleware/StartSession->handleStatefulRequest(Object(Illuminate/Http/Request), Object(Illuminate/Session/EncryptedStore), Object(Closure))
#25 C:/Users/Jessa/Downloads/pairfect-paws-web (2)/pairfect-paws-web/vendor/laravel/framework/src/Illuminate/Pipeline/Pipeline.php(219): Illuminate/Session/Middleware/StartSession->handle(Object(Illuminate/Http/Request), Object(Closure))
#26 C:/Users/Jessa/Downloads/pairfect-paws-web (2)/pairfect-paws-web/vendor/laravel/framework/src/Illuminate/Cookie/Middleware/AddQueuedCookiesToResponse.php(36): Illuminate/Pipeline/Pipeline->Illuminate/Pipeline/{closure}(Object(Illuminate/Http/Request))
#27 C:/Users/Jessa/Downloads/pairfect-paws-web (2)/pairfect-paws-web/vendor/laravel/framework/src/Illuminate/Pipeline/Pipeline.php(219): Illuminate/Cookie/Middleware/AddQueuedCookiesToResponse->handle(Object(Illuminate/Http/Request), Object(Closure))
#28 C:/Users/Jessa/Downloads/pairfect-paws-web (2)/pairfect-paws-web/vendor/laravel/framework/src/Illuminate/Cookie/Middleware/EncryptCookies.php(74): Illuminate/Pipeline/Pipeline->Illuminate/Pipeline/{closure}(Object(Illuminate/Http/Request))
#29 C:/Users/Jessa/Downloads/pairfect-paws-web (2)/pairfect-paws-web/vendor/laravel/framework/src/Illuminate/Pipeline/Pipeline.php(219): Illuminate/Cookie/Middleware/EncryptCookies->handle(Object(Illuminate/Http/Request), Object(Closure))
#30 C:/Users/Jessa/Downloads/pairfect-paws-web (2)/pairfect-paws-web/vendor/laravel/framework/src/Illuminate/Pipeline/Pipeline.php(137): Illuminate/Pipeline/Pipeline->Illuminate/Pipeline/{closure}(Object(Illuminate/Http/Request))
#31 C:/Users/Jessa/Downloads/pairfect-paws-web (2)/pairfect-paws-web/vendor/laravel/framework/src/Illuminate/Routing/Router.php(821): Illuminate/Pipeline/Pipeline->then(Object(Closure))
#32 C:/Users/Jessa/Downloads/pairfect-paws-web (2)/pairfect-paws-web/vendor/laravel/framework/src/Illuminate/Routing/Router.php(800): Illuminate/Routing/Router->runRouteWithinStack(Object(Illuminate/Routing/Route), Object(Illuminate/Http/Request))
#33 C:/Users/Jessa/Downloads/pairfect-paws-web (2)/pairfect-paws-web/vendor/laravel/framework/src/Illuminate/Routing/Router.php(764): Illuminate/Routing/Router->runRoute(Object(Illuminate/Http/Request), Object(Illuminate/Routing/Route))
#34 C:/Users/Jessa/Downloads/pairfect-paws-web (2)/pairfect-paws-web/vendor/laravel/framework/src/Illuminate/Routing/Router.php(753): Illuminate/Routing/Router->dispatchToRoute(Object(Illuminate/Http/Request))
#35 C:/Users/Jessa/Downloads/pairfect-paws-web (2)/pairfect-paws-web/vendor/laravel/framework/src/Illuminate/Foundation/Http/Kernel.php(200): Illuminate/Routing/Router->dispatch(Object(Illuminate/Http/Request))
#36 C:/Users/Jessa/Downloads/pairfect-paws-web (2)/pairfect-paws-web/vendor/laravel/framework/src/Illuminate/Pipeline/Pipeline.php(180): Illuminate/Foundation/Http/Kernel->Illuminate/Foundation/Http/{closure}(Object(Illuminate/Http/Request))
#37 C:/Users/Jessa/Downloads/pairfect-paws-web (2)/pairfect-paws-web/vendor/laravel/framework/src/Illuminate/Foundation/Http/Middleware/TransformsRequest.php(21): Illuminate/Pipeline/Pipeline->Illuminate/Pipeline/{closure}(Object(Illuminate/Http/Request))
#38 C:/Users/Jessa/Downloads/pairfect-paws-web (2)/pairfect-paws-web/vendor/laravel/framework/src/Illuminate/Foundation/Http/Middleware/ConvertEmptyStringsToNull.php(31): Illuminate/Foundation/Http/Middleware/TransformsRequest->handle(Object(Illuminate/Http/Request), Object(Closure))
#39 C:/Users/Jessa/Downloads/pairfect-paws-web (2)/pairfect-paws-web/vendor/laravel/framework/src/Illuminate/Pipeline/Pipeline.php(219): Illuminate/Foundation/Http/Middleware/ConvertEmptyStringsToNull->handle(Object(Illuminate/Http/Request), Object(Closure))
#40 C:/Users/Jessa/Downloads/pairfect-paws-web (2)/pairfect-paws-web/vendor/laravel/framework/src/Illuminate/Foundation/Http/Middleware/TransformsRequest.php(21): Illuminate/Pipeline/Pipeline->Illuminate/Pipeline/{closure}(Object(Illuminate/Http/Request))
#41 C:/Users/Jessa/Downloads/pairfect-paws-web (2)/pairfect-paws-web/vendor/laravel/framework/src/Illuminate/Foundation/Http/Middleware/TrimStrings.php(51): Illuminate/Foundation/Http/Middleware/TransformsRequest->handle(Object(Illuminate/Http/Request), Object(Closure))
#42 C:/Users/Jessa/Downloads/pairfect-paws-web (2)/pairfect-paws-web/vendor/laravel/framework/src/Illuminate/Pipeline/Pipeline.php(219): Illuminate/Foundation/Http/Middleware/TrimStrings->handle(Object(Illuminate/Http/Request), Object(Closure))
#43 C:/Users/Jessa/Downloads/pairfect-paws-web (2)/pairfect-paws-web/vendor/laravel/framework/src/Illuminate/Http/Middleware/ValidatePostSize.php(27): Illuminate/Pipeline/Pipeline->Illuminate/Pipeline/{closure}(Object(Illuminate/Http/Request))
#44 C:/Users/Jessa/Downloads/pairfect-paws-web (2)/pairfect-paws-web/vendor/laravel/framework/src/Illuminate/Pipeline/Pipeline.php(219): Illuminate/Http/Middleware/ValidatePostSize->handle(Object(Illuminate/Http/Request), Object(Closure))
#45 C:/Users/Jessa/Downloads/pairfect-paws-web (2)/pairfect-paws-web/vendor/laravel/framework/src/Illuminate/Foundation/Http/Middleware/PreventRequestsDuringMaintenance.php(109): Illuminate/Pipeline/Pipeline->Illuminate/Pipeline/{closure}(Object(Illuminate/Http/Request))
#46 C:/Users/Jessa/Downloads/pairfect-paws-web (2)/pairfect-paws-web/vendor/laravel/framework/src/Illuminate/Pipeline/Pipeline.php(219): Illuminate/Foundation/Http/Middleware/PreventRequestsDuringMaintenance->handle(Object(Illuminate/Http/Request), Object(Closure))
#47 C:/Users/Jessa/Downloads/pairfect-paws-web (2)/pairfect-paws-web/vendor/laravel/framework/src/Illuminate/Http/Middleware/HandleCors.php(61): Illuminate/Pipeline/Pipeline->Illuminate/Pipeline/{closure}(Object(Illuminate/Http/Request))
#48 C:/Users/Jessa/Downloads/pairfect-paws-web (2)/pairfect-paws-web/vendor/laravel/framework/src/Illuminate/Pipeline/Pipeline.php(219): Illuminate/Http/Middleware/HandleCors->handle(Object(Illuminate/Http/Request), Object(Closure))
#49 C:/Users/Jessa/Downloads/pairfect-paws-web (2)/pairfect-paws-web/vendor/laravel/framework/src/Illuminate/Http/Middleware/TrustProxies.php(58): Illuminate/Pipeline/Pipeline->Illuminate/Pipeline/{closure}(Object(Illuminate/Http/Request))
#50 C:/Users/Jessa/Downloads/pairfect-paws-web (2)/pairfect-paws-web/vendor/laravel/framework/src/Illuminate/Pipeline/Pipeline.php(219): Illuminate/Http/Middleware/TrustProxies->handle(Object(Illuminate/Http/Request), Object(Closure))
#51 C:/Users/Jessa/Downloads/pairfect-paws-web (2)/pairfect-paws-web/vendor/laravel/framework/src/Illuminate/Foundation/Http/Middleware/InvokeDeferredCallbacks.php(22): Illuminate/Pipeline/Pipeline->Illuminate/Pipeline/{closure}(Object(Illuminate/Http/Request))
#52 C:/Users/Jessa/Downloads/pairfect-paws-web (2)/pairfect-paws-web/vendor/laravel/framework/src/Illuminate/Pipeline/Pipeline.php(219): Illuminate/Foundation/Http/Middleware/InvokeDeferredCallbacks->handle(Object(Illuminate/Http/Request), Object(Closure))
#53 C:/Users/Jessa/Downloads/pairfect-paws-web (2)/pairfect-paws-web/vendor/laravel/framework/src/Illuminate/Http/Middleware/ValidatePathEncoding.php(26): Illuminate/Pipeline/Pipeline->Illuminate/Pipeline/{closure}(Object(Illuminate/Http/Request))
#54 C:/Users/Jessa/Downloads/pairfect-paws-web (2)/pairfect-paws-web/vendor/laravel/framework/src/Illuminate/Pipeline/Pipeline.php(219): Illuminate/Http/Middleware/ValidatePathEncoding->handle(Object(Illuminate/Http/Request), Object(Closure))
#55 C:/Users/Jessa/Downloads/pairfect-paws-web (2)/pairfect-paws-web/vendor/laravel/framework/src/Illuminate/Pipeline/Pipeline.php(137): Illuminate/Pipeline/Pipeline->Illuminate/Pipeline/{closure}(Object(Illuminate/Http/Request))
#56 C:/Users/Jessa/Downloads/pairfect-paws-web (2)/pairfect-paws-web/vendor/laravel/framework/src/Illuminate/Foundation/Http/Kernel.php(175): Illuminate/Pipeline/Pipeline->then(Object(Closure))
#57 C:/Users/Jessa/Downloads/pairfect-paws-web (2)/pairfect-paws-web/vendor/laravel/framework/src/Illuminate/Foundation/Http/Kernel.php(144): Illuminate/Foundation/Http/Kernel->sendRequestThroughRouter(Object(Illuminate/Http/Request))
#58 C:/Users/Jessa/Downloads/pairfect-paws-web (2)/pairfect-paws-web/vendor/laravel/framework/src/Illuminate/Foundation/Application.php(1220): Illuminate/Foundation/Http/Kernel->handle(Object(Illuminate/Http/Request))
#59 C:/Users/Jessa/Downloads/pairfect-paws-web (2)/pairfect-paws-web/public/index.php(18): Illuminate/Foundation/Application->handleRequest(Object(Illuminate/Http/Request))
#60 C:/Users/Jessa/Downloads/pairfect-paws-web (2)/pairfect-paws-web/vendor/laravel/framework/src/Illuminate/Foundation/resources/server.php(23): require_once('C://Users//Jessa//...')
#61 {main}

[previous exception] [object] (ErrorException(code: 0): Undefined variable $volunteerData at C:/Users/Jessa/Downloads/pairfect-paws-web (2)/pairfect-paws-web/storage/framework/views/9e2d8e5460f8354eed8ccdcfe3b57311.php:32)
[stacktrace]
#0 C:/Users/Jessa/Downloads/pairfect-paws-web (2)/pairfect-paws-web/vendor/laravel/framework/src/Illuminate/Foundation/Bootstrap/HandleExceptions.php(262): Illuminate/Foundation/Bootstrap/HandleExceptions->handleError(2, 'Undefined varia...', 'C://Users//Jessa//...', 32)
#1 C:/Users/Jessa/Downloads/pairfect-paws-web (2)/pairfect-paws-web/storage/framework/views/9e2d8e5460f8354eed8ccdcfe3b57311.php(32): Illuminate/Foundation/Bootstrap/HandleExceptions->Illuminate/Foundation/Bootstrap/{closure}(2, 'Undefined varia...', 'C://Users//Jessa//...', 32)
#2 C:/Users/Jessa/Downloads/pairfect-paws-web (2)/pairfect-paws-web/vendor/laravel/framework/src/Illuminate/Filesystem/Filesystem.php(123): require('C://Users//Jessa//...')
#3 C:/Users/Jessa/Downloads/pairfect-paws-web (2)/pairfect-paws-web/vendor/laravel/framework/src/Illuminate/Filesystem/Filesystem.php(124): Illuminate/Filesystem/Filesystem::Illuminate/Filesystem/{closure}()
#4 C:/Users/Jessa/Downloads/pairfect-paws-web (2)/pairfect-paws-web/vendor/laravel/framework/src/Illuminate/View/Engines/PhpEngine.php(57): Illuminate/Filesystem/Filesystem->getRequire('C://Users//Jessa//...', Array)
#5 C:/Users/Jessa/Downloads/pairfect-paws-web (2)/pairfect-paws-web/vendor/laravel/framework/src/Illuminate/View/Engines/CompilerEngine.php(76): Illuminate/View/Engines/PhpEngine->evaluatePath('C://Users//Jessa//...', Array)
#6 C:/Users/Jessa/Downloads/pairfect-paws-web (2)/pairfect-paws-web/vendor/laravel/framework/src/Illuminate/View/View.php(208): Illuminate/View/Engines/CompilerEngine->get('C://Users//Jessa//...', Array)
#7 C:/Users/Jessa/Downloads/pairfect-paws-web (2)/pairfect-paws-web/vendor/laravel/framework/src/Illuminate/View/View.php(191): Illuminate/View/View->getContents()
#8 C:/Users/Jessa/Downloads/pairfect-paws-web (2)/pairfect-paws-web/vendor/laravel/framework/src/Illuminate/View/View.php(160): Illuminate/View/View->renderContents()
#9 C:/Users/Jessa/Downloads/pairfect-paws-web (2)/pairfect-paws-web/vendor/laravel/framework/src/Illuminate/Http/Response.php(78): Illuminate/View/View->render()
#10 C:/Users/Jessa/Downloads/pairfect-paws-web (2)/pairfect-paws-web/vendor/laravel/framework/src/Illuminate/Http/Response.php(34): Illuminate/Http/Response->setContent(Object(Illuminate/View/View))
#11 C:/Users/Jessa/Downloads/pairfect-paws-web (2)/pairfect-paws-web/vendor/laravel/framework/src/Illuminate/Routing/Router.php(939): Illuminate/Http/Response->__construct(Object(Illuminate/View/View), 200, Array)
#12 C:/Users/Jessa/Downloads/pairfect-paws-web (2)/pairfect-paws-web/vendor/laravel/framework/src/Illuminate/Routing/Router.php(906): Illuminate/Routing/Router::toResponse(Object(Illuminate/Http/Request), Object(Illuminate/View/View))
#13 C:/Users/Jessa/Downloads/pairfect-paws-web (2)/pairfect-paws-web/vendor/laravel/framework/src/Illuminate/Routing/Router.php(821): Illuminate/Routing/Router->prepareResponse(Object(Illuminate/Http/Request), Object(Illuminate/View/View))
#14 C:/Users/Jessa/Downloads/pairfect-paws-web (2)/pairfect-paws-web/vendor/laravel/framework/src/Illuminate/Pipeline/Pipeline.php(180): Illuminate/Routing/Router->Illuminate/Routing/{closure}(Object(Illuminate/Http/Request))
#15 C:/Users/Jessa/Downloads/pairfect-paws-web (2)/pairfect-paws-web/app/Http/Middleware/EnsureUserIsStaff.php(32): Illuminate/Pipeline/Pipeline->Illuminate/Pipeline/{closure}(Object(Illuminate/Http/Request))
#16 C:/Users/Jessa/Downloads/pairfect-paws-web (2)/pairfect-paws-web/vendor/laravel/framework/src/Illuminate/Pipeline/Pipeline.php(219): App/Http/Middleware/EnsureUserIsStaff->handle(Object(Illuminate/Http/Request), Object(Closure))
#17 C:/Users/Jessa/Downloads/pairfect-paws-web (2)/pairfect-paws-web/app/Http/Middleware/SecurityHeaders.php(19): Illuminate/Pipeline/Pipeline->Illuminate/Pipeline/{closure}(Object(Illuminate/Http/Request))
#18 C:/Users/Jessa/Downloads/pairfect-paws-web (2)/pairfect-paws-web/vendor/laravel/framework/src/Illuminate/Pipeline/Pipeline.php(219): App/Http/Middleware/SecurityHeaders->handle(Object(Illuminate/Http/Request), Object(Closure))
#19 C:/Users/Jessa/Downloads/pairfect-paws-web (2)/pairfect-paws-web/vendor/laravel/framework/src/Illuminate/Routing/Middleware/SubstituteBindings.php(50): Illuminate/Pipeline/Pipeline->Illuminate/Pipeline/{closure}(Object(Illuminate/Http/Request))
#20 C:/Users/Jessa/Downloads/pairfect-paws-web (2)/pairfect-paws-web/vendor/laravel/framework/src/Illuminate/Pipeline/Pipeline.php(219): Illuminate/Routing/Middleware/SubstituteBindings->handle(Object(Illuminate/Http/Request), Object(Closure))
#21 C:/Users/Jessa/Downloads/pairfect-paws-web (2)/pairfect-paws-web/vendor/laravel/framework/src/Illuminate/Auth/Middleware/Authenticate.php(63): Illuminate/Pipeline/Pipeline->Illuminate/Pipeline/{closure}(Object(Illuminate/Http/Request))
#22 C:/Users/Jessa/Downloads/pairfect-paws-web (2)/pairfect-paws-web/vendor/laravel/framework/src/Illuminate/Pipeline/Pipeline.php(219): Illuminate/Auth/Middleware/Authenticate->handle(Object(Illuminate/Http/Request), Object(Closure))
#23 C:/Users/Jessa/Downloads/pairfect-paws-web (2)/pairfect-paws-web/vendor/laravel/framework/src/Illuminate/Foundation/Http/Middleware/VerifyCsrfToken.php(87): Illuminate/Pipeline/Pipeline->Illuminate/Pipeline/{closure}(Object(Illuminate/Http/Request))
#24 C:/Users/Jessa/Downloads/pairfect-paws-web (2)/pairfect-paws-web/vendor/laravel/framework/src/Illuminate/Pipeline/Pipeline.php(219): Illuminate/Foundation/Http/Middleware/VerifyCsrfToken->handle(Object(Illuminate/Http/Request), Object(Closure))
#25 C:/Users/Jessa/Downloads/pairfect-paws-web (2)/pairfect-paws-web/vendor/laravel/framework/src/Illuminate/View/Middleware/ShareErrorsFromSession.php(48): Illuminate/Pipeline/Pipeline->Illuminate/Pipeline/{closure}(Object(Illuminate/Http/Request))
#26 C:/Users/Jessa/Downloads/pairfect-paws-web (2)/pairfect-paws-web/vendor/laravel/framework/src/Illuminate/Pipeline/Pipeline.php(219): Illuminate/View/Middleware/ShareErrorsFromSession->handle(Object(Illuminate/Http/Request), Object(Closure))
#27 C:/Users/Jessa/Downloads/pairfect-paws-web (2)/pairfect-paws-web/vendor/laravel/framework/src/Illuminate/Session/Middleware/StartSession.php(120): Illuminate/Pipeline/Pipeline->Illuminate/Pipeline/{closure}(Object(Illuminate/Http/Request))
#28 C:/Users/Jessa/Downloads/pairfect-paws-web (2)/pairfect-paws-web/vendor/laravel/framework/src/Illuminate/Session/Middleware/StartSession.php(63): Illuminate/Session/Middleware/StartSession->handleStatefulRequest(Object(Illuminate/Http/Request), Object(Illuminate/Session/EncryptedStore), Object(Closure))
#29 C:/Users/Jessa/Downloads/pairfect-paws-web (2)/pairfect-paws-web/vendor/laravel/framework/src/Illuminate/Pipeline/Pipeline.php(219): Illuminate/Session/Middleware/StartSession->handle(Object(Illuminate/Http/Request), Object(Closure))
#30 C:/Users/Jessa/Downloads/pairfect-paws-web (2)/pairfect-paws-web/vendor/laravel/framework/src/Illuminate/Cookie/Middleware/AddQueuedCookiesToResponse.php(36): Illuminate/Pipeline/Pipeline->Illuminate/Pipeline/{closure}(Object(Illuminate/Http/Request))
#31 C:/Users/Jessa/Downloads/pairfect-paws-web (2)/pairfect-paws-web/vendor/laravel/framework/src/Illuminate/Pipeline/Pipeline.php(219): Illuminate/Cookie/Middleware/AddQueuedCookiesToResponse->handle(Object(Illuminate/Http/Request), Object(Closure))
#32 C:/Users/Jessa/Downloads/pairfect-paws-web (2)/pairfect-paws-web/vendor/laravel/framework/src/Illuminate/Cookie/Middleware/EncryptCookies.php(74): Illuminate/Pipeline/Pipeline->Illuminate/Pipeline/{closure}(Object(Illuminate/Http/Request))
#33 C:/Users/Jessa/Downloads/pairfect-paws-web (2)/pairfect-paws-web/vendor/laravel/framework/src/Illuminate/Pipeline/Pipeline.php(219): Illuminate/Cookie/Middleware/EncryptCookies->handle(Object(Illuminate/Http/Request), Object(Closure))
#34 C:/Users/Jessa/Downloads/pairfect-paws-web (2)/pairfect-paws-web/vendor/laravel/framework/src/Illuminate/Pipeline/Pipeline.php(137): Illuminate/Pipeline/Pipeline->Illuminate/Pipeline/{closure}(Object(Illuminate/Http/Request))
#35 C:/Users/Jessa/Downloads/pairfect-paws-web (2)/pairfect-paws-web/vendor/laravel/framework/src/Illuminate/Routing/Router.php(821): Illuminate/Pipeline/Pipeline->then(Object(Closure))
#36 C:/Users/Jessa/Downloads/pairfect-paws-web (2)/pairfect-paws-web/vendor/laravel/framework/src/Illuminate/Routing/Router.php(800): Illuminate/Routing/Router->runRouteWithinStack(Object(Illuminate/Routing/Route), Object(Illuminate/Http/Request))
#37 C:/Users/Jessa/Downloads/pairfect-paws-web (2)/pairfect-paws-web/vendor/laravel/framework/src/Illuminate/Routing/Router.php(764): Illuminate/Routing/Router->runRoute(Object(Illuminate/Http/Request), Object(Illuminate/Routing/Route))
#38 C:/Users/Jessa/Downloads/pairfect-paws-web (2)/pairfect-paws-web/vendor/laravel/framework/src/Illuminate/Routing/Router.php(753): Illuminate/Routing/Router->dispatchToRoute(Object(Illuminate/Http/Request))
#39 C:/Users/Jessa/Downloads/pairfect-paws-web (2)/pairfect-paws-web/vendor/laravel/framework/src/Illuminate/Foundation/Http/Kernel.php(200): Illuminate/Routing/Router->dispatch(Object(Illuminate/Http/Request))
#40 C:/Users/Jessa/Downloads/pairfect-paws-web (2)/pairfect-paws-web/vendor/laravel/framework/src/Illuminate/Pipeline/Pipeline.php(180): Illuminate/Foundation/Http/Kernel->Illuminate/Foundation/Http/{closure}(Object(Illuminate/Http/Request))
#41 C:/Users/Jessa/Downloads/pairfect-paws-web (2)/pairfect-paws-web/vendor/laravel/framework/src/Illuminate/Foundation/Http/Middleware/TransformsRequest.php(21): Illuminate/Pipeline/Pipeline->Illuminate/Pipeline/{closure}(Object(Illuminate/Http/Request))
#42 C:/Users/Jessa/Downloads/pairfect-paws-web (2)/pairfect-paws-web/vendor/laravel/framework/src/Illuminate/Foundation/Http/Middleware/ConvertEmptyStringsToNull.php(31): Illuminate/Foundation/Http/Middleware/TransformsRequest->handle(Object(Illuminate/Http/Request), Object(Closure))
#43 C:/Users/Jessa/Downloads/pairfect-paws-web (2)/pairfect-paws-web/vendor/laravel/framework/src/Illuminate/Pipeline/Pipeline.php(219): Illuminate/Foundation/Http/Middleware/ConvertEmptyStringsToNull->handle(Object(Illuminate/Http/Request), Object(Closure))
#44 C:/Users/Jessa/Downloads/pairfect-paws-web (2)/pairfect-paws-web/vendor/laravel/framework/src/Illuminate/Foundation/Http/Middleware/TransformsRequest.php(21): Illuminate/Pipeline/Pipeline->Illuminate/Pipeline/{closure}(Object(Illuminate/Http/Request))
#45 C:/Users/Jessa/Downloads/pairfect-paws-web (2)/pairfect-paws-web/vendor/laravel/framework/src/Illuminate/Foundation/Http/Middleware/TrimStrings.php(51): Illuminate/Foundation/Http/Middleware/TransformsRequest->handle(Object(Illuminate/Http/Request), Object(Closure))
#46 C:/Users/Jessa/Downloads/pairfect-paws-web (2)/pairfect-paws-web/vendor/laravel/framework/src/Illuminate/Pipeline/Pipeline.php(219): Illuminate/Foundation/Http/Middleware/TrimStrings->handle(Object(Illuminate/Http/Request), Object(Closure))
#47 C:/Users/Jessa/Downloads/pairfect-paws-web (2)/pairfect-paws-web/vendor/laravel/framework/src/Illuminate/Http/Middleware/ValidatePostSize.php(27): Illuminate/Pipeline/Pipeline->Illuminate/Pipeline/{closure}(Object(Illuminate/Http/Request))
#48 C:/Users/Jessa/Downloads/pairfect-paws-web (2)/pairfect-paws-web/vendor/laravel/framework/src/Illuminate/Pipeline/Pipeline.php(219): Illuminate/Http/Middleware/ValidatePostSize->handle(Object(Illuminate/Http/Request), Object(Closure))
#49 C:/Users/Jessa/Downloads/pairfect-paws-web (2)/pairfect-paws-web/vendor/laravel/framework/src/Illuminate/Foundation/Http/Middleware/PreventRequestsDuringMaintenance.php(109): Illuminate/Pipeline/Pipeline->Illuminate/Pipeline/{closure}(Object(Illuminate/Http/Request))
#50 C:/Users/Jessa/Downloads/pairfect-paws-web (2)/pairfect-paws-web/vendor/laravel/framework/src/Illuminate/Pipeline/Pipeline.php(219): Illuminate/Foundation/Http/Middleware/PreventRequestsDuringMaintenance->handle(Object(Illuminate/Http/Request), Object(Closure))
#51 C:/Users/Jessa/Downloads/pairfect-paws-web (2)/pairfect-paws-web/vendor/laravel/framework/src/Illuminate/Http/Middleware/HandleCors.php(61): Illuminate/Pipeline/Pipeline->Illuminate/Pipeline/{closure}(Object(Illuminate/Http/Request))
#52 C:/Users/Jessa/Downloads/pairfect-paws-web (2)/pairfect-paws-web/vendor/laravel/framework/src/Illuminate/Pipeline/Pipeline.php(219): Illuminate/Http/Middleware/HandleCors->handle(Object(Illuminate/Http/Request), Object(Closure))
#53 C:/Users/Jessa/Downloads/pairfect-paws-web (2)/pairfect-paws-web/vendor/laravel/framework/src/Illuminate/Http/Middleware/TrustProxies.php(58): Illuminate/Pipeline/Pipeline->Illuminate/Pipeline/{closure}(Object(Illuminate/Http/Request))
#54 C:/Users/Jessa/Downloads/pairfect-paws-web (2)/pairfect-paws-web/vendor/laravel/framework/src/Illuminate/Pipeline/Pipeline.php(219): Illuminate/Http/Middleware/TrustProxies->handle(Object(Illuminate/Http/Request), Object(Closure))
#55 C:/Users/Jessa/Downloads/pairfect-paws-web (2)/pairfect-paws-web/vendor/laravel/framework/src/Illuminate/Foundation/Http/Middleware/InvokeDeferredCallbacks.php(22): Illuminate/Pipeline/Pipeline->Illuminate/Pipeline/{closure}(Object(Illuminate/Http/Request))
#56 C:/Users/Jessa/Downloads/pairfect-paws-web (2)/pairfect-paws-web/vendor/laravel/framework/src/Illuminate/Pipeline/Pipeline.php(219): Illuminate/Foundation/Http/Middleware/InvokeDeferredCallbacks->handle(Object(Illuminate/Http/Request), Object(Closure))
#57 C:/Users/Jessa/Downloads/pairfect-paws-web (2)/pairfect-paws-web/vendor/laravel/framework/src/Illuminate/Http/Middleware/ValidatePathEncoding.php(26): Illuminate/Pipeline/Pipeline->Illuminate/Pipeline/{closure}(Object(Illuminate/Http/Request))
#58 C:/Users/Jessa/Downloads/pairfect-paws-web (2)/pairfect-paws-web/vendor/laravel/framework/src/Illuminate/Pipeline/Pipeline.php(219): Illuminate/Http/Middleware/ValidatePathEncoding->handle(Object(Illuminate/Http/Request), Object(Closure))
#59 C:/Users/Jessa/Downloads/pairfect-paws-web (2)/pairfect-paws-web/vendor/laravel/framework/src/Illuminate/Pipeline/Pipeline.php(137): Illuminate/Pipeline/Pipeline->Illuminate/Pipeline/{closure}(Object(Illuminate/Http/Request))
#60 C:/Users/Jessa/Downloads/pairfect-paws-web (2)/pairfect-paws-web/vendor/laravel/framework/src/Illuminate/Foundation/Http/Kernel.php(175): Illuminate/Pipeline/Pipeline->then(Object(Closure))
#61 C:/Users/Jessa/Downloads/pairfect-paws-web (2)/pairfect-paws-web/vendor/laravel/framework/src/Illuminate/Foundation/Http/Kernel.php(144): Illuminate/Foundation/Http/Kernel->sendRequestThroughRouter(Object(Illuminate/Http/Request))
#62 C:/Users/Jessa/Downloads/pairfect-paws-web (2)/pairfect-paws-web/vendor/laravel/framework/src/Illuminate/Foundation/Application.php(1220): Illuminate/Foundation/Http/Kernel->handle(Object(Illuminate/Http/Request))
#63 C:/Users/Jessa/Downloads/pairfect-paws-web (2)/pairfect-paws-web/public/index.php(18): Illuminate/Foundation/Application->handleRequest(Object(Illuminate/Http/Request))
#64 C:/Users/Jessa/Downloads/pairfect-paws-web (2)/pairfect-paws-web/vendor/laravel/framework/src/Illuminate/Foundation/resources/server.php(23): require_once('C://Users//Jessa//...')
#65 {main}
"} 
[2026-08-05 01:44:47] local.ERROR: Unclosed '[' on line 32 does not match ')' (View: C:\Users\Jessa\Downloads\pairfect-paws-web (2)\pairfect-paws-web\resources\views\admin\volunteer\index.blade.php) {"userId":2,"exception":"[object] (Illuminate\\View\\ViewException(code: 0): Unclosed '[' on line 32 does not match ')' (View: C:\\Users\\Jessa\\Downloads\\pairfect-paws-web (2)\\pairfect-paws-web\\resources\\views\\admin\\volunteer\\index.blade.php) at C:/Users/Jessa/Downloads/pairfect-paws-web (2)/pairfect-paws-web/storage/framework/views/9e2d8e5460f8354eed8ccdcfe3b57311.php:33)
[stacktrace]
#0 C:/Users/Jessa/Downloads/pairfect-paws-web (2)/pairfect-paws-web/vendor/laravel/framework/src/Illuminate/View/Engines/PhpEngine.php(59): Illuminate/View/Engines/CompilerEngine->handleViewException(Object(ParseError), 1)
#1 C:/Users/Jessa/Downloads/pairfect-paws-web (2)/pairfect-paws-web/vendor/laravel/framework/src/Illuminate/View/Engines/CompilerEngine.php(76): Illuminate/View/Engines/PhpEngine->evaluatePath('C://Users//Jessa//...', Array)
#2 C:/Users/Jessa/Downloads/pairfect-paws-web (2)/pairfect-paws-web/vendor/laravel/framework/src/Illuminate/View/View.php(208): Illuminate/View/Engines/CompilerEngine->get('C://Users//Jessa//...', Array)
#3 C:/Users/Jessa/Downloads/pairfect-paws-web (2)/pairfect-paws-web/vendor/laravel/framework/src/Illuminate/View/View.php(191): Illuminate/View/View->getContents()
#4 C:/Users/Jessa/Downloads/pairfect-paws-web (2)/pairfect-paws-web/vendor/laravel/framework/src/Illuminate/View/View.php(160): Illuminate/View/View->renderContents()
#5 C:/Users/Jessa/Downloads/pairfect-paws-web (2)/pairfect-paws-web/vendor/laravel/framework/src/Illuminate/Http/Response.php(78): Illuminate/View/View->render()
#6 C:/Users/Jessa/Downloads/pairfect-paws-web (2)/pairfect-paws-web/vendor/laravel/framework/src/Illuminate/Http/Response.php(34): Illuminate/Http/Response->setContent(Object(Illuminate/View/View))
#7 C:/Users/Jessa/Downloads/pairfect-paws-web (2)/pairfect-paws-web/vendor/laravel/framework/src/Illuminate/Routing/Router.php(939): Illuminate/Http/Response->__construct(Object(Illuminate/View/View), 200, Array)
#8 C:/Users/Jessa/Downloads/pairfect-paws-web (2)/pairfect-paws-web/vendor/laravel/framework/src/Illuminate/Routing/Router.php(906): Illuminate/Routing/Router::toResponse(Object(Illuminate/Http/Request), Object(Illuminate/View/View))
#9 C:/Users/Jessa/Downloads/pairfect-paws-web (2)/pairfect-paws-web/vendor/laravel/framework/src/Illuminate/Routing/Router.php(821): Illuminate/Routing/Router->prepareResponse(Object(Illuminate/Http/Request), Object(Illuminate/View/View))
#10 C:/Users/Jessa/Downloads/pairfect-paws-web (2)/pairfect-paws-web/vendor/laravel/framework/src/Illuminate/Pipeline/Pipeline.php(180): Illuminate/Routing/Router->Illuminate/Routing/{closure}(Object(Illuminate/Http/Request))
#11 C:/Users/Jessa/Downloads/pairfect-paws-web (2)/pairfect-paws-web/app/Http/Middleware/EnsureUserIsStaff.php(32): Illuminate/Pipeline/Pipeline->Illuminate/Pipeline/{closure}(Object(Illuminate/Http/Request))
#12 C:/Users/Jessa/Downloads/pairfect-paws-web (2)/pairfect-paws-web/vendor/laravel/framework/src/Illuminate/Pipeline/Pipeline.php(219): App/Http/Middleware/EnsureUserIsStaff->handle(Object(Illuminate/Http/Request), Object(Closure))
#13 C:/Users/Jessa/Downloads/pairfect-paws-web (2)/pairfect-paws-web/app/Http/Middleware/SecurityHeaders.php(19): Illuminate/Pipeline/Pipeline->Illuminate/Pipeline/{closure}(Object(Illuminate/Http/Request))
#14 C:/Users/Jessa/Downloads/pairfect-paws-web (2)/pairfect-paws-web/vendor/laravel/framework/src/Illuminate/Pipeline/Pipeline.php(219): App/Http/Middleware/SecurityHeaders->handle(Object(Illuminate/Http/Request), Object(Closure))
#15 C:/Users/Jessa/Downloads/pairfect-paws-web (2)/pairfect-paws-web/vendor/laravel/framework/src/Illuminate/Routing/Middleware/SubstituteBindings.php(50): Illuminate/Pipeline/Pipeline->Illuminate/Pipeline/{closure}(Object(Illuminate/Http/Request))
#16 C:/Users/Jessa/Downloads/pairfect-paws-web (2)/pairfect-paws-web/vendor/laravel/framework/src/Illuminate/Pipeline/Pipeline.php(219): Illuminate/Routing/Middleware/SubstituteBindings->handle(Object(Illuminate/Http/Request), Object(Closure))
#17 C:/Users/Jessa/Downloads/pairfect-paws-web (2)/pairfect-paws-web/vendor/laravel/framework/src/Illuminate/Auth/Middleware/Authenticate.php(63): Illuminate/Pipeline/Pipeline->Illuminate/Pipeline/{closure}(Object(Illuminate/Http/Request))
#18 C:/Users/Jessa/Downloads/pairfect-paws-web (2)/pairfect-paws-web/vendor/laravel/framework/src/Illuminate/Pipeline/Pipeline.php(219): Illuminate/Auth/Middleware/Authenticate->handle(Object(Illuminate/Http/Request), Object(Closure))
#19 C:/Users/Jessa/Downloads/pairfect-paws-web (2)/pairfect-paws-web/vendor/laravel/framework/src/Illuminate/Foundation/Http/Middleware/VerifyCsrfToken.php(87): Illuminate/Pipeline/Pipeline->Illuminate/Pipeline/{closure}(Object(Illuminate/Http/Request))
#20 C:/Users/Jessa/Downloads/pairfect-paws-web (2)/pairfect-paws-web/vendor/laravel/framework/src/Illuminate/Pipeline/Pipeline.php(219): Illuminate/Foundation/Http/Middleware/VerifyCsrfToken->handle(Object(Illuminate/Http/Request), Object(Closure))
#21 C:/Users/Jessa/Downloads/pairfect-paws-web (2)/pairfect-paws-web/vendor/laravel/framework/src/Illuminate/View/Middleware/ShareErrorsFromSession.php(48): Illuminate/Pipeline/Pipeline->Illuminate/Pipeline/{closure}(Object(Illuminate/Http/Request))
#22 C:/Users/Jessa/Downloads/pairfect-paws-web (2)/pairfect-paws-web/vendor/laravel/framework/src/Illuminate/Pipeline/Pipeline.php(219): Illuminate/View/Middleware/ShareErrorsFromSession->handle(Object(Illuminate/Http/Request), Object(Closure))
#23 C:/Users/Jessa/Downloads/pairfect-paws-web (2)/pairfect-paws-web/vendor/laravel/framework/src/Illuminate/Session/Middleware/StartSession.php(120): Illuminate/Pipeline/Pipeline->Illuminate/Pipeline/{closure}(Object(Illuminate/Http/Request))
#24 C:/Users/Jessa/Downloads/pairfect-paws-web (2)/pairfect-paws-web/vendor/laravel/framework/src/Illuminate/Session/Middleware/StartSession.php(63): Illuminate/Session/Middleware/StartSession->handleStatefulRequest(Object(Illuminate/Http/Request), Object(Illuminate/Session/EncryptedStore), Object(Closure))
#25 C:/Users/Jessa/Downloads/pairfect-paws-web (2)/pairfect-paws-web/vendor/laravel/framework/src/Illuminate/Pipeline/Pipeline.php(219): Illuminate/Session/Middleware/StartSession->handle(Object(Illuminate/Http/Request), Object(Closure))
#26 C:/Users/Jessa/Downloads/pairfect-paws-web (2)/pairfect-paws-web/vendor/laravel/framework/src/Illuminate/Cookie/Middleware/AddQueuedCookiesToResponse.php(36): Illuminate/Pipeline/Pipeline->Illuminate/Pipeline/{closure}(Object(Illuminate/Http/Request))
#27 C:/Users/Jessa/Downloads/pairfect-paws-web (2)/pairfect-paws-web/vendor/laravel/framework/src/Illuminate/Pipeline/Pipeline.php(219): Illuminate/Cookie/Middleware/AddQueuedCookiesToResponse->handle(Object(Illuminate/Http/Request), Object(Closure))
#28 C:/Users/Jessa/Downloads/pairfect-paws-web (2)/pairfect-paws-web/vendor/laravel/framework/src/Illuminate/Cookie/Middleware/EncryptCookies.php(74): Illuminate/Pipeline/Pipeline->Illuminate/Pipeline/{closure}(Object(Illuminate/Http/Request))
#29 C:/Users/Jessa/Downloads/pairfect-paws-web (2)/pairfect-paws-web/vendor/laravel/framework/src/Illuminate/Pipeline/Pipeline.php(219): Illuminate/Cookie/Middleware/EncryptCookies->handle(Object(Illuminate/Http/Request), Object(Closure))
#30 C:/Users/Jessa/Downloads/pairfect-paws-web (2)/pairfect-paws-web/vendor/laravel/framework/src/Illuminate/Pipeline/Pipeline.php(137): Illuminate/Pipeline/Pipeline->Illuminate/Pipeline/{closure}(Object(Illuminate/Http/Request))
#31 C:/Users/Jessa/Downloads/pairfect-paws-web (2)/pairfect-paws-web/vendor/laravel/framework/src/Illuminate/Routing/Router.php(821): Illuminate/Pipeline/Pipeline->then(Object(Closure))
#32 C:/Users/Jessa/Downloads/pairfect-paws-web (2)/pairfect-paws-web/vendor/laravel/framework/src/Illuminate/Routing/Router.php(800): Illuminate/Routing/Router->runRouteWithinStack(Object(Illuminate/Routing/Route), Object(Illuminate/Http/Request))
#33 C:/Users/Jessa/Downloads/pairfect-paws-web (2)/pairfect-paws-web/vendor/laravel/framework/src/Illuminate/Routing/Router.php(764): Illuminate/Routing/Router->runRoute(Object(Illuminate/Http/Request), Object(Illuminate/Routing/Route))
#34 C:/Users/Jessa/Downloads/pairfect-paws-web (2)/pairfect-paws-web/vendor/laravel/framework/src/Illuminate/Routing/Router.php(753): Illuminate/Routing/Router->dispatchToRoute(Object(Illuminate/Http/Request))
#35 C:/Users/Jessa/Downloads/pairfect-paws-web (2)/pairfect-paws-web/vendor/laravel/framework/src/Illuminate/Foundation/Http/Kernel.php(200): Illuminate/Routing/Router->dispatch(Object(Illuminate/Http/Request))
#36 C:/Users/Jessa/Downloads/pairfect-paws-web (2)/pairfect-paws-web/vendor/laravel/framework/src/Illuminate/Pipeline/Pipeline.php(180): Illuminate/Foundation/Http/Kernel->Illuminate/Foundation/Http/{closure}(Object(Illuminate/Http/Request))
#37 C:/Users/Jessa/Downloads/pairfect-paws-web (2)/pairfect-paws-web/vendor/laravel/framework/src/Illuminate/Foundation/Http/Middleware/TransformsRequest.php(21): Illuminate/Pipeline/Pipeline->Illuminate/Pipeline/{closure}(Object(Illuminate/Http/Request))
#38 C:/Users/Jessa/Downloads/pairfect-paws-web (2)/pairfect-paws-web/vendor/laravel/framework/src/Illuminate/Foundation/Http/Middleware/ConvertEmptyStringsToNull.php(31): Illuminate/Foundation/Http/Middleware/TransformsRequest->handle(Object(Illuminate/Http/Request), Object(Closure))
#39 C:/Users/Jessa/Downloads/pairfect-paws-web (2)/pairfect-paws-web/vendor/laravel/framework/src/Illuminate/Pipeline/Pipeline.php(219): Illuminate/Foundation/Http/Middleware/ConvertEmptyStringsToNull->handle(Object(Illuminate/Http/Request), Object(Closure))
#40 C:/Users/Jessa/Downloads/pairfect-paws-web (2)/pairfect-paws-web/vendor/laravel/framework/src/Illuminate/Foundation/Http/Middleware/TransformsRequest.php(21): Illuminate/Pipeline/Pipeline->Illuminate/Pipeline/{closure}(Object(Illuminate/Http/Request))
#41 C:/Users/Jessa/Downloads/pairfect-paws-web (2)/pairfect-paws-web/vendor/laravel/framework/src/Illuminate/Foundation/Http/Middleware/TrimStrings.php(51): Illuminate/Foundation/Http/Middleware/TransformsRequest->handle(Object(Illuminate/Http/Request), Object(Closure))
#42 C:/Users/Jessa/Downloads/pairfect-paws-web (2)/pairfect-paws-web/vendor/laravel/framework/src/Illuminate/Pipeline/Pipeline.php(219): Illuminate/Foundation/Http/Middleware/TrimStrings->handle(Object(Illuminate/Http/Request), Object(Closure))
#43 C:/Users/Jessa/Downloads/pairfect-paws-web (2)/pairfect-paws-web/vendor/laravel/framework/src/Illuminate/Http/Middleware/ValidatePostSize.php(27): Illuminate/Pipeline/Pipeline->Illuminate/Pipeline/{closure}(Object(Illuminate/Http/Request))
#44 C:/Users/Jessa/Downloads/pairfect-paws-web (2)/pairfect-paws-web/vendor/laravel/framework/src/Illuminate/Pipeline/Pipeline.php(219): Illuminate/Http/Middleware/ValidatePostSize->handle(Object(Illuminate/Http/Request), Object(Closure))
#45 C:/Users/Jessa/Downloads/pairfect-paws-web (2)/pairfect-paws-web/vendor/laravel/framework/src/Illuminate/Foundation/Http/Middleware/PreventRequestsDuringMaintenance.php(109): Illuminate/Pipeline/Pipeline->Illuminate/Pipeline/{closure}(Object(Illuminate/Http/Request))
#46 C:/Users/Jessa/Downloads/pairfect-paws-web (2)/pairfect-paws-web/vendor/laravel/framework/src/Illuminate/Pipeline/Pipeline.php(219): Illuminate/Foundation/Http/Middleware/PreventRequestsDuringMaintenance->handle(Object(Illuminate/Http/Request), Object(Closure))
#47 C:/Users/Jessa/Downloads/pairfect-paws-web (2)/pairfect-paws-web/vendor/laravel/framework/src/Illuminate/Http/Middleware/HandleCors.php(61): Illuminate/Pipeline/Pipeline->Illuminate/Pipeline/{closure}(Object(Illuminate/Http/Request))
#48 C:/Users/Jessa/Downloads/pairfect-paws-web (2)/pairfect-paws-web/vendor/laravel/framework/src/Illuminate/Pipeline/Pipeline.php(219): Illuminate/Http/Middleware/HandleCors->handle(Object(Illuminate/Http/Request), Object(Closure))
#49 C:/Users/Jessa/Downloads/pairfect-paws-web (2)/pairfect-paws-web/vendor/laravel/framework/src/Illuminate/Http/Middleware/TrustProxies.php(58): Illuminate/Pipeline/Pipeline->Illuminate/Pipeline/{closure}(Object(Illuminate/Http/Request))
#50 C:/Users/Jessa/Downloads/pairfect-paws-web (2)/pairfect-paws-web/vendor/laravel/framework/src/Illuminate/Pipeline/Pipeline.php(219): Illuminate/Http/Middleware/TrustProxies->handle(Object(Illuminate/Http/Request), Object(Closure))
#51 C:/Users/Jessa/Downloads/pairfect-paws-web (2)/pairfect-paws-web/vendor/laravel/framework/src/Illuminate/Foundation/Http/Middleware/InvokeDeferredCallbacks.php(22): Illuminate/Pipeline/Pipeline->Illuminate/Pipeline/{closure}(Object(Illuminate/Http/Request))
#52 C:/Users/Jessa/Downloads/pairfect-paws-web (2)/pairfect-paws-web/vendor/laravel/framework/src/Illuminate/Pipeline/Pipeline.php(219): Illuminate/Foundation/Http/Middleware/InvokeDeferredCallbacks->handle(Object(Illuminate/Http/Request), Object(Closure))
#53 C:/Users/Jessa/Downloads/pairfect-paws-web (2)/pairfect-paws-web/vendor/laravel/framework/src/Illuminate/Http/Middleware/ValidatePathEncoding.php(26): Illuminate/Pipeline/Pipeline->Illuminate/Pipeline/{closure}(Object(Illuminate/Http/Request))
#54 C:/Users/Jessa/Downloads/pairfect-paws-web (2)/pairfect-paws-web/vendor/laravel/framework/src/Illuminate/Pipeline/Pipeline.php(219): Illuminate/Http/Middleware/ValidatePathEncoding->handle(Object(Illuminate/Http/Request), Object(Closure))
#55 C:/Users/Jessa/Downloads/pairfect-paws-web (2)/pairfect-paws-web/vendor/laravel/framework/src/Illuminate/Pipeline/Pipeline.php(137): Illuminate/Pipeline/Pipeline->Illuminate/Pipeline/{closure}(Object(Illuminate/Http/Request))
#56 C:/Users/Jessa/Downloads/pairfect-paws-web (2)/pairfect-paws-web/vendor/laravel/framework/src/Illuminate/Foundation/Http/Kernel.php(175): Illuminate/Pipeline/Pipeline->then(Object(Closure))
#57 C:/Users/Jessa/Downloads/pairfect-paws-web (2)/pairfect-paws-web/vendor/laravel/framework/src/Illuminate/Foundation/Http/Kernel.php(144): Illuminate/Foundation/Http/Kernel->sendRequestThroughRouter(Object(Illuminate/Http/Request))
#58 C:/Users/Jessa/Downloads/pairfect-paws-web (2)/pairfect-paws-web/vendor/laravel/framework/src/Illuminate/Foundation/Application.php(1220): Illuminate/Foundation/Http/Kernel->handle(Object(Illuminate/Http/Request))
#59 C:/Users/Jessa/Downloads/pairfect-paws-web (2)/pairfect-paws-web/public/index.php(18): Illuminate/Foundation/Application->handleRequest(Object(Illuminate/Http/Request))
#60 C:/Users/Jessa/Downloads/pairfect-paws-web (2)/pairfect-paws-web/vendor/laravel/framework/src/Illuminate/Foundation/resources/server.php(23): require_once('C://Users//Jessa//...')
#61 {main}

[previous exception] [object] (ParseError(code: 0): Unclosed '[' on line 32 does not match ')' at C:/Users/Jessa/Downloads/pairfect-paws-web (2)/pairfect-paws-web/storage/framework/views/9e2d8e5460f8354eed8ccdcfe3b57311.php:33)
[stacktrace]
#0 C:/Users/Jessa/Downloads/pairfect-paws-web (2)/pairfect-paws-web/vendor/laravel/framework/src/Illuminate/Filesystem/Filesystem.php(124): Illuminate/Filesystem/Filesystem::Illuminate/Filesystem/{closure}()
#1 C:/Users/Jessa/Downloads/pairfect-paws-web (2)/pairfect-paws-web/vendor/laravel/framework/src/Illuminate/View/Engines/PhpEngine.php(57): Illuminate/Filesystem/Filesystem->getRequire('C://Users//Jessa//...', Array)
#2 C:/Users/Jessa/Downloads/pairfect-paws-web (2)/pairfect-paws-web/vendor/laravel/framework/src/Illuminate/View/Engines/CompilerEngine.php(76): Illuminate/View/Engines/PhpEngine->evaluatePath('C://Users//Jessa//...', Array)
#3 C:/Users/Jessa/Downloads/pairfect-paws-web (2)/pairfect-paws-web/vendor/laravel/framework/src/Illuminate/View/View.php(208): Illuminate/View/Engines/CompilerEngine->get('C://Users//Jessa//...', Array)
#4 C:/Users/Jessa/Downloads/pairfect-paws-web (2)/pairfect-paws-web/vendor/laravel/framework/src/Illuminate/View/View.php(191): Illuminate/View/View->getContents()
#5 C:/Users/Jessa/Downloads/pairfect-paws-web (2)/pairfect-paws-web/vendor/laravel/framework/src/Illuminate/View/View.php(160): Illuminate/View/View->renderContents()
#6 C:/Users/Jessa/Downloads/pairfect-paws-web (2)/pairfect-paws-web/vendor/laravel/framework/src/Illuminate/Http/Response.php(78): Illuminate/View/View->render()
#7 C:/Users/Jessa/Downloads/pairfect-paws-web (2)/pairfect-paws-web/vendor/laravel/framework/src/Illuminate/Http/Response.php(34): Illuminate/Http/Response->setContent(Object(Illuminate/View/View))
#8 C:/Users/Jessa/Downloads/pairfect-paws-web (2)/pairfect-paws-web/vendor/laravel/framework/src/Illuminate/Routing/Router.php(939): Illuminate/Http/Response->__construct(Object(Illuminate/View/View), 200, Array)
#9 C:/Users/Jessa/Downloads/pairfect-paws-web (2)/pairfect-paws-web/vendor/laravel/framework/src/Illuminate/Routing/Router.php(906): Illuminate/Routing/Router::toResponse(Object(Illuminate/Http/Request), Object(Illuminate/View/View))
#10 C:/Users/Jessa/Downloads/pairfect-paws-web (2)/pairfect-paws-web/vendor/laravel/framework/src/Illuminate/Routing/Router.php(821): Illuminate/Routing/Router->prepareResponse(Object(Illuminate/Http/Request), Object(Illuminate/View/View))
#11 C:/Users/Jessa/Downloads/pairfect-paws-web (2)/pairfect-paws-web/vendor/laravel/framework/src/Illuminate/Pipeline/Pipeline.php(180): Illuminate/Routing/Router->Illuminate/Routing/{closure}(Object(Illuminate/Http/Request))
#12 C:/Users/Jessa/Downloads/pairfect-paws-web (2)/pairfect-paws-web/app/Http/Middleware/EnsureUserIsStaff.php(32): Illuminate/Pipeline/Pipeline->Illuminate/Pipeline/{closure}(Object(Illuminate/Http/Request))
#13 C:/Users/Jessa/Downloads/pairfect-paws-web (2)/pairfect-paws-web/vendor/laravel/framework/src/Illuminate/Pipeline/Pipeline.php(219): App/Http/Middleware/EnsureUserIsStaff->handle(Object(Illuminate/Http/Request), Object(Closure))
#14 C:/Users/Jessa/Downloads/pairfect-paws-web (2)/pairfect-paws-web/app/Http/Middleware/SecurityHeaders.php(19): Illuminate/Pipeline/Pipeline->Illuminate/Pipeline/{closure}(Object(Illuminate/Http/Request))
#15 C:/Users/Jessa/Downloads/pairfect-paws-web (2)/pairfect-paws-web/vendor/laravel/framework/src/Illuminate/Pipeline/Pipeline.php(219): App/Http/Middleware/SecurityHeaders->handle(Object(Illuminate/Http/Request), Object(Closure))
#16 C:/Users/Jessa/Downloads/pairfect-paws-web (2)/pairfect-paws-web/vendor/laravel/framework/src/Illuminate/Routing/Middleware/SubstituteBindings.php(50): Illuminate/Pipeline/Pipeline->Illuminate/Pipeline/{closure}(Object(Illuminate/Http/Request))
#17 C:/Users/Jessa/Downloads/pairfect-paws-web (2)/pairfect-paws-web/vendor/laravel/framework/src/Illuminate/Pipeline/Pipeline.php(219): Illuminate/Routing/Middleware/SubstituteBindings->handle(Object(Illuminate/Http/Request), Object(Closure))
#18 C:/Users/Jessa/Downloads/pairfect-paws-web (2)/pairfect-paws-web/vendor/laravel/framework/src/Illuminate/Auth/Middleware/Authenticate.php(63): Illuminate/Pipeline/Pipeline->Illuminate/Pipeline/{closure}(Object(Illuminate/Http/Request))
#19 C:/Users/Jessa/Downloads/pairfect-paws-web (2)/pairfect-paws-web/vendor/laravel/framework/src/Illuminate/Pipeline/Pipeline.php(219): Illuminate/Auth/Middleware/Authenticate->handle(Object(Illuminate/Http/Request), Object(Closure))
#20 C:/Users/Jessa/Downloads/pairfect-paws-web (2)/pairfect-paws-web/vendor/laravel/framework/src/Illuminate/Foundation/Http/Middleware/VerifyCsrfToken.php(87): Illuminate/Pipeline/Pipeline->Illuminate/Pipeline/{closure}(Object(Illuminate/Http/Request))
#21 C:/Users/Jessa/Downloads/pairfect-paws-web (2)/pairfect-paws-web/vendor/laravel/framework/src/Illuminate/Pipeline/Pipeline.php(219): Illuminate/Foundation/Http/Middleware/VerifyCsrfToken->handle(Object(Illuminate/Http/Request), Object(Closure))
#22 C:/Users/Jessa/Downloads/pairfect-paws-web (2)/pairfect-paws-web/vendor/laravel/framework/src/Illuminate/View/Middleware/ShareErrorsFromSession.php(48): Illuminate/Pipeline/Pipeline->Illuminate/Pipeline/{closure}(Object(Illuminate/Http/Request))
#23 C:/Users/Jessa/Downloads/pairfect-paws-web (2)/pairfect-paws-web/vendor/laravel/framework/src/Illuminate/Pipeline/Pipeline.php(219): Illuminate/View/Middleware/ShareErrorsFromSession->handle(Object(Illuminate/Http/Request), Object(Closure))
#24 C:/Users/Jessa/Downloads/pairfect-paws-web (2)/pairfect-paws-web/vendor/laravel/framework/src/Illuminate/Session/Middleware/StartSession.php(120): Illuminate/Pipeline/Pipeline->Illuminate/Pipeline/{closure}(Object(Illuminate/Http/Request))
#25 C:/Users/Jessa/Downloads/pairfect-paws-web (2)/pairfect-paws-web/vendor/laravel/framework/src/Illuminate/Session/Middleware/StartSession.php(63): Illuminate/Session/Middleware/StartSession->handleStatefulRequest(Object(Illuminate/Http/Request), Object(Illuminate/Session/EncryptedStore), Object(Closure))
#26 C:/Users/Jessa/Downloads/pairfect-paws-web (2)/pairfect-paws-web/vendor/laravel/framework/src/Illuminate/Pipeline/Pipeline.php(219): Illuminate/Session/Middleware/StartSession->handle(Object(Illuminate/Http/Request), Object(Closure))
#27 C:/Users/Jessa/Downloads/pairfect-paws-web (2)/pairfect-paws-web/vendor/laravel/framework/src/Illuminate/Cookie/Middleware/AddQueuedCookiesToResponse.php(36): Illuminate/Pipeline/Pipeline->Illuminate/Pipeline/{closure}(Object(Illuminate/Http/Request))
#28 C:/Users/Jessa/Downloads/pairfect-paws-web (2)/pairfect-paws-web/vendor/laravel/framework/src/Illuminate/Pipeline/Pipeline.php(219): Illuminate/Cookie/Middleware/AddQueuedCookiesToResponse->handle(Object(Illuminate/Http/Request), Object(Closure))
#29 C:/Users/Jessa/Downloads/pairfect-paws-web (2)/pairfect-paws-web/vendor/laravel/framework/src/Illuminate/Cookie/Middleware/EncryptCookies.php(74): Illuminate/Pipeline/Pipeline->Illuminate/Pipeline/{closure}(Object(Illuminate/Http/Request))
#30 C:/Users/Jessa/Downloads/pairfect-paws-web (2)/pairfect-paws-web/vendor/laravel/framework/src/Illuminate/Pipeline/Pipeline.php(219): Illuminate/Cookie/Middleware/EncryptCookies->handle(Object(Illuminate/Http/Request), Object(Closure))
#31 C:/Users/Jessa/Downloads/pairfect-paws-web (2)/pairfect-paws-web/vendor/laravel/framework/src/Illuminate/Pipeline/Pipeline.php(137): Illuminate/Pipeline/Pipeline->Illuminate/Pipeline/{closure}(Object(Illuminate/Http/Request))
#32 C:/Users/Jessa/Downloads/pairfect-paws-web (2)/pairfect-paws-web/vendor/laravel/framework/src/Illuminate/Routing/Router.php(821): Illuminate/Pipeline/Pipeline->then(Object(Closure))
#33 C:/Users/Jessa/Downloads/pairfect-paws-web (2)/pairfect-paws-web/vendor/laravel/framework/src/Illuminate/Routing/Router.php(800): Illuminate/Routing/Router->runRouteWithinStack(Object(Illuminate/Routing/Route), Object(Illuminate/Http/Request))
#34 C:/Users/Jessa/Downloads/pairfect-paws-web (2)/pairfect-paws-web/vendor/laravel/framework/src/Illuminate/Routing/Router.php(764): Illuminate/Routing/Router->runRoute(Object(Illuminate/Http/Request), Object(Illuminate/Routing/Route))
#35 C:/Users/Jessa/Downloads/pairfect-paws-web (2)/pairfect-paws-web/vendor/laravel/framework/src/Illuminate/Routing/Router.php(753): Illuminate/Routing/Router->dispatchToRoute(Object(Illuminate/Http/Request))
#36 C:/Users/Jessa/Downloads/pairfect-paws-web (2)/pairfect-paws-web/vendor/laravel/framework/src/Illuminate/Foundation/Http/Kernel.php(200): Illuminate/Routing/Router->dispatch(Object(Illuminate/Http/Request))
#37 C:/Users/Jessa/Downloads/pairfect-paws-web (2)/pairfect-paws-web/vendor/laravel/framework/src/Illuminate/Pipeline/Pipeline.php(180): Illuminate/Foundation/Http/Kernel->Illuminate/Foundation/Http/{closure}(Object(Illuminate/Http/Request))
#38 C:/Users/Jessa/Downloads/pairfect-paws-web (2)/pairfect-paws-web/vendor/laravel/framework/src/Illuminate/Foundation/Http/Middleware/TransformsRequest.php(21): Illuminate/Pipeline/Pipeline->Illuminate/Pipeline/{closure}(Object(Illuminate/Http/Request))
#39 C:/Users/Jessa/Downloads/pairfect-paws-web (2)/pairfect-paws-web/vendor/laravel/framework/src/Illuminate/Foundation/Http/Middleware/ConvertEmptyStringsToNull.php(31): Illuminate/Foundation/Http/Middleware/TransformsRequest->handle(Object(Illuminate/Http/Request), Object(Closure))
#40 C:/Users/Jessa/Downloads/pairfect-paws-web (2)/pairfect-paws-web/vendor/laravel/framework/src/Illuminate/Pipeline/Pipeline.php(219): Illuminate/Foundation/Http/Middleware/ConvertEmptyStringsToNull->handle(Object(Illuminate/Http/Request), Object(Closure))
#41 C:/Users/Jessa/Downloads/pairfect-paws-web (2)/pairfect-paws-web/vendor/laravel/framework/src/Illuminate/Foundation/Http/Middleware/TransformsRequest.php(21): Illuminate/Pipeline/Pipeline->Illuminate/Pipeline/{closure}(Object(Illuminate/Http/Request))
#42 C:/Users/Jessa/Downloads/pairfect-paws-web (2)/pairfect-paws-web/vendor/laravel/framework/src/Illuminate/Foundation/Http/Middleware/TrimStrings.php(51): Illuminate/Foundation/Http/Middleware/TransformsRequest->handle(Object(Illuminate/Http/Request), Object(Closure))
#43 C:/Users/Jessa/Downloads/pairfect-paws-web (2)/pairfect-paws-web/vendor/laravel/framework/src/Illuminate/Pipeline/Pipeline.php(219): Illuminate/Foundation/Http/Middleware/TrimStrings->handle(Object(Illuminate/Http/Request), Object(Closure))
#44 C:/Users/Jessa/Downloads/pairfect-paws-web (2)/pairfect-paws-web/vendor/laravel/framework/src/Illuminate/Http/Middleware/ValidatePostSize.php(27): Illuminate/Pipeline/Pipeline->Illuminate/Pipeline/{closure}(Object(Illuminate/Http/Request))
#45 C:/Users/Jessa/Downloads/pairfect-paws-web (2)/pairfect-paws-web/vendor/laravel/framework/src/Illuminate/Pipeline/Pipeline.php(219): Illuminate/Http/Middleware/ValidatePostSize->handle(Object(Illuminate/Http/Request), Object(Closure))
#46 C:/Users/Jessa/Downloads/pairfect-paws-web (2)/pairfect-paws-web/vendor/laravel/framework/src/Illuminate/Foundation/Http/Middleware/PreventRequestsDuringMaintenance.php(109): Illuminate/Pipeline/Pipeline->Illuminate/Pipeline/{closure}(Object(Illuminate/Http/Request))
#47 C:/Users/Jessa/Downloads/pairfect-paws-web (2)/pairfect-paws-web/vendor/laravel/framework/src/Illuminate/Pipeline/Pipeline.php(219): Illuminate/Foundation/Http/Middleware/PreventRequestsDuringMaintenance->handle(Object(Illuminate/Http/Request), Object(Closure))
#48 C:/Users/Jessa/Downloads/pairfect-paws-web (2)/pairfect-paws-web/vendor/laravel/framework/src/Illuminate/Http/Middleware/HandleCors.php(61): Illuminate/Pipeline/Pipeline->Illuminate/Pipeline/{closure}(Object(Illuminate/Http/Request))
#49 C:/Users/Jessa/Downloads/pairfect-paws-web (2)/pairfect-paws-web/vendor/laravel/framework/src/Illuminate/Pipeline/Pipeline.php(219): Illuminate/Http/Middleware/HandleCors->handle(Object(Illuminate/Http/Request), Object(Closure))
#50 C:/Users/Jessa/Downloads/pairfect-paws-web (2)/pairfect-paws-web/vendor/laravel/framework/src/Illuminate/Http/Middleware/TrustProxies.php(58): Illuminate/Pipeline/Pipeline->Illuminate/Pipeline/{closure}(Object(Illuminate/Http/Request))
#51 C:/Users/Jessa/Downloads/pairfect-paws-web (2)/pairfect-paws-web/vendor/laravel/framework/src/Illuminate/Pipeline/Pipeline.php(219): Illuminate/Http/Middleware/TrustProxies->handle(Object(Illuminate/Http/Request), Object(Closure))
#52 C:/Users/Jessa/Downloads/pairfect-paws-web (2)/pairfect-paws-web/vendor/laravel/framework/src/Illuminate/Foundation/Http/Middleware/InvokeDeferredCallbacks.php(22): Illuminate/Pipeline/Pipeline->Illuminate/Pipeline/{closure}(Object(Illuminate/Http/Request))
#53 C:/Users/Jessa/Downloads/pairfect-paws-web (2)/pairfect-paws-web/vendor/laravel/framework/src/Illuminate/Pipeline/Pipeline.php(219): Illuminate/Foundation/Http/Middleware/InvokeDeferredCallbacks->handle(Object(Illuminate/Http/Request), Object(Closure))
#54 C:/Users/Jessa/Downloads/pairfect-paws-web (2)/pairfect-paws-web/vendor/laravel/framework/src/Illuminate/Http/Middleware/ValidatePathEncoding.php(26): Illuminate/Pipeline/Pipeline->Illuminate/Pipeline/{closure}(Object(Illuminate/Http/Request))
#55 C:/Users/Jessa/Downloads/pairfect-paws-web (2)/pairfect-paws-web/vendor/laravel/framework/src/Illuminate/Pipeline/Pipeline.php(219): Illuminate/Http/Middleware/ValidatePathEncoding->handle(Object(Illuminate/Http/Request), Object(Closure))
#56 C:/Users/Jessa/Downloads/pairfect-paws-web (2)/pairfect-paws-web/vendor/laravel/framework/src/Illuminate/Pipeline/Pipeline.php(137): Illuminate/Pipeline/Pipeline->Illuminate/Pipeline/{closure}(Object(Illuminate/Http/Request))
#57 C:/Users/Jessa/Downloads/pairfect-paws-web (2)/pairfect-paws-web/vendor/laravel/framework/src/Illuminate/Foundation/Http/Kernel.php(175): Illuminate/Pipeline/Pipeline->then(Object(Closure))
#58 C:/Users/Jessa/Downloads/pairfect-paws-web (2)/pairfect-paws-web/vendor/laravel/framework/src/Illuminate/Foundation/Http/Kernel.php(144): Illuminate/Foundation/Http/Kernel->sendRequestThroughRouter(Object(Illuminate/Http/Request))
#59 C:/Users/Jessa/Downloads/pairfect-paws-web (2)/pairfect-paws-web/vendor/laravel/framework/src/Illuminate/Foundation/Application.php(1220): Illuminate/Foundation/Http/Kernel->handle(Object(Illuminate/Http/Request))
#60 C:/Users/Jessa/Downloads/pairfect-paws-web (2)/pairfect-paws-web/public/index.php(18): Illuminate/Foundation/Application->handleRequest(Object(Illuminate/Http/Request))
#61 C:/Users/Jessa/Downloads/pairfect-paws-web (2)/pairfect-paws-web/vendor/laravel/framework/src/Illuminate/Foundation/resources/server.php(23): require_once('C://Users//Jessa//...')
#62 {main}
"} 
